{
  "note": "A jabberwock, much like that.",
  "id": "mon_ayenel",
  "type": "MONSTER",
  "name": "ayenel",
  "description": "A walking flesh sentinel, with huge, sharp blade hanging from its predominant eye. Its extra appendages hang without a certain function.",
  "default_faction": "ayenel",
  "species": [
    "ABERRATION",
    "SECROSPEC"
  ],
  "diff": 10,
  "volume": "875000 ml",
  "weight": 200000,
  "hp": 535,
  "speed": 75,
  "material": [
    "flesh",
    "bone"
  ],
  "symbol": "⒪",
  "color": "light_red",
  "aggression": 100,
  "morale": 100,
  "melee_skill": 8,
  "melee_dice": 4,
  "melee_dice_sides": 8,
  "melee_cut": 4,
  "attack_cost": 200,
  "dodge": 2,
  "harvest": "zombie",
  "melee_damage": [
    { "damage_type": "cut", "amount": 11 }
  ],
  "armor_bash": 8,
  "armor_cut": 14,
  "armor_acid": 1,
  "special_attacks": [
    [ "ayenel_swing", 18 ],
    [ "ayenel_bitedown", 26 ],
    {
      "type": "spell",
      "spell_data": { "id": "mon_ayenel_locko_v" },
      "cooldown": 148,
      "monster_message": "<color_yellow>%1$s glares at %3$s with pure malice!</color>"
    }
  ],
  "death_function": [
    "NORMAL"
  ],
  "flags": [
    "SEES",
    "STUMBLES",
    "WARM",
    "BASHES",
    "POISON",
    "ATTACKMON",
    "NO_BREATHE",
    "BONES",
    "FAT",
    "PUSH_MON"
  ]
}
