{
  "id": "mon_fleshweaver",
  "looks_like": "mon_kreck",
  "type": "MONSTER",
  "name": "flesh weaver",
  "description": "A large, sentient, beetle-like creature with broad set of claws and appendages, odd to its vile yet pacifistic nature. Merely a lonesome wanderer, and without demise, seeks to tend on an organism's flesh.",
  "default_faction": "fleshweaver",
  "species": [
    "ABERRATION",
    "SECROSPEC"
  ],
  "volume": "62500 ml",
  "weight": 81500,
  "hp": 160,
  "speed": 95,
  "material": [
    "flesh",
    "bone"
  ],
  "symbol": "⨣",
  "color": "light_blue",
  "aggression": 100,
  "morale": 100,
  "melee_skill": 4,
  "melee_dice": 2,
  "melee_dice_sides": 4,
  "melee_cut": 6,
  "attack_cost": 115,
  "dodge": 1,
  "harvest": "arachnid",
  "armor_bash": 6,
  "armor_cut": 12,
  "armor_stab": 10,
  "armor_acid": 1,
  "armor_fire": 1,
  "vision_day": 12,
  "vision_night": 6,
  "note": "As the description says, it helps... But with ASSIST and CHECK_UP special attack, it parrots with robotic voice, so not for now.",
  "special_attacks": [
    [ "PARROT_AT_DANGER", 45 ],
    {
      "type": "spell",
      "spell_data": { "id": "mon_fleshweaver_vscratch" },
      "cooldown": 33,
      "monster_message": "<color_yellow>%1$s injects %3$s with a volatile fluid!</color>"
    }
  ],
  "death_function": [
    "NORMAL"
  ],
  "placate_triggers": [
    "STALK",
    "PLAYER_WEAK",
    "PLAYER_CLOSE"
  ],
  "flags": [
    "HEARS",
    "PATH_AVOID_DANGER_1",
    "SEES",
    "SMELLS",
    "WARM",
    "CAN_OPEN_DOORS",
    "CLIMBS"
  ]
}
