[
  {
    "type": "npc",
    "id": "secronom_scientist",
    "//": "A secronom scientist. They are responsible for the augmented versions of zeds. Also a semi-mechanic NPC.",
    "name_suffix": "scientist",
    "gender": "male",
    "class": "NC_SECRO_SCIENTIST",
    "attitude": 0,
    "mission": 7,
    "mission_offered": "MISSION_SECRO_SCIENTIST_REACH_SECRO_BOWCHAMBER",
    "chat": "TALK_SECRO_SCIENTIST_main",
    "faction": "secro_faction"
  },
  {
    "type": "npc",
    "id": "secronom_researcher",
    "//": "Unlike scientists, this one's merely for additional info; nerdest of the nerds.",
    "name_suffix": "researcher",
    "gender": "female",
    "class": "NC_SECRO_SCIENTIST",
    "attitude": 0,
    "mission": 7,
    "chat": "TALK_SECRO_RESEARCHER_main",
    "mission_offered": "MISSION_SECRO_RESEARCHER_GET_SHAPESHIFTER_SAMPLE",
    "faction": "secro_faction"
  },
  {
    "type": "npc",
    "id": "secronom_guard",
    "//": "Lab's strong and tanky melee/range fighter.",
    "name_suffix": "guard",
    "gender": "male",
    "class": "NC_SOLDIER",
    "attitude": 0,
    "mission": 7,
    "chat": "TALK_SECRO_GUARD_main",
    "mission_offered": "MISSION_SECRO_GUARD_KILL_ENIGMA",
    "faction": "secro_faction"
  },
  {
    "type": "npc",
    "id": "secronom_flesh",
    "//": "NPC that is built using a flesh vessel.",
    "name_unique": "\"The Flesh\"",
    "gender": "male",
    "class": "NC_SECRO_FLESH",
    "attitude": 0,
    "mission": 7,
    "chat": "SECRO_FLESH_HIVEMIND_main",
    "faction": "secro_flesh"
  },
  {
    "type": "npc",
    "id": "secronom_flesh_spawn_start",
    "//": "Hivemind spawn, for building the hivemind.",
    "name_unique": "\"Hivemind\"",
    "gender": "male",
    "class": "NC_SECRO_FLESH_START",
    "attitude": 0,
    "mission": 7,
    "chat": "SECRO_FLESH_HIVEMIND_START_main",
    "faction": "secro_flesh"
  },
  {
    "type": "npc",
    "id": "secronom_flesh_spawn_splicer",
    "//": "Hivemind spawn, bio-organic splicer.",
    "name_unique": "\"Bio-organic Splicer\"",
    "gender": "male",
    "class": "NC_SECRO_FLESH_SPAWN",
    "attitude": 0,
    "mission": 7,
    "chat": "SECRO_FLESH_SPAWN_SPLICER_main",
    "faction": "secro_flesh"
  },
  {
    "type": "npc",
    "id": "secronom_flesh_spawn_modifier",
    "//": "Hivemind spawn, bio-organic modifier.",
    "name_unique": "\"Bio-organic Modifier\"",
    "gender": "male",
    "class": "NC_SECRO_FLESH_SPAWN",
    "attitude": 0,
    "mission": 7,
    "chat": "SECRO_FLESH_SPAWN_MODIFIER_main",
    "faction": "secro_flesh"
  },
  {
    "type": "npc",
    "id": "secronom_flesh_spawn_hatchery",
    "//": "Hivemind spawn, bio-organic hatchery.",
    "name_unique": "\"Bio-organic Hatchery\"",
    "gender": "male",
    "class": "NC_SECRO_FLESH_SPAWN",
    "attitude": 0,
    "mission": 7,
    "chat": "SECRO_FLESH_SPAWN_HATCHERY_main",
    "faction": "secro_flesh"
  },
  {
    "type": "npc",
    "id": "secronom_flesh_spawn_artifice",
    "//": "Hivemind spawn, bio-organic artifice aka crafter.",
    "name_unique": "\"Bio-organic Artifice\"",
    "gender": "male",
    "class": "NC_SECRO_FLESH_SPAWN",
    "attitude": 0,
    "mission": 7,
    "chat": "SECRO_FLESH_SPAWN_ARTIFICE_main",
    "faction": "secro_flesh"
  }
]
