[
  {
    "type": "faction",
    "id": "secro_faction",
    "name": "Secronom Researchers",
    "likes_u": 0,
    "respects_u": 0,
    "known_by_u": false,
    "size": 20,
    "power": 110,
    "food_supply": 20000,
    "wealth": 122000,
    "relations": {
      "lobby_beggars": { "knows your voice": true },
      "free_merchants": { "knows your voice": true },
      "old_guard": { "knows your voice": true },
      "wasteland_scavengers": { "knows your voice": true },
      "no_faction": { "knows your voice": true }
    },
    "description": "A small group of scientists working under a certain project. Their advanced development of utilities are their fortitude for survival."
  },
  {
    "type": "faction",
    "id": "secro_flesh",
    "name": "Flesh",
    "likes_u": 0,
    "respects_u": 0,
    "known_by_u": false,
    "size": 0,
    "power": 0,
    "food_supply": 0,
    "wealth": 0,
    "description": "A uniformed groups of humans/monsters created by the Secronom Project. They rarely appear in the world, and is motivated to dominate the world."
  },
  {
    "type": "npc_class",
    "id": "NC_SECRO_SCIENTIST",
    "name": { "str": "Secronom Scientist" },
    "job_description": "I'm one of the mfs who made secronom and shit.",
    "traits": [ { "group": "NPC_starting_traits" }, { "group": "Appearance_demographics" } ],
    "bonus_str": { "rng": [ -1, -3 ] },
    "bonus_dex": { "rng": [ -1, 0 ] },
    "bonus_int": { "rng": [ 2, 5 ] },
    "weapon_override": "EMPTY_GROUP",
    "skills": [
      { "skill": "ALL", "level": { "mul": [ { "one_in": 3 }, { "sum": [ { "dice": [ 2, 2 ] }, { "constant": -4 } ] } ] } },
      { "skill": "computer", "bonus": { "rng": [ 1, 5 ] } },
      { "skill": "electronics", "bonus": { "rng": [ 1, 5 ] } },
      { "skill": "firstaid", "bonus": { "rng": [ 1, 4 ] } }
    ]
  },
  {
    "type": "item_group",
    "id": "NC_SECRO_SCIENTIST_eyes",
    "subtype": "distribution",
    "entries": [ { "item": "null", "prob": 20 }, { "item": "glasses_safety", "prob": 40 }, { "item": "glasses_eye", "prob": 60 } ]
  },
  {
    "type": "item_group",
    "id": "NC_SECRO_SCIENTIST_coat",
    "subtype": "distribution",
    "entries": [
      { "item": "null", "prob": 20 },
      { "item": "hoodie", "prob": 10 },
      { "item": "coat_lab", "prob": 60 },
      { "item": "jacket_light", "prob": 10 },
      { "item": "jacket_leather", "prob": 10 },
      { "item": "trenchcoat", "prob": 5 },
      { "item": "jacket_jean", "prob": 10 },
      { "item": "jacket_windbreaker", "prob": 5 },
      { "item": "kevlar", "prob": 5 }
    ]
  },
  {
    "type": "npc_class",
    "id": "NC_SECRO_FLESH",
    "name": { "str": "Flesh Hivemind" },
    "job_description": "*glob glob*",
    "common": false,
    "bonus_str": { "rng": [ 50, 100 ] },
    "bonus_dex": { "rng": [ 1, 2 ] },
    "bonus_int": { "rng": [ 10, 20 ] },
    "bonus_per": { "rng": [ 2, 4 ] },
    "worn_override": "EMPTY_GROUP",
    "carry_override": "EMPTY_GROUP",
    "weapon_override": "EMPTY_GROUP",
    "traits": [ [ "DEAF", 100 ], [ "SECRONOM_FLESH_BIO", 100 ], [ "THRESH_SECRONOM_FLESH", 100 ], [ "SECRONOM_FLESH_BIO_spread1", 100 ] ]
  },
  {
    "type": "npc_class",
    "id": "NC_SECRO_FLESH_SPAWN",
    "name": { "str": "Flesh Spawn" },
    "job_description": "*glob glob* but weaker",
    "common": false,
    "bonus_str": { "rng": [ 5, 10 ] },
    "bonus_dex": { "rng": [ 0, 1 ] },
    "bonus_int": { "rng": [ 1, 2 ] },
    "bonus_per": { "rng": [ 0, 1 ] },
    "worn_override": "EMPTY_GROUP",
    "carry_override": "EMPTY_GROUP",
    "weapon_override": "EMPTY_GROUP",
    "traits": [ [ "DEAF", 100 ], [ "SECRONOM_FLESH_SPAWN", 100 ], [ "THRESH_SECRONOM_FLESH", 100 ] ]
  },
  {
    "type": "npc_class",
    "id": "NC_SECRO_FLESH_START",
    "name": { "str": "Hiveling" },
    "job_description": "*glob glob* but small",
    "common": false,
    "bonus_str": { "rng": [ -5, 0 ] },
    "bonus_dex": { "rng": [ 0, 1 ] },
    "bonus_int": { "rng": [ 1, 2 ] },
    "bonus_per": { "rng": [ 0, 1 ] },
    "worn_override": "EMPTY_GROUP",
    "carry_override": "EMPTY_GROUP",
    "weapon_override": "EMPTY_GROUP",
    "traits": [ [ "DEAF", 100 ], [ "SECRONOM_FLESH_BIO", 100 ], [ "THRESH_SECRONOM_FLESH", 100 ], [ "SECRONOM_FLESH_STARTER", 100 ] ]
  }
]
