[
  {
    "id": "MISSION_SECRO_SCIENTIST_REACH_SECRO_BOWCHAMBER",
    "type": "mission_definition",
    "name": { "str": "Reach the BOW Chamber" },
    "goal": "MGOAL_GO_TO_TYPE",
    "difficulty": 6,
    "value": 10000,
    "has_generic_rewards": false,
    "start": { "effect": [ { "duration": "PERMANENT", "u_add_effect": "secro_scientist_mission1_progress" }, "follow_only" ] },
    "end": {
      "effect": [ { "duration": "PERMANENT", "u_add_effect": "secro_scientist_partake_mission1" }, "stop_following" ],
      "update_mapgen": {
        "om_terrain": "SecronomSSLab_bowspecs",
        "om_special": "SSsecrolab",
        "place_zones": [
          { "type": "NPC_NO_INVESTIGATE", "faction": "secro_faction", "x": [ 0, 23 ], "y": [ 0, 23 ] },
          { "type": "NPC_RETREAT", "faction": "secro_faction", "x": [ 5, 19 ], "y": [ 4, 5 ] }
        ]
      }
    },
    "origins": [ "ORIGIN_SECONDARY" ],
    "followup": "MISSION_SECRO_SCIENTIST_GET_TURRET_PARTS",
    "destination": "SecronomSSLab_bowspecs",
    "dialogue": {
      "describe": "…",
      "offer": "You've heard the plan. Ask the other survivors for our short, bloody travel once you have accepted my request.",
      "accepted": "Good. Now go, we can't waste time in our current situation.",
      "rejected": "Well then... Lets talk about it again later.",
      "advice": "Those specimens are nasty in close range.",
      "inquire": "We've got to get going.",
      "success": "Thank you. Now we've got more spaces to move around. That being said, tell the others to stay put in this area... they also need your assistance.",
      "success_lie": "...",
      "failure": "..."
    }
  },
  {
    "id": "MISSION_SECRO_SCIENTIST_GET_TURRET_PARTS",
    "type": "mission_definition",
    "name": { "str": "Gather materials for SDP-L1 turret" },
    "description": "Collect <color_light_green>4 chunks of steel</color>, <color_light_green>18 scrap metals</color>, <color_light_green>9 electronic scraps</color>, <color_light_green>9 power converters</color>, <color_light_green>5 copper wires</color> and <color_light_green>a broken laser beam turret</color>.",
    "goal": "MGOAL_CONDITION",
    "goal_condition": {
      "and": [
        { "u_has_items": { "item": "steel_chunk", "count": 4 } },
        { "u_has_items": { "item": "scrap", "count": 18 } },
        { "u_has_items": { "item": "e_scrap", "count": 9 } },
        { "u_has_items": { "item": "power_supply", "count": 9 } },
        { "u_has_items": { "item": "cable", "count": 5 } },
        { "u_has_item": "broken_secro_laserturret" }
      ]
    },
    "difficulty": 1,
    "value": 10000,
    "has_generic_rewards": false,
    "origins": [ "ORIGIN_SECONDARY" ],
    "start": { "effect": { "duration": "PERMANENT", "u_add_effect": "secro_scientist_mission2_progress" } },
    "end": {
      "effect": [
        { "u_sell_item": "steel_chunk", "count": 4 },
        { "u_sell_item": "scrap", "count": 18 },
        { "u_sell_item": "e_scrap", "count": 9 },
        { "u_sell_item": "power_supply", "count": 9 },
        { "u_sell_item": "cable", "count": 5 },
        { "u_sell_item": "broken_secro_laserturret" },
        { "npc_consume_item": "steel_chunk", "count": 4 },
        { "npc_consume_item": "scrap", "count": 18 },
        { "npc_consume_item": "e_scrap", "count": 9 },
        { "npc_consume_item": "power_supply", "count": 9 },
        { "npc_consume_item": "cable", "count": 5 },
        { "npc_consume_item": "broken_secro_laserturret" },
        { "duration": "PERMANENT", "u_add_effect": "secro_scientist_partake_mission2" },
        { "npc_add_effect": "secro_scientist_repairing_laserturret", "duration": 3700 },
        { "duration": "PERMANENT", "u_add_effect": "secro_scientist_repairing" },
        { "duration": "PERMANENT", "u_add_effect": "secro_scientist_repair_laserturret" }
      ]
    },
    "dialogue": {
      "describe": "…",
      "offer": "I'd like you to retrieve a broken SDP-L1 from the bunker and other essential parts for me to fully repair the turret.",
      "accepted": "Then go, give them all to me afterwards.",
      "rejected": "Well then... Lets talk about it again later.",
      "advice": "If it's too heavy, haul it.",
      "inquire": "We've got to get going.",
      "success": "Good. The process may take an hour. While I'm repairing it, you should talk to others if they need your assistance.",
      "success_lie": "...",
      "failure": "..."
    }
  },
  {
    "id": "MISSION_SECRO_GUARD_KILL_ENIGMA",
    "type": "mission_definition",
    "name": { "str": "Clear the enigma chamber" },
    "goal": "MGOAL_KILL_MONSTER",
    "difficulty": 5,
    "value": 200000,
    "start": {
      "effect": [ { "duration": "PERMANENT", "u_add_effect": "secro_guard_mission1_progress" }, "follow_only" ],
      "assign_mission_target": { "om_terrain": "SecronomSSLab_enigmaspecs", "reveal_radius": 1, "search_range": 10, "z": -2 },
      "update_mapgen": {
        "place_monster": [
          { "monster": "mon_ayenel", "x": 16, "y": 10, "target": true },
          { "monster": "mon_maneater", "x": 9, "y": 22, "target": true }
        ],
        "place_nested": [ { "chunks": [ "secro_guard_mission1_opendadoor" ], "x": 0, "y": 0 } ]
      }
    },
    "end": { "effect": { "duration": "PERMANENT", "u_add_effect": "secro_guard_partake_mission1" } },
    "followup": "MISSION_SECRO_GUARD_HELP_SHAPESHIFTER",
    "origins": [ "ORIGIN_SECONDARY" ],
    "dialogue": {
      "describe": "…",
      "offer": "So she wants you to clear out the enigma chamber, and you need my help to access that room. But are you ready? You can refuse if it felt like a deathwish.",
      "accepted": "Let's head to that chamber real quick!",
      "rejected": "Just ask me again once you're ready to take on.",
      "advice": "Since this facility have come into chaos, we might see creatures other than them.",
      "inquire": "Did you killed them?",
      "success": "Great! Lets head back to others and see if they need anything else. Enigma chamber is pretty messed up anyway.",
      "success_lie": "Really? I've come alongside you and yet you lied to something you obviously didn't do?",
      "failure": "..."
    }
  },
  {
    "id": "MISSION_SECRO_RESEARCHER_GET_SHAPESHIFTER_SAMPLE",
    "type": "mission_definition",
    "name": { "str": "Obtain a sample from the shapeshifter" },
    "description": "Collect a <color_light_green>desaturated resin</color> from a <color_light_red>shapeshifter</color>. Use the tool provided to obtain the required item then bring it back once you've complete the task.",
    "goal": "MGOAL_CONDITION",
    "goal_condition": { "and": [ { "u_has_item": "secro_sample_shifter" }, { "u_has_item": "secro_missionkey_sampler_enigma" } ] },
    "difficulty": 6,
    "value": 10000,
    "has_generic_rewards": false,
    "origins": [ "ORIGIN_SECONDARY" ],
    "start": {
      "effect": [
        { "duration": "PERMANENT", "u_add_effect": "secro_researcher_mission1_progress" },
        { "u_buy_item": "secro_missionkey_sampler_enigma" }
      ]
    },
    "end": {
      "effect": [
        { "u_sell_item": "secro_missionkey_sampler_enigma" },
        { "npc_consume_item": "secro_missionkey_sampler_enigma" },
        { "u_sell_item": "secro_sample_shifter" },
        { "npc_consume_item": "secro_sample_shifter" },
        { "duration": "PERMANENT", "u_add_effect": "secro_researcher_partake_mission1" }
      ]
    },
    "dialogue": {
      "describe": "…",
      "offer": "You must obtain a sample from that creature using a sampler kit I'm about to provide once you're ready.",
      "accepted": "Okay, here's the kit. It is set to scan for an enigma specimen. I've sent the coordinates to our guard and talk to him about this, he'll show you the way. But remember, this creature uses deception to hide itself.",
      "rejected": "Well then... Lets talk about it again later.",
      "advice": "Be cautious on using the sampler kit, as it scans only the enigma, otherwise you'll waste batteries.",
      "inquire": "How's the sample?",
      "success": "Well done, survivor. I'll start to identify this resin, and hope it can of good use.",
      "success_lie": "...",
      "failure": "..."
    }
  },
  {
    "id": "MISSION_SECRO_GUARD_HELP_SHAPESHIFTER",
    "type": "mission_definition",
    "name": { "str": "Slay the shapeshifter?" },
    "goal": "MGOAL_KILL_MONSTER",
    "difficulty": 5,
    "value": 200000,
    "start": {
      "effect": [ { "duration": "PERMANENT", "u_add_effect": "secro_guard_mission2_progress" }, "follow_only" ],
      "assign_mission_target": { "om_terrain": "forest", "reveal_radius": 1, "search_range": 15, "z": 0 },
      "update_mapgen": { "place_monster": [ { "monster": "mon_shifter_zombie", "x": 11, "y": 11, "target": true } ] }
    },
    "end": { "effect": { "duration": "PERMANENT", "u_add_effect": "secro_guard_partake_mission2" } },
    "origins": [ "ORIGIN_SECONDARY" ],
    "dialogue": {
      "describe": "…",
      "offer": "She gave me the coordinates as soon as the drone reported her. I'll help you out collecting the sample, and fend off this creature from you. So, are you ready?",
      "accepted": "Good. The target is not far from here.",
      "rejected": "Just ask me again once you're ready to take on.",
      "advice": "I never encountered this creature...",
      "inquire": "Did you killed them?",
      "success": "Wait. It's not the right one... I guess we lost it.",
      "success_lie": "Really? I've come alongside you and yet you lied to something you obviously didn't do?",
      "failure": "..."
    }
  }
]
