[
  {
    "type": "mapgen",
    "method": "json",
    "update_mapgen_id": "secro_fleshcamp_def_turret_up_far",
    "object": { "place_monster": [ { "monster": "mon_sflesh_camp_turret", "x": [ 0, 23 ], "y": [ 0, 5 ], "friendly": true } ] }
  },
  {
    "type": "mapgen",
    "method": "json",
    "update_mapgen_id": "secro_fleshcamp_def_turret_up_mid",
    "object": { "place_monster": [ { "monster": "mon_sflesh_camp_turret", "x": [ 0, 23 ], "y": [ 5, 17 ], "friendly": true } ] }
  },
  {
    "type": "mapgen",
    "method": "json",
    "update_mapgen_id": "secro_fleshcamp_def_turret_up_near",
    "object": { "place_monster": [ { "monster": "mon_sflesh_camp_turret", "x": [ 0, 23 ], "y": [ 17, 23 ], "friendly": true } ] }
  },
  {
    "type": "mapgen",
    "method": "json",
    "update_mapgen_id": "secro_fleshcamp_def_turret_right_far",
    "object": { "place_monster": [ { "monster": "mon_sflesh_camp_turret", "x": [ 0, 5 ], "y": [ 0, 23 ], "friendly": true } ] }
  },
  {
    "type": "mapgen",
    "method": "json",
    "update_mapgen_id": "secro_fleshcamp_def_turret_right_mid",
    "object": { "place_monster": [ { "monster": "mon_sflesh_camp_turret", "x": [ 5, 17 ], "y": [ 0, 23 ], "friendly": true } ] }
  },
  {
    "type": "mapgen",
    "method": "json",
    "update_mapgen_id": "secro_fleshcamp_def_turret_right_near",
    "object": { "place_monster": [ { "monster": "mon_sflesh_camp_turret", "x": [ 17, 23 ], "y": [ 0, 23 ], "friendly": true } ] }
  },
  {
    "type": "mapgen",
    "method": "json",
    "update_mapgen_id": "secro_fleshcamp_def_turret_down_far",
    "object": { "place_monster": [ { "monster": "mon_sflesh_camp_turret", "x": [ 0, 23 ], "y": [ 17, 23 ], "friendly": true } ] }
  },
  {
    "type": "mapgen",
    "method": "json",
    "update_mapgen_id": "secro_fleshcamp_def_turret_down_mid",
    "object": { "place_monster": [ { "monster": "mon_sflesh_camp_turret", "x": [ 0, 23 ], "y": [ 5, 17 ], "friendly": true } ] }
  },
  {
    "type": "mapgen",
    "method": "json",
    "update_mapgen_id": "secro_fleshcamp_def_turret_down_near",
    "object": { "place_monster": [ { "monster": "mon_sflesh_camp_turret", "x": [ 0, 23 ], "y": [ 0, 5 ], "friendly": true } ] }
  },
  {
    "type": "mapgen",
    "method": "json",
    "update_mapgen_id": "secro_fleshcamp_def_turret_left_far",
    "object": { "place_monster": [ { "monster": "mon_sflesh_camp_turret", "x": [ 17, 23 ], "y": [ 0, 23 ], "friendly": true } ] }
  },
  {
    "type": "mapgen",
    "method": "json",
    "update_mapgen_id": "secro_fleshcamp_def_turret_left_mid",
    "object": { "place_monster": [ { "monster": "mon_sflesh_camp_turret", "x": [ 5, 17 ], "y": [ 0, 23 ], "friendly": true } ] }
  },
  {
    "type": "mapgen",
    "method": "json",
    "update_mapgen_id": "secro_fleshcamp_def_turret_left_near",
    "object": { "place_monster": [ { "monster": "mon_sflesh_camp_turret", "x": [ 0, 5 ], "y": [ 0, 23 ], "friendly": true } ] }
  },
  {
    "type": "mapgen",
    "method": "json",
    "update_mapgen_id": "secro_fleshcamp_def_turret_blade_up_far",
    "object": { "place_monster": [ { "monster": "mon_sflesh_camp_turret_blade", "x": [ 0, 23 ], "y": [ 0, 5 ], "friendly": true } ] }
  },
  {
    "type": "mapgen",
    "method": "json",
    "update_mapgen_id": "secro_fleshcamp_def_turret_blade_up_mid",
    "object": { "place_monster": [ { "monster": "mon_sflesh_camp_turret_blade", "x": [ 0, 23 ], "y": [ 5, 17 ], "friendly": true } ] }
  },
  {
    "type": "mapgen",
    "method": "json",
    "update_mapgen_id": "secro_fleshcamp_def_turret_blade_up_near",
    "object": { "place_monster": [ { "monster": "mon_sflesh_camp_turret_blade", "x": [ 0, 23 ], "y": [ 17, 23 ], "friendly": true } ] }
  },
  {
    "type": "mapgen",
    "method": "json",
    "update_mapgen_id": "secro_fleshcamp_def_turret_blade_right_far",
    "object": { "place_monster": [ { "monster": "mon_sflesh_camp_turret_blade", "x": [ 0, 5 ], "y": [ 0, 23 ], "friendly": true } ] }
  },
  {
    "type": "mapgen",
    "method": "json",
    "update_mapgen_id": "secro_fleshcamp_def_turret_blade_right_mid",
    "object": { "place_monster": [ { "monster": "mon_sflesh_camp_turret_blade", "x": [ 5, 17 ], "y": [ 0, 23 ], "friendly": true } ] }
  },
  {
    "type": "mapgen",
    "method": "json",
    "update_mapgen_id": "secro_fleshcamp_def_turret_blade_right_near",
    "object": { "place_monster": [ { "monster": "mon_sflesh_camp_turret_blade", "x": [ 17, 23 ], "y": [ 0, 23 ], "friendly": true } ] }
  },
  {
    "type": "mapgen",
    "method": "json",
    "update_mapgen_id": "secro_fleshcamp_def_turret_blade_down_far",
    "object": { "place_monster": [ { "monster": "mon_sflesh_camp_turret_blade", "x": [ 0, 23 ], "y": [ 17, 23 ], "friendly": true } ] }
  },
  {
    "type": "mapgen",
    "method": "json",
    "update_mapgen_id": "secro_fleshcamp_def_turret_blade_down_mid",
    "object": { "place_monster": [ { "monster": "mon_sflesh_camp_turret_blade", "x": [ 0, 23 ], "y": [ 5, 17 ], "friendly": true } ] }
  },
  {
    "type": "mapgen",
    "method": "json",
    "update_mapgen_id": "secro_fleshcamp_def_turret_blade_down_near",
    "object": { "place_monster": [ { "monster": "mon_sflesh_camp_turret_blade", "x": [ 0, 23 ], "y": [ 0, 5 ], "friendly": true } ] }
  },
  {
    "type": "mapgen",
    "method": "json",
    "update_mapgen_id": "secro_fleshcamp_def_turret_blade_left_far",
    "object": { "place_monster": [ { "monster": "mon_sflesh_camp_turret_blade", "x": [ 17, 23 ], "y": [ 0, 23 ], "friendly": true } ] }
  },
  {
    "type": "mapgen",
    "method": "json",
    "update_mapgen_id": "secro_fleshcamp_def_turret_blade_left_mid",
    "object": { "place_monster": [ { "monster": "mon_sflesh_camp_turret_blade", "x": [ 5, 17 ], "y": [ 0, 23 ], "friendly": true } ] }
  },
  {
    "type": "mapgen",
    "method": "json",
    "update_mapgen_id": "secro_fleshcamp_def_turret_blade_left_near",
    "object": { "place_monster": [ { "monster": "mon_sflesh_camp_turret_blade", "x": [ 0, 5 ], "y": [ 0, 23 ], "friendly": true } ] }
  },
  {
    "type": "mapgen",
    "method": "json",
    "update_mapgen_id": "secro_fleshcamp_def_turret_tendril_up_far",
    "object": { "place_monster": [ { "monster": "mon_sflesh_camp_turret_tendril", "x": [ 0, 23 ], "y": [ 0, 5 ], "friendly": true } ] }
  },
  {
    "type": "mapgen",
    "method": "json",
    "update_mapgen_id": "secro_fleshcamp_def_turret_tendril_up_mid",
    "object": { "place_monster": [ { "monster": "mon_sflesh_camp_turret_tendril", "x": [ 0, 23 ], "y": [ 5, 17 ], "friendly": true } ] }
  },
  {
    "type": "mapgen",
    "method": "json",
    "update_mapgen_id": "secro_fleshcamp_def_turret_tendril_up_near",
    "object": { "place_monster": [ { "monster": "mon_sflesh_camp_turret_tendril", "x": [ 0, 23 ], "y": [ 17, 23 ], "friendly": true } ] }
  },
  {
    "type": "mapgen",
    "method": "json",
    "update_mapgen_id": "secro_fleshcamp_def_turret_tendril_right_far",
    "object": { "place_monster": [ { "monster": "mon_sflesh_camp_turret_tendril", "x": [ 0, 5 ], "y": [ 0, 23 ], "friendly": true } ] }
  },
  {
    "type": "mapgen",
    "method": "json",
    "update_mapgen_id": "secro_fleshcamp_def_turret_tendril_right_mid",
    "object": { "place_monster": [ { "monster": "mon_sflesh_camp_turret_tendril", "x": [ 5, 17 ], "y": [ 0, 23 ], "friendly": true } ] }
  },
  {
    "type": "mapgen",
    "method": "json",
    "update_mapgen_id": "secro_fleshcamp_def_turret_tendril_right_near",
    "object": { "place_monster": [ { "monster": "mon_sflesh_camp_turret_tendril", "x": [ 17, 23 ], "y": [ 0, 23 ], "friendly": true } ] }
  },
  {
    "type": "mapgen",
    "method": "json",
    "update_mapgen_id": "secro_fleshcamp_def_turret_tendril_down_far",
    "object": { "place_monster": [ { "monster": "mon_sflesh_camp_turret_tendril", "x": [ 0, 23 ], "y": [ 17, 23 ], "friendly": true } ] }
  },
  {
    "type": "mapgen",
    "method": "json",
    "update_mapgen_id": "secro_fleshcamp_def_turret_tendril_down_mid",
    "object": { "place_monster": [ { "monster": "mon_sflesh_camp_turret_tendril", "x": [ 0, 23 ], "y": [ 5, 17 ], "friendly": true } ] }
  },
  {
    "type": "mapgen",
    "method": "json",
    "update_mapgen_id": "secro_fleshcamp_def_turret_tendril_down_near",
    "object": { "place_monster": [ { "monster": "mon_sflesh_camp_turret_tendril", "x": [ 0, 23 ], "y": [ 0, 5 ], "friendly": true } ] }
  },
  {
    "type": "mapgen",
    "method": "json",
    "update_mapgen_id": "secro_fleshcamp_def_turret_tendril_left_far",
    "object": { "place_monster": [ { "monster": "mon_sflesh_camp_turret_tendril", "x": [ 17, 23 ], "y": [ 0, 23 ], "friendly": true } ] }
  },
  {
    "type": "mapgen",
    "method": "json",
    "update_mapgen_id": "secro_fleshcamp_def_turret_tendril_left_mid",
    "object": { "place_monster": [ { "monster": "mon_sflesh_camp_turret_tendril", "x": [ 5, 17 ], "y": [ 0, 23 ], "friendly": true } ] }
  },
  {
    "type": "mapgen",
    "method": "json",
    "update_mapgen_id": "secro_fleshcamp_def_turret_tendril_left_near",
    "object": { "place_monster": [ { "monster": "mon_sflesh_camp_turret_tendril", "x": [ 0, 5 ], "y": [ 0, 23 ], "friendly": true } ] }
  },
  {
    "type": "mapgen",
    "method": "json",
    "update_mapgen_id": "secro_fleshcamp_def_turret_mouth_up_far",
    "object": { "place_monster": [ { "monster": "mon_sflesh_camp_turret_mouth", "x": [ 0, 23 ], "y": [ 0, 5 ], "friendly": true } ] }
  },
  {
    "type": "mapgen",
    "method": "json",
    "update_mapgen_id": "secro_fleshcamp_def_turret_mouth_up_mid",
    "object": { "place_monster": [ { "monster": "mon_sflesh_camp_turret_mouth", "x": [ 0, 23 ], "y": [ 5, 17 ], "friendly": true } ] }
  },
  {
    "type": "mapgen",
    "method": "json",
    "update_mapgen_id": "secro_fleshcamp_def_turret_mouth_up_near",
    "object": { "place_monster": [ { "monster": "mon_sflesh_camp_turret_mouth", "x": [ 0, 23 ], "y": [ 17, 23 ], "friendly": true } ] }
  },
  {
    "type": "mapgen",
    "method": "json",
    "update_mapgen_id": "secro_fleshcamp_def_turret_mouth_right_far",
    "object": { "place_monster": [ { "monster": "mon_sflesh_camp_turret_mouth", "x": [ 0, 5 ], "y": [ 0, 23 ], "friendly": true } ] }
  },
  {
    "type": "mapgen",
    "method": "json",
    "update_mapgen_id": "secro_fleshcamp_def_turret_mouth_right_mid",
    "object": { "place_monster": [ { "monster": "mon_sflesh_camp_turret_mouth", "x": [ 5, 17 ], "y": [ 0, 23 ], "friendly": true } ] }
  },
  {
    "type": "mapgen",
    "method": "json",
    "update_mapgen_id": "secro_fleshcamp_def_turret_mouth_right_near",
    "object": { "place_monster": [ { "monster": "mon_sflesh_camp_turret_mouth", "x": [ 17, 23 ], "y": [ 0, 23 ], "friendly": true } ] }
  },
  {
    "type": "mapgen",
    "method": "json",
    "update_mapgen_id": "secro_fleshcamp_def_turret_mouth_down_far",
    "object": { "place_monster": [ { "monster": "mon_sflesh_camp_turret_mouth", "x": [ 0, 23 ], "y": [ 17, 23 ], "friendly": true } ] }
  },
  {
    "type": "mapgen",
    "method": "json",
    "update_mapgen_id": "secro_fleshcamp_def_turret_mouth_down_mid",
    "object": { "place_monster": [ { "monster": "mon_sflesh_camp_turret_mouth", "x": [ 0, 23 ], "y": [ 5, 17 ], "friendly": true } ] }
  },
  {
    "type": "mapgen",
    "method": "json",
    "update_mapgen_id": "secro_fleshcamp_def_turret_mouth_down_near",
    "object": { "place_monster": [ { "monster": "mon_sflesh_camp_turret_mouth", "x": [ 0, 23 ], "y": [ 0, 5 ], "friendly": true } ] }
  },
  {
    "type": "mapgen",
    "method": "json",
    "update_mapgen_id": "secro_fleshcamp_def_turret_mouth_left_far",
    "object": { "place_monster": [ { "monster": "mon_sflesh_camp_turret_mouth", "x": [ 17, 23 ], "y": [ 0, 23 ], "friendly": true } ] }
  },
  {
    "type": "mapgen",
    "method": "json",
    "update_mapgen_id": "secro_fleshcamp_def_turret_mouth_left_mid",
    "object": { "place_monster": [ { "monster": "mon_sflesh_camp_turret_mouth", "x": [ 5, 17 ], "y": [ 0, 23 ], "friendly": true } ] }
  },
  {
    "type": "mapgen",
    "method": "json",
    "update_mapgen_id": "secro_fleshcamp_def_turret_mouth_left_near",
    "object": { "place_monster": [ { "monster": "mon_sflesh_camp_turret_mouth", "x": [ 0, 5 ], "y": [ 0, 23 ], "friendly": true } ] }
  },
  {
    "type": "mapgen",
    "method": "json",
    "update_mapgen_id": "secro_fleshcamp_def_turret_unify_up_far",
    "object": { "place_monster": [ { "monster": "mon_sflesh_camp_turret_unify", "x": [ 0, 23 ], "y": [ 0, 5 ], "friendly": true } ] }
  },
  {
    "type": "mapgen",
    "method": "json",
    "update_mapgen_id": "secro_fleshcamp_def_turret_unify_up_mid",
    "object": { "place_monster": [ { "monster": "mon_sflesh_camp_turret_unify", "x": [ 0, 23 ], "y": [ 5, 17 ], "friendly": true } ] }
  },
  {
    "type": "mapgen",
    "method": "json",
    "update_mapgen_id": "secro_fleshcamp_def_turret_unify_up_near",
    "object": { "place_monster": [ { "monster": "mon_sflesh_camp_turret_unify", "x": [ 0, 23 ], "y": [ 17, 23 ], "friendly": true } ] }
  },
  {
    "type": "mapgen",
    "method": "json",
    "update_mapgen_id": "secro_fleshcamp_def_turret_unify_right_far",
    "object": { "place_monster": [ { "monster": "mon_sflesh_camp_turret_unify", "x": [ 0, 5 ], "y": [ 0, 23 ], "friendly": true } ] }
  },
  {
    "type": "mapgen",
    "method": "json",
    "update_mapgen_id": "secro_fleshcamp_def_turret_unify_right_mid",
    "object": { "place_monster": [ { "monster": "mon_sflesh_camp_turret_unify", "x": [ 5, 17 ], "y": [ 0, 23 ], "friendly": true } ] }
  },
  {
    "type": "mapgen",
    "method": "json",
    "update_mapgen_id": "secro_fleshcamp_def_turret_unify_right_near",
    "object": { "place_monster": [ { "monster": "mon_sflesh_camp_turret_unify", "x": [ 17, 23 ], "y": [ 0, 23 ], "friendly": true } ] }
  },
  {
    "type": "mapgen",
    "method": "json",
    "update_mapgen_id": "secro_fleshcamp_def_turret_unify_down_far",
    "object": { "place_monster": [ { "monster": "mon_sflesh_camp_turret_unify", "x": [ 0, 23 ], "y": [ 17, 23 ], "friendly": true } ] }
  },
  {
    "type": "mapgen",
    "method": "json",
    "update_mapgen_id": "secro_fleshcamp_def_turret_unify_down_mid",
    "object": { "place_monster": [ { "monster": "mon_sflesh_camp_turret_unify", "x": [ 0, 23 ], "y": [ 5, 17 ], "friendly": true } ] }
  },
  {
    "type": "mapgen",
    "method": "json",
    "update_mapgen_id": "secro_fleshcamp_def_turret_unify_down_near",
    "object": { "place_monster": [ { "monster": "mon_sflesh_camp_turret_unify", "x": [ 0, 23 ], "y": [ 0, 5 ], "friendly": true } ] }
  },
  {
    "type": "mapgen",
    "method": "json",
    "update_mapgen_id": "secro_fleshcamp_def_turret_unify_left_far",
    "object": { "place_monster": [ { "monster": "mon_sflesh_camp_turret_unify", "x": [ 17, 23 ], "y": [ 0, 23 ], "friendly": true } ] }
  },
  {
    "type": "mapgen",
    "method": "json",
    "update_mapgen_id": "secro_fleshcamp_def_turret_unify_left_mid",
    "object": { "place_monster": [ { "monster": "mon_sflesh_camp_turret_unify", "x": [ 5, 17 ], "y": [ 0, 23 ], "friendly": true } ] }
  },
  {
    "type": "mapgen",
    "method": "json",
    "update_mapgen_id": "secro_fleshcamp_def_turret_unify_left_near",
    "object": { "place_monster": [ { "monster": "mon_sflesh_camp_turret_unify", "x": [ 0, 5 ], "y": [ 0, 23 ], "friendly": true } ] }
  },
  {
    "type": "mapgen",
    "method": "json",
    "update_mapgen_id": "secro_fleshcamp_def_turret_hravager_up_far",
    "object": { "place_monster": [ { "monster": "mon_sflesh_camp_turret_hravager", "x": [ 0, 23 ], "y": [ 0, 5 ], "friendly": true } ] }
  },
  {
    "type": "mapgen",
    "method": "json",
    "update_mapgen_id": "secro_fleshcamp_def_turret_hravager_up_mid",
    "object": { "place_monster": [ { "monster": "mon_sflesh_camp_turret_hravager", "x": [ 0, 23 ], "y": [ 5, 17 ], "friendly": true } ] }
  },
  {
    "type": "mapgen",
    "method": "json",
    "update_mapgen_id": "secro_fleshcamp_def_turret_hravager_up_near",
    "object": { "place_monster": [ { "monster": "mon_sflesh_camp_turret_hravager", "x": [ 0, 23 ], "y": [ 17, 23 ], "friendly": true } ] }
  },
  {
    "type": "mapgen",
    "method": "json",
    "update_mapgen_id": "secro_fleshcamp_def_turret_hravager_right_far",
    "object": { "place_monster": [ { "monster": "mon_sflesh_camp_turret_hravager", "x": [ 0, 5 ], "y": [ 0, 23 ], "friendly": true } ] }
  },
  {
    "type": "mapgen",
    "method": "json",
    "update_mapgen_id": "secro_fleshcamp_def_turret_hravager_right_mid",
    "object": { "place_monster": [ { "monster": "mon_sflesh_camp_turret_hravager", "x": [ 5, 17 ], "y": [ 0, 23 ], "friendly": true } ] }
  },
  {
    "type": "mapgen",
    "method": "json",
    "update_mapgen_id": "secro_fleshcamp_def_turret_hravager_right_near",
    "object": { "place_monster": [ { "monster": "mon_sflesh_camp_turret_hravager", "x": [ 17, 23 ], "y": [ 0, 23 ], "friendly": true } ] }
  },
  {
    "type": "mapgen",
    "method": "json",
    "update_mapgen_id": "secro_fleshcamp_def_turret_hravager_down_far",
    "object": { "place_monster": [ { "monster": "mon_sflesh_camp_turret_hravager", "x": [ 0, 23 ], "y": [ 17, 23 ], "friendly": true } ] }
  },
  {
    "type": "mapgen",
    "method": "json",
    "update_mapgen_id": "secro_fleshcamp_def_turret_hravager_down_mid",
    "object": { "place_monster": [ { "monster": "mon_sflesh_camp_turret_hravager", "x": [ 0, 23 ], "y": [ 5, 17 ], "friendly": true } ] }
  },
  {
    "type": "mapgen",
    "method": "json",
    "update_mapgen_id": "secro_fleshcamp_def_turret_hravager_down_near",
    "object": { "place_monster": [ { "monster": "mon_sflesh_camp_turret_hravager", "x": [ 0, 23 ], "y": [ 0, 5 ], "friendly": true } ] }
  },
  {
    "type": "mapgen",
    "method": "json",
    "update_mapgen_id": "secro_fleshcamp_def_turret_hravager_left_far",
    "object": { "place_monster": [ { "monster": "mon_sflesh_camp_turret_hravager", "x": [ 17, 23 ], "y": [ 0, 23 ], "friendly": true } ] }
  },
  {
    "type": "mapgen",
    "method": "json",
    "update_mapgen_id": "secro_fleshcamp_def_turret_hravager_left_mid",
    "object": { "place_monster": [ { "monster": "mon_sflesh_camp_turret_hravager", "x": [ 5, 17 ], "y": [ 0, 23 ], "friendly": true } ] }
  },
  {
    "type": "mapgen",
    "method": "json",
    "update_mapgen_id": "secro_fleshcamp_def_turret_hravager_left_near",
    "object": { "place_monster": [ { "monster": "mon_sflesh_camp_turret_hravager", "x": [ 0, 5 ], "y": [ 0, 23 ], "friendly": true } ] }
  }
]
