[
  {
    "type": "effect_type",
    "id": "secro_scientist_asked_secro"
  },
  {
    "type": "effect_type",
    "id": "secro_scientist_asked_augment"
  },
  {
    "type": "effect_type",
    "id": "secro_scientist_asked_gene"
  },
  {
    "type": "effect_type",
    "id": "secro_scientist_asked_escape"
  },
  {
    "type": "effect_type",
    "id": "secro_scientist_asked_lab"
  },
  {
    "type": "effect_type",
    "id": "secro_scientist_asked_lab_secret"
  },
  {
    "type": "effect_type",
    "id": "secro_scientist_asked_all"
  },
  {
    "type": "effect_type",
    "id": "secro_scientist_hold_mission1"
  },
  {
    "type": "effect_type",
    "id": "secro_scientist_mission1_progress"
  },
  {
    "type": "effect_type",
    "id": "secro_scientist_partake_mission1"
  },
  {
    "type": "effect_type",
    "id": "secro_scientist_asked_secronom_spread"
  },
  {
    "type": "effect_type",
    "id": "secro_scientist_asked_secronom_wanderers"
  },
  {
    "type": "effect_type",
    "id": "secro_scientist_udisgustcoldblood"
  },
  {
    "type": "effect_type",
    "id": "secro_scientist_mission2_progress"
  },
  {
    "type": "effect_type",
    "id": "secro_scientist_partake_mission2"
  },
  {
    "type": "effect_type",
    "id": "secro_scientist_hold_mission2"
  },
  {
    "type": "effect_type",
    "id": "secro_scientist_repairing"
  },
  {
    "type": "effect_type",
    "id": "secro_scientist_repairing_laserturret"
  },
  {
    "type": "effect_type",
    "id": "secro_scientist_repair_laserturret"
  },
  {
    "type": "effect_type",
    "id": "secro_researcher_mission1_help"
  },
  {
    "type": "effect_type",
    "id": "secro_researcher_mission1_help_done"
  },
  {
    "type": "effect_type",
    "id": "secro_researcher_guard_mission1_done"
  },
  {
    "type": "effect_type",
    "id": "secro_researcher_searching_shapeshifter"
  },
  {
    "type": "effect_type",
    "id": "secro_researcher_mission1_gonnastart"
  },
  {
    "type": "effect_type",
    "id": "secro_researcher_mission1_progress"
  },
  {
    "type": "effect_type",
    "id": "secro_researcher_partake_mission1"
  },
  {
    "type": "effect_type",
    "id": "secro_guard_mission1_help"
  },
  {
    "type": "effect_type",
    "id": "secro_guard_mission1_help_done"
  },
  {
    "type": "effect_type",
    "id": "secro_guard_mission1_gonnastart"
  },
  {
    "type": "effect_type",
    "id": "secro_guard_mission1_start"
  },
  {
    "type": "effect_type",
    "id": "secro_guard_mission1_startnow"
  },
  {
    "type": "effect_type",
    "id": "secro_guard_mission1_progress"
  },
  {
    "type": "effect_type",
    "id": "secro_guard_partake_mission1"
  },
  {
    "type": "effect_type",
    "id": "secro_guard_backfrom_mission1"
  },
  {
    "type": "effect_type",
    "id": "secro_guard_mission2_progress"
  },
  {
    "type": "effect_type",
    "id": "secro_guard_partake_mission2"
  },
  {
    "type": "effect_type",
    "id": "secro_guard_backfrom_mission2"
  },
  {
    "type": "effect_type",
    "id": "secro_flesh_isadjacent",
    "max_duration": 1
  },
  {
    "type": "effect_type",
    "id": "secro_flesh_campestablished",
    "apply_message": "Some tendrils came off of the flesh after its relocation!",
    "rating": "mixed"
  },
  {
    "type": "effect_type",
    "id": "secro_flesh_upgrade_processed"
  },
  {
    "type": "effect_type",
    "id": "secro_flesh_upgrade_construction_max"
  },
  {
    "type": "effect_type",
    "id": "secro_flesh_upgrade_spread_max"
  },
  {
    "type": "effect_type",
    "id": "secro_flesh_building"
  },
  {
    "type": "effect_type",
    "id": "secro_flesh_building_starter"
  },
  {
    "type": "effect_type",
    "id": "secro_flesh_building_core1"
  },
  {
    "type": "effect_type",
    "id": "secro_flesh_built_core1"
  },
  {
    "type": "effect_type",
    "id": "secro_flesh_building_core2"
  },
  {
    "type": "effect_type",
    "id": "secro_flesh_built_core2"
  },
  {
    "type": "effect_type",
    "id": "secro_flesh_building_core3"
  },
  {
    "type": "effect_type",
    "id": "secro_flesh_built_core3"
  },
  {
    "type": "effect_type",
    "id": "secro_flesh_building_expandroom_top"
  },
  {
    "type": "effect_type",
    "id": "secro_flesh_built_expandroom_top"
  },
  {
    "type": "effect_type",
    "id": "secro_flesh_built_expandroom_top_taken"
  },
  {
    "type": "effect_type",
    "id": "secro_flesh_building_room_meatfarm_top"
  },
  {
    "type": "effect_type",
    "id": "secro_flesh_built_room_meatfarm"
  },
  {
    "type": "effect_type",
    "id": "secro_flesh_built_room_meatfarm_top"
  },
  {
    "type": "effect_type",
    "id": "secro_flesh_building_room_splicer_top"
  },
  {
    "type": "effect_type",
    "id": "secro_flesh_built_room_splicer"
  },
  {
    "type": "effect_type",
    "id": "secro_flesh_built_room_splicer_top"
  },
  {
    "type": "effect_type",
    "id": "secro_flesh_building_room_modifier_top"
  },
  {
    "type": "effect_type",
    "id": "secro_flesh_built_room_modifier"
  },
  {
    "type": "effect_type",
    "id": "secro_flesh_built_room_modifier_top"
  },
  {
    "type": "effect_type",
    "id": "secro_flesh_building_room_hatchery_top"
  },
  {
    "type": "effect_type",
    "id": "secro_flesh_built_room_hatchery"
  },
  {
    "type": "effect_type",
    "id": "secro_flesh_built_room_hatchery_top"
  },
  {
    "type": "effect_type",
    "id": "secro_flesh_building_room_artifice_top"
  },
  {
    "type": "effect_type",
    "id": "secro_flesh_built_room_artifice"
  },
  {
    "type": "effect_type",
    "id": "secro_flesh_built_room_artifice_top"
  },
  {
    "type": "effect_type",
    "id": "secro_flesh_building_expandroom_right"
  },
  {
    "type": "effect_type",
    "id": "secro_flesh_built_expandroom_right"
  },
  {
    "type": "effect_type",
    "id": "secro_flesh_built_expandroom_right_taken"
  },
  {
    "type": "effect_type",
    "id": "secro_flesh_building_room_meatfarm_right"
  },
  {
    "type": "effect_type",
    "id": "secro_flesh_built_room_meatfarm_right"
  },
  {
    "type": "effect_type",
    "id": "secro_flesh_building_room_splicer_right"
  },
  {
    "type": "effect_type",
    "id": "secro_flesh_built_room_splicer_right"
  },
  {
    "type": "effect_type",
    "id": "secro_flesh_building_room_modifier_right"
  },
  {
    "type": "effect_type",
    "id": "secro_flesh_built_room_modifier_right"
  },
  {
    "type": "effect_type",
    "id": "secro_flesh_building_room_hatchery_right"
  },
  {
    "type": "effect_type",
    "id": "secro_flesh_built_room_hatchery_right"
  },
  {
    "type": "effect_type",
    "id": "secro_flesh_building_room_artifice_right"
  },
  {
    "type": "effect_type",
    "id": "secro_flesh_built_room_artifice_right"
  },
  {
    "type": "effect_type",
    "id": "secro_flesh_building_expandroom_down"
  },
  {
    "type": "effect_type",
    "id": "secro_flesh_built_expandroom_down"
  },
  {
    "type": "effect_type",
    "id": "secro_flesh_built_expandroom_down_taken"
  },
  {
    "type": "effect_type",
    "id": "secro_flesh_building_room_meatfarm_down"
  },
  {
    "type": "effect_type",
    "id": "secro_flesh_built_room_meatfarm_down"
  },
  {
    "type": "effect_type",
    "id": "secro_flesh_building_room_splicer_down"
  },
  {
    "type": "effect_type",
    "id": "secro_flesh_built_room_splicer_down"
  },
  {
    "type": "effect_type",
    "id": "secro_flesh_building_room_modifier_down"
  },
  {
    "type": "effect_type",
    "id": "secro_flesh_built_room_modifier_down"
  },
  {
    "type": "effect_type",
    "id": "secro_flesh_building_room_hatchery_down"
  },
  {
    "type": "effect_type",
    "id": "secro_flesh_built_room_hatchery_down"
  },
  {
    "type": "effect_type",
    "id": "secro_flesh_building_room_artifice_down"
  },
  {
    "type": "effect_type",
    "id": "secro_flesh_built_room_artifice_down"
  },
  {
    "type": "effect_type",
    "id": "secro_flesh_building_expandroom_left"
  },
  {
    "type": "effect_type",
    "id": "secro_flesh_built_expandroom_left"
  },
  {
    "type": "effect_type",
    "id": "secro_flesh_built_expandroom_left_taken"
  },
  {
    "type": "effect_type",
    "id": "secro_flesh_building_room_meatfarm_left"
  },
  {
    "type": "effect_type",
    "id": "secro_flesh_built_room_meatfarm_left"
  },
  {
    "type": "effect_type",
    "id": "secro_flesh_building_room_splicer_left"
  },
  {
    "type": "effect_type",
    "id": "secro_flesh_built_room_splicer_left"
  },
  {
    "type": "effect_type",
    "id": "secro_flesh_building_room_modifier_left"
  },
  {
    "type": "effect_type",
    "id": "secro_flesh_built_room_modifier_left"
  },
  {
    "type": "effect_type",
    "id": "secro_flesh_building_room_hatchery_left"
  },
  {
    "type": "effect_type",
    "id": "secro_flesh_built_room_hatchery_left"
  },
  {
    "type": "effect_type",
    "id": "secro_flesh_building_room_artifice_left"
  },
  {
    "type": "effect_type",
    "id": "secro_flesh_built_room_artifice_left"
  },
  {
    "type": "effect_type",
    "id": "secro_flesh_building_def_wall1"
  },
  {
    "type": "effect_type",
    "id": "secro_flesh_building_def_wall2"
  },
  {
    "type": "effect_type",
    "id": "secro_flesh_building_def_wall3"
  },
  {
    "type": "effect_type",
    "id": "secro_flesh_building_def_wall4"
  },
  {
    "type": "effect_type",
    "id": "secro_flesh_built_def_wall1"
  },
  {
    "type": "effect_type",
    "id": "secro_flesh_built_def_wall2"
  },
  {
    "type": "effect_type",
    "id": "secro_flesh_built_def_wall3"
  },
  {
    "type": "effect_type",
    "id": "secro_flesh_built_def_wall4"
  },
  {
    "type": "effect_type",
    "id": "secro_flesh_building_def_turret_near"
  },
  {
    "type": "effect_type",
    "id": "secro_flesh_building_def_turret_mid"
  },
  {
    "type": "effect_type",
    "id": "secro_flesh_building_def_turret_far"
  },
  {
    "type": "effect_type",
    "id": "secro_flesh_building_def_turret_a"
  },
  {
    "type": "effect_type",
    "id": "secro_flesh_building_def_turret_b"
  },
  {
    "type": "effect_type",
    "id": "secro_flesh_building_def_turret_c"
  },
  {
    "type": "effect_type",
    "id": "secro_flesh_building_def_turret_d"
  },
  {
    "type": "effect_type",
    "id": "secro_flesh_building_def_turret_e"
  },
  {
    "type": "effect_type",
    "id": "secro_flesh_building_def_turret_f"
  },
  {
    "type": "effect_type",
    "id": "secro_flesh_building_def_turret_g"
  },
  {
    "type": "effect_type",
    "id": "secro_flesh_building_def_turret_h"
  },
  {
    "type": "effect_type",
    "id": "secro_flesh_building_def_turret_i"
  },
  {
    "type": "effect_type",
    "id": "secro_flesh_building_def_turret_j"
  },
  {
    "type": "effect_type",
    "id": "secro_flesh_building_def_turret_k"
  },
  {
    "type": "effect_type",
    "id": "secro_flesh_building_def_turret_l"
  },
  {
    "type": "effect_type",
    "id": "secro_flesh_building_def_turret_m"
  },
  {
    "type": "effect_type",
    "id": "secro_flesh_building_def_turret_n"
  },
  {
    "type": "effect_type",
    "id": "secro_flesh_building_def_turret_o"
  },
  {
    "type": "effect_type",
    "id": "secro_flesh_building_def_turret_p"
  },
  {
    "type": "effect_type",
    "id": "secro_flesh_building_def_turret_q"
  },
  {
    "type": "effect_type",
    "id": "secro_flesh_building_def_turret_r"
  },
  {
    "type": "effect_type",
    "id": "secro_flesh_building_def_turret_s"
  },
  {
    "type": "effect_type",
    "id": "secro_flesh_building_def_turret_t"
  },
  {
    "type": "effect_type",
    "id": "secro_flesh_building_def_turret_blade_near"
  },
  {
    "type": "effect_type",
    "id": "secro_flesh_building_def_turret_blade_mid"
  },
  {
    "type": "effect_type",
    "id": "secro_flesh_building_def_turret_blade_far"
  },
  {
    "type": "effect_type",
    "id": "secro_flesh_building_def_turret_blade_a"
  },
  {
    "type": "effect_type",
    "id": "secro_flesh_building_def_turret_blade_b"
  },
  {
    "type": "effect_type",
    "id": "secro_flesh_building_def_turret_blade_c"
  },
  {
    "type": "effect_type",
    "id": "secro_flesh_building_def_turret_blade_d"
  },
  {
    "type": "effect_type",
    "id": "secro_flesh_building_def_turret_blade_e"
  },
  {
    "type": "effect_type",
    "id": "secro_flesh_building_def_turret_blade_f"
  },
  {
    "type": "effect_type",
    "id": "secro_flesh_building_def_turret_blade_g"
  },
  {
    "type": "effect_type",
    "id": "secro_flesh_building_def_turret_blade_h"
  },
  {
    "type": "effect_type",
    "id": "secro_flesh_building_def_turret_blade_i"
  },
  {
    "type": "effect_type",
    "id": "secro_flesh_building_def_turret_blade_j"
  },
  {
    "type": "effect_type",
    "id": "secro_flesh_building_def_turret_blade_k"
  },
  {
    "type": "effect_type",
    "id": "secro_flesh_building_def_turret_blade_l"
  },
  {
    "type": "effect_type",
    "id": "secro_flesh_building_def_turret_blade_m"
  },
  {
    "type": "effect_type",
    "id": "secro_flesh_building_def_turret_blade_n"
  },
  {
    "type": "effect_type",
    "id": "secro_flesh_building_def_turret_blade_o"
  },
  {
    "type": "effect_type",
    "id": "secro_flesh_building_def_turret_blade_p"
  },
  {
    "type": "effect_type",
    "id": "secro_flesh_building_def_turret_blade_q"
  },
  {
    "type": "effect_type",
    "id": "secro_flesh_building_def_turret_blade_r"
  },
  {
    "type": "effect_type",
    "id": "secro_flesh_building_def_turret_blade_s"
  },
  {
    "type": "effect_type",
    "id": "secro_flesh_building_def_turret_blade_t"
  },
  {
    "type": "effect_type",
    "id": "secro_flesh_building_def_turret_tendril_near"
  },
  {
    "type": "effect_type",
    "id": "secro_flesh_building_def_turret_tendril_mid"
  },
  {
    "type": "effect_type",
    "id": "secro_flesh_building_def_turret_tendril_far"
  },
  {
    "type": "effect_type",
    "id": "secro_flesh_building_def_turret_tendril_a"
  },
  {
    "type": "effect_type",
    "id": "secro_flesh_building_def_turret_tendril_b"
  },
  {
    "type": "effect_type",
    "id": "secro_flesh_building_def_turret_tendril_c"
  },
  {
    "type": "effect_type",
    "id": "secro_flesh_building_def_turret_tendril_d"
  },
  {
    "type": "effect_type",
    "id": "secro_flesh_building_def_turret_tendril_e"
  },
  {
    "type": "effect_type",
    "id": "secro_flesh_building_def_turret_tendril_f"
  },
  {
    "type": "effect_type",
    "id": "secro_flesh_building_def_turret_tendril_g"
  },
  {
    "type": "effect_type",
    "id": "secro_flesh_building_def_turret_tendril_h"
  },
  {
    "type": "effect_type",
    "id": "secro_flesh_building_def_turret_tendril_i"
  },
  {
    "type": "effect_type",
    "id": "secro_flesh_building_def_turret_tendril_j"
  },
  {
    "type": "effect_type",
    "id": "secro_flesh_building_def_turret_tendril_k"
  },
  {
    "type": "effect_type",
    "id": "secro_flesh_building_def_turret_tendril_l"
  },
  {
    "type": "effect_type",
    "id": "secro_flesh_building_def_turret_tendril_m"
  },
  {
    "type": "effect_type",
    "id": "secro_flesh_building_def_turret_tendril_n"
  },
  {
    "type": "effect_type",
    "id": "secro_flesh_building_def_turret_tendril_o"
  },
  {
    "type": "effect_type",
    "id": "secro_flesh_building_def_turret_tendril_p"
  },
  {
    "type": "effect_type",
    "id": "secro_flesh_building_def_turret_tendril_q"
  },
  {
    "type": "effect_type",
    "id": "secro_flesh_building_def_turret_tendril_r"
  },
  {
    "type": "effect_type",
    "id": "secro_flesh_building_def_turret_tendril_s"
  },
  {
    "type": "effect_type",
    "id": "secro_flesh_building_def_turret_tendril_t"
  },
  {
    "type": "effect_type",
    "id": "secro_flesh_building_def_turret_mouth_near"
  },
  {
    "type": "effect_type",
    "id": "secro_flesh_building_def_turret_mouth_mid"
  },
  {
    "type": "effect_type",
    "id": "secro_flesh_building_def_turret_mouth_far"
  },
  {
    "type": "effect_type",
    "id": "secro_flesh_building_def_turret_mouth_a"
  },
  {
    "type": "effect_type",
    "id": "secro_flesh_building_def_turret_mouth_b"
  },
  {
    "type": "effect_type",
    "id": "secro_flesh_building_def_turret_mouth_c"
  },
  {
    "type": "effect_type",
    "id": "secro_flesh_building_def_turret_mouth_d"
  },
  {
    "type": "effect_type",
    "id": "secro_flesh_building_def_turret_mouth_e"
  },
  {
    "type": "effect_type",
    "id": "secro_flesh_building_def_turret_mouth_f"
  },
  {
    "type": "effect_type",
    "id": "secro_flesh_building_def_turret_mouth_g"
  },
  {
    "type": "effect_type",
    "id": "secro_flesh_building_def_turret_mouth_h"
  },
  {
    "type": "effect_type",
    "id": "secro_flesh_building_def_turret_mouth_i"
  },
  {
    "type": "effect_type",
    "id": "secro_flesh_building_def_turret_mouth_j"
  },
  {
    "type": "effect_type",
    "id": "secro_flesh_building_def_turret_mouth_k"
  },
  {
    "type": "effect_type",
    "id": "secro_flesh_building_def_turret_mouth_l"
  },
  {
    "type": "effect_type",
    "id": "secro_flesh_building_def_turret_mouth_m"
  },
  {
    "type": "effect_type",
    "id": "secro_flesh_building_def_turret_mouth_n"
  },
  {
    "type": "effect_type",
    "id": "secro_flesh_building_def_turret_mouth_o"
  },
  {
    "type": "effect_type",
    "id": "secro_flesh_building_def_turret_mouth_p"
  },
  {
    "type": "effect_type",
    "id": "secro_flesh_building_def_turret_mouth_q"
  },
  {
    "type": "effect_type",
    "id": "secro_flesh_building_def_turret_mouth_r"
  },
  {
    "type": "effect_type",
    "id": "secro_flesh_building_def_turret_mouth_s"
  },
  {
    "type": "effect_type",
    "id": "secro_flesh_building_def_turret_mouth_t"
  },
  {
    "type": "effect_type",
    "id": "secro_flesh_building_def_turret_unify_near"
  },
  {
    "type": "effect_type",
    "id": "secro_flesh_building_def_turret_unify_mid"
  },
  {
    "type": "effect_type",
    "id": "secro_flesh_building_def_turret_unify_far"
  },
  {
    "type": "effect_type",
    "id": "secro_flesh_building_def_turret_unify_a"
  },
  {
    "type": "effect_type",
    "id": "secro_flesh_building_def_turret_unify_b"
  },
  {
    "type": "effect_type",
    "id": "secro_flesh_building_def_turret_unify_c"
  },
  {
    "type": "effect_type",
    "id": "secro_flesh_building_def_turret_unify_d"
  },
  {
    "type": "effect_type",
    "id": "secro_flesh_building_def_turret_unify_e"
  },
  {
    "type": "effect_type",
    "id": "secro_flesh_building_def_turret_unify_f"
  },
  {
    "type": "effect_type",
    "id": "secro_flesh_building_def_turret_unify_g"
  },
  {
    "type": "effect_type",
    "id": "secro_flesh_building_def_turret_unify_h"
  },
  {
    "type": "effect_type",
    "id": "secro_flesh_building_def_turret_unify_i"
  },
  {
    "type": "effect_type",
    "id": "secro_flesh_building_def_turret_unify_j"
  },
  {
    "type": "effect_type",
    "id": "secro_flesh_building_def_turret_unify_k"
  },
  {
    "type": "effect_type",
    "id": "secro_flesh_building_def_turret_unify_l"
  },
  {
    "type": "effect_type",
    "id": "secro_flesh_building_def_turret_unify_m"
  },
  {
    "type": "effect_type",
    "id": "secro_flesh_building_def_turret_unify_n"
  },
  {
    "type": "effect_type",
    "id": "secro_flesh_building_def_turret_unify_o"
  },
  {
    "type": "effect_type",
    "id": "secro_flesh_building_def_turret_unify_p"
  },
  {
    "type": "effect_type",
    "id": "secro_flesh_building_def_turret_unify_q"
  },
  {
    "type": "effect_type",
    "id": "secro_flesh_building_def_turret_unify_r"
  },
  {
    "type": "effect_type",
    "id": "secro_flesh_building_def_turret_unify_s"
  },
  {
    "type": "effect_type",
    "id": "secro_flesh_building_def_turret_unify_t"
  },
  {
    "type": "effect_type",
    "id": "secro_flesh_building_def_turret_hravager_near"
  },
  {
    "type": "effect_type",
    "id": "secro_flesh_building_def_turret_hravager_mid"
  },
  {
    "type": "effect_type",
    "id": "secro_flesh_building_def_turret_hravager_far"
  },
  {
    "type": "effect_type",
    "id": "secro_flesh_building_def_turret_hravager_a"
  },
  {
    "type": "effect_type",
    "id": "secro_flesh_building_def_turret_hravager_b"
  },
  {
    "type": "effect_type",
    "id": "secro_flesh_building_def_turret_hravager_c"
  },
  {
    "type": "effect_type",
    "id": "secro_flesh_building_def_turret_hravager_d"
  },
  {
    "type": "effect_type",
    "id": "secro_flesh_building_def_turret_hravager_e"
  },
  {
    "type": "effect_type",
    "id": "secro_flesh_building_def_turret_hravager_f"
  },
  {
    "type": "effect_type",
    "id": "secro_flesh_building_def_turret_hravager_g"
  },
  {
    "type": "effect_type",
    "id": "secro_flesh_building_def_turret_hravager_h"
  },
  {
    "type": "effect_type",
    "id": "secro_flesh_building_def_turret_hravager_i"
  },
  {
    "type": "effect_type",
    "id": "secro_flesh_building_def_turret_hravager_j"
  },
  {
    "type": "effect_type",
    "id": "secro_flesh_building_def_turret_hravager_k"
  },
  {
    "type": "effect_type",
    "id": "secro_flesh_building_def_turret_hravager_l"
  },
  {
    "type": "effect_type",
    "id": "secro_flesh_building_def_turret_hravager_m"
  },
  {
    "type": "effect_type",
    "id": "secro_flesh_building_def_turret_hravager_n"
  },
  {
    "type": "effect_type",
    "id": "secro_flesh_building_def_turret_hravager_o"
  },
  {
    "type": "effect_type",
    "id": "secro_flesh_building_def_turret_hravager_p"
  },
  {
    "type": "effect_type",
    "id": "secro_flesh_building_def_turret_hravager_q"
  },
  {
    "type": "effect_type",
    "id": "secro_flesh_building_def_turret_hravager_r"
  },
  {
    "type": "effect_type",
    "id": "secro_flesh_building_def_turret_hravager_s"
  },
  {
    "type": "effect_type",
    "id": "secro_flesh_building_def_turret_hravager_t"
  },
  {
    "type": "effect_type",
    "id": "secro_flesh_growing_meatfarm"
  },
  {
    "type": "effect_type",
    "id": "secro_flesh_growing_meatfarm_low"
  },
  {
    "type": "effect_type",
    "id": "secro_flesh_growing_meatfarm_med"
  },
  {
    "type": "effect_type",
    "id": "secro_flesh_growing_meatfarm_high"
  },
  {
    "type": "effect_type",
    "id": "secro_flesh_splicer_device_given"
  },
  {
    "type": "effect_type",
    "id": "secro_flesh_splicer_core_created"
  },
  {
    "type": "effect_type",
    "id": "secro_flesh_splicer_amalgam_modified"
  },
  {
    "type": "effect_type",
    "id": "secro_flesh_splicer_item_modified"
  },
  {
    "type": "effect_type",
    "id": "secro_flesh_hatchery_hatching"
  },
  {
    "type": "effect_type",
    "id": "secro_flesh_hatchery_hatching_amalgam"
  },
  {
    "type": "effect_type",
    "id": "secro_flesh_artifice_upgrade_weaver_max"
  }
]
