[
  {
    "note": "This is an insect, a manipulating alien parasite similar to the half-life's head crab. Due to coding limitations, things are lot more complicated.",
    "id": "mon_insect_saddler_brood",
    "type": "MONSTER",
    "name": "saddler broodmother",
    "description": "Fiendish giant saddler with numerous green, hairy spindly legs covering its entire bottom. Underneath them produces a heavy, eerie sound, much like from the baby saddlers not given birth... yet.",
    "default_faction": "saddler",
    "species": [ "SSADDLER" ],
    "volume": "62500 ml",
    "weight": 81500,
    "hp": 170,
    "speed": 15,
    "material": [ "flesh" ],
    "harvest": "zombie",
    "symbol": "H",
    "attack_cost": 200,
    "color": "magenta_green",
    "aggression": 5,
    "morale": 100,
    "melee_skill": 8,
    "melee_dice": 4,
    "melee_dice_sides": 4,
    "melee_cut": 2,
    "special_attacks": [
      {
        "type": "spell",
        "spell_data": { "id": "mon_insect_saddler_brood_birth_target" },
        "cooldown": 20,
        "monster_message": "<color_yellow>The saddler broodmother gave birth to baby saddlers!</color>"
      }
    ],
    "anger_triggers": [ "FRIEND_ATTACKED", "FRIEND_DIED" ],
    "armor_bash": 22,
    "armor_cut": 20,
    "armor_stab": 20,
    "vision_day": 12,
    "death_function": [ "NORMAL" ],
    "flags": [ "SEES", "HEARS", "SMELLS", "NO_BREATHE", "CLIMBS", "BASHES", "POISON", "BONES", "QUEEN" ]
  },
  {
    "id": "mon_insect_saddler_baby_potent",
    "type": "MONSTER",
    "name": "baby saddler",
    "description": "A rancid, immature saddler, stumbling frequently as its feeble limbs twitch without command.",
    "default_faction": "saddler",
    "species": [ "SSADDLER" ],
    "volume": "750 ml",
    "weight": 1000,
    "hp": 5,
    "speed": 35,
    "material": [ "flesh" ],
    "harvest": "zombie",
    "symbol": "h",
    "color": "light_green",
    "anger_triggers": [ "FRIEND_ATTACKED", "FRIEND_DIED" ],
    "aggression": 100,
    "morale": 100,
    "melee_skill": 0,
    "melee_dice": 1,
    "melee_dice_sides": 2,
    "melee_cut": 1,
    "upgrades": { "age_grow": 6, "half_life": 1, "into": "mon_insect_saddler" },
    "special_attacks": [
      {
        "type": "spell",
        "spell_data": { "id": "mon_insect_saddler_baby_potent_target" },
        "cooldown": 100,
        "monster_message": "<color_magenta>The bady saddler twitches...</color>"
      }
    ],
    "vision_day": 4,
    "death_function": [ "NORMAL" ],
    "flags": [ "SEES", "HEARS", "SMELLS", "NO_BREATHE", "CLIMBS", "BASHES", "POISON", "STUMBLES", "LARVA" ]
  },
  {
    "id": "mon_insect_saddler_baby",
    "type": "MONSTER",
    "name": "baby saddler",
    "description": "A rancid, immature saddler, stumbling frequently as its feeble limbs twitch without command.",
    "default_faction": "saddler",
    "species": [ "SSADDLER" ],
    "volume": "750 ml",
    "weight": 1000,
    "hp": 5,
    "speed": 35,
    "material": [ "flesh" ],
    "harvest": "zombie",
    "symbol": "h",
    "color": "light_green",
    "anger_triggers": [ "FRIEND_ATTACKED", "FRIEND_DIED" ],
    "aggression": 0,
    "morale": 0,
    "melee_skill": 0,
    "melee_dice": 1,
    "melee_dice_sides": 2,
    "melee_cut": 1,
    "upgrades": { "age_grow": 6, "half_life": 1, "into": "mon_insect_saddler" },
    "vision_day": 4,
    "death_function": [ "NORMAL" ],
    "flags": [ "SEES", "HEARS", "SMELLS", "NO_BREATHE", "CLIMBS", "BASHES", "POISON", "STUMBLES", "LARVA" ]
  },
  {
    "id": "mon_insect_saddler",
    "type": "MONSTER",
    "name": "saddler",
    "description": "An alien-like insect, distinct to its several spindly limbs, beany eyes and skinny hide. Its humped head and large bottom slit suggests its organ's not functioning in animalistic way.",
    "default_faction": "saddler",
    "species": [ "SSADDLER" ],
    "volume": "4000 ml",
    "weight": 4000,
    "harvest": "zombie",
    "hp": 20,
    "speed": 100,
    "material": [ "flesh" ],
    "symbol": "h",
    "anger_triggers": [ "FRIEND_ATTACKED", "FRIEND_DIED" ],
    "color": "green",
    "aggression": 5,
    "morale": 5,
    "melee_skill": 2,
    "melee_dice": 1,
    "melee_dice_sides": 3,
    "melee_cut": 2,
    "armor_bash": 2,
    "armor_stab": 1,
    "vision_day": 6,
    "special_attack": [
      { "type": "leap", "cooldown": 60, "max_range": 4 },
      { "type": "leap", "cooldown": 15, "max_range": 3, "min_range": 2, "allow_no_target": true }
    ],
    "death_function": [ "NORMAL" ],
    "flags": [ "SEES", "HEARS", "SMELLS", "NO_BREATHE", "CLIMBS", "BASHES", "POISON" ]
  },
  {
    "id": "mon_insect_saddler_brute",
    "type": "MONSTER",
    "name": "saddler brute",
    "description": "Saddler with a huge hump and limbs twice the size its predecessor. Unlike others, its primal instinct is more on ferocious onslaughts.",
    "default_faction": "saddler",
    "species": [ "SSADDLER" ],
    "volume": "18000 ml",
    "weight": 10500,
    "harvest": "zombie",
    "hp": 65,
    "speed": 65,
    "material": [ "flesh" ],
    "symbol": "h",
    "anger_triggers": [ "FRIEND_ATTACKED", "FRIEND_DIED" ],
    "color": "dark_gray",
    "aggression": 50,
    "morale": 25,
    "melee_skill": 4,
    "melee_dice": 2,
    "melee_dice_sides": 4,
    "melee_cut": 2,
    "vision_day": 12,
    "armor_bash": 4,
    "armor_cut": 1,
    "armor_stab": 2,
    "special_attack": [
      { "type": "leap", "cooldown": 120, "max_range": 4 },
      { "type": "leap", "cooldown": 30, "max_range": 3, "min_range": 2, "allow_no_target": true }
    ],
    "death_function": [ "NORMAL" ],
    "flags": [ "SEES", "HEARS", "SMELLS", "NO_BREATHE", "CLIMBS", "BASHES", "POISON", "PUSH_MON" ]
  },
  {
    "id": "mon_insect_saddler_scout",
    "type": "MONSTER",
    "name": "saddler scout",
    "description": "A thin, slender saddler, drooling foul substance as it travel in its sharp limbs. Frail, it excels in sprinting all the way to its desired target.",
    "default_faction": "saddler",
    "species": [ "SSADDLER" ],
    "volume": "4750 ml",
    "weight": 4750,
    "harvest": "zombie",
    "hp": 30,
    "speed": 110,
    "material": [ "flesh" ],
    "symbol": "h",
    "anger_triggers": [ "FRIEND_ATTACKED", "FRIEND_DIED" ],
    "color": "red",
    "aggression": 50,
    "morale": 25,
    "melee_skill": 4,
    "melee_dice": 1,
    "melee_dice_sides": 2,
    "melee_cut": 4,
    "dodge": 5,
    "vision_day": 15,
    "armor_bash": 1,
    "special_attack": [
      { "type": "leap", "cooldown": 30, "max_range": 4 },
      { "type": "leap", "cooldown": 15, "max_range": 3, "min_range": 2, "allow_no_target": true }
    ],
    "death_function": [ "NORMAL" ],
    "flags": [ "SEES", "HEARS", "SMELLS", "NO_BREATHE", "CLIMBS", "BASHES", "POISON" ]
  },
  {
    "note": "Saddlers are stronger when they manipulate a creature. Living, sentient creatures (humans, which are rare for saddlers to seek for) possesses more raw strength than undeads (zeds are common due to cataclysm).",
    "id": "mon_saddler_infected",
    "type": "MONSTER",
    "name": "infected saddler",
    "description": "Once human, now a stout vessel succumbed to the parasitic fiend. Its entire head has been 'eaten' under the slit of the saddler, while its hands has turned into viscious sharp claws. It moans in agony, and somewhat deep, inaudible mumbling voice is heard while near it.",
    "default_faction": "saddler",
    "species": [ "SSADDLER", "HUMAN" ],
    "volume": "62500 ml",
    "weight": 81500,
    "hp": 180,
    "harvest": "human",
    "speed": 70,
    "material": [ "hflesh" ],
    "symbol": "@",
    "color": "green",
    "aggression": 100,
    "morale": 100,
    "melee_skill": 6,
    "melee_dice": 1,
    "melee_dice_sides": 6,
    "melee_cut": 6,
    "dodge": 1,
    "armor_bash": 8,
    "armor_cut": 2,
    "armor_stab": 4,
    "special_attacks": [ { "type": "bite", "cooldown": 25 }, [ "GRAB", 40 ], [ "scratch", 32 ], [ "PARROT", 22 ] ],
    "death_drops": { "subtype": "collection", "groups": [ "default_zombie_death_drops", "mon_insect_saddler_death_drop" ] },
    "death_function": [ "NORMAL" ],
    "flags": [ "SEES", "HEARS", "SMELLS", "WARM", "BASHES", "GROUP_BASH", "POISON", "NO_BREATHE", "BONES", "FILTHY", "GRABS" ]
  },
  {
    "id": "mon_saddler_infected_brute",
    "type": "MONSTER",
    "name": "infected brute",
    "description": "A humped human fallen under control to the brutal saddler. Its defiled claws reek with blood, hinting its sudden alteration caused minor drawbacks visible to its thickened skin layers.",
    "default_faction": "saddler",
    "species": [ "SSADDLER", "HUMAN" ],
    "volume": "62500 ml",
    "weight": 81500,
    "hp": 220,
    "harvest": "human",
    "speed": 60,
    "material": [ "hflesh" ],
    "symbol": "@",
    "color": "dark_gray",
    "aggression": 100,
    "morale": 100,
    "melee_skill": 8,
    "melee_dice": 3,
    "melee_dice_sides": 6,
    "melee_cut": 4,
    "armor_bash": 16,
    "armor_cut": 4,
    "armor_stab": 8,
    "special_attacks": [ { "type": "bite", "cooldown": 25 }, [ "GRAB", 40 ], [ "scratch", 32 ], [ "PARROT", 22 ] ],
    "death_drops": { "subtype": "collection", "groups": [ "default_zombie_death_drops", "mon_insect_saddler_brute_death_drop" ] },
    "death_function": [ "NORMAL" ],
    "flags": [ "SEES", "HEARS", "SMELLS", "WARM", "BASHES", "GROUP_BASH", "POISON", "NO_BREATHE", "BONES", "FILTHY", "GRABS" ]
  },
  {
    "id": "mon_saddler_infected_scout",
    "type": "MONSTER",
    "name": "infected scout",
    "description": "An infected human with a slender and seemingly flexible body, with claws curved into horrifying pairs of sharp slashers. Yet deadly, its alteration causes the host's flesh and internal organs to become dense, which made its vital extremeties much fragile.",
    "default_faction": "saddler",
    "species": [ "SSADDLER", "HUMAN" ],
    "volume": "62500 ml",
    "weight": 81500,
    "hp": 80,
    "harvest": "human",
    "speed": 105,
    "material": [ "hflesh" ],
    "symbol": "@",
    "color": "red",
    "aggression": 100,
    "morale": 100,
    "melee_skill": 8,
    "melee_dice": 1,
    "melee_dice_sides": 3,
    "melee_cut": 8,
    "dodge": 5,
    "armor_bash": 4,
    "armor_cut": 1,
    "armor_stab": 2,
    "special_attacks": [ { "type": "bite", "cooldown": 25 }, [ "GRAB", 40 ], [ "scratch", 32 ], [ "PARROT", 22 ] ],
    "death_drops": { "subtype": "collection", "groups": [ "default_zombie_death_drops", "mon_insect_saddler_scout_death_drop" ] },
    "death_function": [ "NORMAL" ],
    "flags": [ "SEES", "HEARS", "SMELLS", "WARM", "BASHES", "GROUP_BASH", "POISON", "NO_BREATHE", "BONES", "FILTHY", "GRABS" ]
  },
  {
    "id": "mon_zombie_saddler_infected",
    "type": "MONSTER",
    "name": "zombie saddler",
    "description": "A corpse with large, skinny head dripping in black goo and a pair of intimidating sharp claws. Unknown to how the saddler managed to manipulate this undead's mind, but surely its senses are duller and the body alterations were amplified unlike the living's.",
    "default_faction": "saddler",
    "species": [ "SSADDLER", "ZOMBIE" ],
    "volume": "62500 ml",
    "weight": 81500,
    "hp": 125,
    "harvest": "zombie",
    "speed": 55,
    "material": [ "flesh" ],
    "symbol": "Z",
    "color": "green",
    "aggression": 100,
    "morale": 100,
    "melee_skill": 4,
    "melee_dice": 1,
    "melee_dice_sides": 4,
    "melee_cut": 5,
    "dodge": 1,
    "armor_bash": 4,
    "armor_cut": 1,
    "armor_stab": 2,
    "special_attacks": [ { "type": "bite", "cooldown": 25 }, [ "GRAB", 40 ], [ "scratch", 32 ] ],
    "vision_day": 10,
    "vision_night": 2,
    "death_drops": { "subtype": "collection", "groups": [ "default_zombie_death_drops", "mon_insect_saddler_death_drop" ] },
    "death_function": [ "NORMAL" ],
    "flags": [ "SEES", "HEARS", "SMELLS", "WARM", "BASHES", "GROUP_BASH", "POISON", "NO_BREATHE", "BONES", "FILTHY", "GRABS" ]
  },
  {
    "id": "mon_zombie_saddler_infected_brute",
    "type": "MONSTER",
    "name": "zombie brute",
    "description": "A rugged zombie with a large saddler head and hands turned into bony claws. Its body can take a number of blows, but the stiffness of its skin made its movements look like it was crippled.",
    "default_faction": "saddler",
    "species": [ "SSADDLER", "ZOMBIE" ],
    "volume": "62500 ml",
    "weight": 81500,
    "hp": 170,
    "harvest": "zombie",
    "speed": 45,
    "material": [ "flesh" ],
    "symbol": "Z",
    "color": "dark_gray",
    "aggression": 100,
    "morale": 100,
    "melee_skill": 6,
    "melee_dice": 2,
    "melee_dice_sides": 6,
    "melee_cut": 3,
    "armor_bash": 8,
    "armor_cut": 2,
    "armor_stab": 4,
    "special_attacks": [ { "type": "bite", "cooldown": 25 }, [ "GRAB", 40 ], [ "scratch", 32 ] ],
    "vision_day": 10,
    "vision_night": 2,
    "death_drops": { "subtype": "collection", "groups": [ "default_zombie_death_drops", "mon_insect_saddler_brute_death_drop" ] },
    "death_function": [ "NORMAL" ],
    "flags": [ "SEES", "HEARS", "SMELLS", "WARM", "BASHES", "GROUP_BASH", "POISON", "NO_BREATHE", "BONES", "FILTHY", "GRABS" ]
  },
  {
    "id": "mon_zombie_saddler_infected_scout",
    "type": "MONSTER",
    "name": "zombie scout",
    "description": "A slim corpse with a slender saddler as its head and arms twice the average length, tipped with viciously sharp claws. Despite its thin, feeble body, it's nimble motion outpaces most of its target.",
    "default_faction": "saddler",
    "species": [ "SSADDLER", "ZOMBIE" ],
    "volume": "62500 ml",
    "weight": 81500,
    "hp": 55,
    "harvest": "zombie",
    "speed": 100,
    "material": [ "flesh" ],
    "symbol": "Z",
    "color": "red",
    "aggression": 100,
    "morale": 100,
    "melee_skill": 6,
    "melee_dice": 1,
    "melee_dice_sides": 3,
    "melee_cut": 7,
    "dodge": 4,
    "armor_bash": 2,
    "armor_stab": 1,
    "special_attacks": [ { "type": "bite", "cooldown": 25 }, [ "GRAB", 40 ], [ "scratch", 32 ] ],
    "death_drops": { "subtype": "collection", "groups": [ "default_zombie_death_drops", "mon_insect_saddler_scout_death_drop" ] },
    "death_function": [ "NORMAL" ],
    "flags": [ "SEES", "HEARS", "SMELLS", "WARM", "BASHES", "GROUP_BASH", "POISON", "NO_BREATHE", "BONES", "FILTHY", "GRABS" ]
  }
]
