[
  {
    "id": "secro_power_armor_flesh_create_fite_bspear",
    "type": "TOOL_ARMOR",
    "category": "armor",
    "name": { "str": "<color_pink>[FORM]</color> <color_light_red>fighter creation</color> - bone spear" },
    "description": "Activate this to command the flesh vessel to form the selected creation. Failing to do so won't revoke flesh consumption.",
    "weight": "0 g",
    "volume": "0 ml",
    "price": 0,
    "price_postapoc": 0,
    "material": [ "flesh" ],
    "symbol": "%",
    "color": "light_red",
    "coverage": 0,
    "encumbrance": 0,
    "power_armor": true,
    "material_thickness": 1,
    "use_action": {
      "type": "cast_spell",
      "spell_id": "secro_power_armor_flesh_created_fite_bspear_give",
      "no_fail": true,
      "need_worn": true,
      "level": 0
    },
    "flags": [ "NO_TAKEOFF", "POWERARMOR_COMPATIBLE" ]
  },
  {
    "id": "secro_power_armor_flesh_created_fite_bspear",
    "type": "GENERIC",
    "symbol": "/",
    "color": "red",
    "name": { "str": "<color_light_red>fighter creation</color> - bone spear" },
    "description": "Formed using the flesh's versatile cell reconstruction. This bio-organic spear is tipped with a barbed bone head, while the rest is made of flesh webbings and fibers.",
    "price": 0,
    "price_postapoc": 0,
    "to_hit": 3,
    "material": [ "flesh", "bone" ],
    "flags": [ "DURABLE_MELEE", "TRADER_AVOID", "REACH_ATTACK", "SHEATH_SPEAR", "ALWAYS_TWOHAND" ],
    "techniques": [ "WBLOCK_1", "WIDE", "SWEEP" ],
    "weight": "2785 g",
    "volume": "3325 ml",
    "bashing": 14,
    "cutting": 34,
    "qualities": [ [ "COOK", 1 ], [ "BUTCHER", -100 ] ]
  },
  {
    "id": "secro_power_armor_flesh_create_gun_bonerifle",
    "type": "TOOL_ARMOR",
    "category": "armor",
    "name": { "str": "<color_pink>[FORM]</color> <color_light_blue>gunner creation</color> - bone rifle" },
    "description": "Activate this to command the flesh vessel to form the selected creation. Failing to do so won't revoke flesh consumption.",
    "weight": "0 g",
    "volume": "0 ml",
    "price": 0,
    "price_postapoc": 0,
    "material": [ "flesh" ],
    "symbol": "%",
    "color": "light_red",
    "coverage": 0,
    "encumbrance": 0,
    "power_armor": true,
    "material_thickness": 1,
    "use_action": {
      "type": "cast_spell",
      "spell_id": "secro_power_armor_flesh_created_gun_bonerifle_give",
      "no_fail": true,
      "need_worn": true,
      "level": 0
    },
    "flags": [ "NO_TAKEOFF", "POWERARMOR_COMPATIBLE" ]
  },
  {
    "id": "secro_power_armor_flesh_created_gun_bonerifle",
    "type": "GUN",
    "reload_noise_volume": 3,
    "symbol": "(",
    "color": "red",
    "name": { "str": "<color_light_blue>gunner creation</color> - bone rifle" },
    "description": "Formed using the flesh's versatile cell reconstruction. This bio-organic rifle shoots needle-like bone projectiles toward its target. It has no trigger mechanism, the rifle only responds to the user's command. Once it receives an input, it generates a tendon shock in the chamber that projects the bullet through its long barrel with high velocity.\n\nActivate to perform:\n<color_cyan><color_pink>[FORM]</color> Replenish</color> - <color_yellow>800 movecost</color>/<color_light_red>5 hp (random)</color>\n<color_white>* Your bone rifle creation commands the vessel to form a stack of bone needles by processing the user's flesh.</color>",
    "price": 0,
    "price_postapoc": 0,
    "material": [ "flesh", "bone" ],
    "flags": [ "TRADER_AVOID", "NEVER_JAMS", "NON-FOULING", "NO_UNLOAD" ],
    "skill": "rifle",
    "ammo": "secro_flesh_boneneedle",
    "weight": "2830 g",
    "volume": "4325 ml",
    "bashing": 10,
    "range": 15,
    "ranged_damage": { "damage_type": "stab", "amount": 18 },
    "dispersion": 150,
    "durability": 10,
    "clip_size": 8,
    "reload": 75,
    "use_action": {
      "type": "cast_spell",
      "spell_id": "secro_power_armor_flesh_created_gun_bonerifle_ammo_give",
      "no_fail": true,
      "need_wield": true,
      "level": 0
    }
  },
  {
    "id": "secro_power_armor_flesh_create_jugg_bpick",
    "type": "TOOL_ARMOR",
    "category": "armor",
    "name": { "str": "<color_pink>[FORM]</color> <color_yellow>juggernaut creation</color> - bone pick" },
    "description": "Activate this to command the flesh vessel to form the selected creation. Failing to do so won't revoke flesh consumption.",
    "weight": "0 g",
    "volume": "0 ml",
    "price": 0,
    "price_postapoc": 0,
    "material": [ "flesh" ],
    "symbol": "%",
    "color": "light_red",
    "coverage": 0,
    "encumbrance": 0,
    "power_armor": true,
    "material_thickness": 1,
    "use_action": {
      "type": "cast_spell",
      "spell_id": "secro_power_armor_flesh_created_jugg_bpick_give",
      "no_fail": true,
      "need_worn": true,
      "level": 0
    },
    "flags": [ "NO_TAKEOFF", "POWERARMOR_COMPATIBLE" ]
  },
  {
    "id": "secro_power_armor_flesh_created_jugg_bpick",
    "type": "TOOL",
    "name": { "str": "<color_yellow>juggernaut creation</color> - bone pick" },
    "description": "Formed using the flesh's versatile cell reconstruction. This bio-organic pickaxe has an intensely compressed bone on its head and a calcified flesh as its handle.",
    "weight": "4125 g",
    "volume": "2 L",
    "price": 0,
    "price_postapoc": 0,
    "bashing": 10,
    "cutting": 6,
    "material": [ "flesh", "bone" ],
    "symbol": "/",
    "color": "red",
    "use_action": "PICKAXE",
    "techniques": [ "WBLOCK_1" ],
    "flags": [ "TRADER_AVOID", "SPEAR", "DURABLE_MELEE", "DIG_TOOL", "SHEATH_AXE" ]
  }
]