[
  {
    "id": "secro_power_armor_flesh_morph_fite_blades",
    "type": "TOOL_ARMOR",
    "category": "armor",
    "name": { "str": "<color_light_green>[MORPH]</color> <color_light_red>fighter armament</color> - bone blades" },
    "description": "Activate this to command the flesh vessel to morph towards the selected armament. Failing to do so won't revoke flesh consumption. Similar morphs does not stack.",
    "weight": "0 g",
    "volume": "0 ml",
    "price": 0,
    "price_postapoc": 0,
    "material": [ "flesh" ],
    "symbol": "%",
    "color": "light_red",
    "coverage": 0,
    "encumbrance": 0,
    "power_armor": true,
    "material_thickness": 1,
    "use_action": {
      "type": "cast_spell",
      "spell_id": "secro_power_armor_flesh_morphed_fite_blades_give",
      "no_fail": true,
      "need_worn": true,
      "level": 0
    },
    "flags": [ "NO_TAKEOFF", "POWERARMOR_COMPATIBLE" ]
  },
  {
    "id": "secro_power_armor_flesh_morphed_fite_blades",
    "type": "TOOL_ARMOR",
    "category": "armor",
    "name": { "str": "<color_light_red>fighter armament</color> - bone blades" },
    "description": "Protruding on your joints are sharp and deadly curved blades composed of flesh and bones. Excels at close-range assaults.",
    "weight": "400 g",
    "volume": "145 ml",
    "price": 0,
    "price_postapoc": 0,
    "material": [ "flesh" ],
    "symbol": "%",
    "color": "light_red_white",
    "coverage": 0,
    "encumbrance": 0,
    "power_armor": true,
    "material_thickness": 1,
    "relic_data": {
      "passive_effects": [
        {
          "has": "WORN",
          "condition": "ALWAYS",
          "hit_you_effect": [
            {
              "id": "secro_power_armor_flesh_morphed_fite_blades_lowcut",
              "hit_self": false,
              "once_in": 8,
              "message": "Your bone blades slashed %2$s!",
              "npc_message": "%1$s slashes %2$s!"
            },
            {
              "id": "secro_power_armor_flesh_morphed_fite_blades_highcut",
              "hit_self": false,
              "once_in": 80,
              "message": "Your bone blade rakes %2$s!",
              "npc_message": "%1$s rakes %2$s!"
            }
          ]
        }
      ]
    },
    "flags": [ "NO_TAKEOFF", "ONLY_ONE", "POWERARMOR_COMPATIBLE" ]
  },
  {
    "id": "secro_power_armor_flesh_morph_fite_tentacles",
    "type": "TOOL_ARMOR",
    "category": "armor",
    "name": { "str": "<color_light_green>[MORPH]</color> <color_light_red>fighter armament</color> - twisted veins" },
    "description": "Activate this to command the flesh vessel to morph towards the selected armament. Failing to do so won't revoke flesh consumption. Similar morphs does not stack.",
    "weight": "0 g",
    "volume": "0 ml",
    "price": 0,
    "price_postapoc": 0,
    "material": [ "flesh" ],
    "symbol": "%",
    "color": "light_red",
    "coverage": 0,
    "encumbrance": 0,
    "power_armor": true,
    "material_thickness": 1,
    "use_action": {
      "type": "cast_spell",
      "spell_id": "secro_power_armor_flesh_morphed_fite_tentacles_give",
      "no_fail": true,
      "need_worn": true,
      "level": 0
    },
    "flags": [ "NO_TAKEOFF", "POWERARMOR_COMPATIBLE" ]
  },
  {
    "id": "secro_power_armor_flesh_morphed_fite_tentacles",
    "type": "TOOL_ARMOR",
    "category": "armor",
    "name": { "str": "<color_light_red>fighter armament</color> - twisted veins" },
    "description": "Sprouting on your back are several slender tentacle outgrowths writhing incessantly, each tipped with a barbed stinger.\n\nActivate to perform:\n<color_cyan>Widespread Paralysis</color> - <color_yellow>1250 movecost</color>\n<color_white>* Your twisted veins seek for foes inside a 3 tile radius, then injects them with a numbing compound secreted from the barbs. Attacks 5 up to 8 times.</color>",
    "weight": "220 g",
    "volume": "400 ml",
    "price": 0,
    "price_postapoc": 0,
    "material": [ "flesh" ],
    "symbol": "%",
    "color": "light_red_white",
    "coverage": 0,
    "encumbrance": 0,
    "power_armor": true,
    "material_thickness": 1,
    "use_action": {
      "type": "cast_spell",
      "spell_id": "secro_power_armor_flesh_morphed_fite_tentacles_random",
      "no_fail": true,
      "need_worn": true,
      "level": 0
    },
    "relic_data": {
      "passive_effects": [
        {
          "has": "WORN",
          "condition": "ALWAYS",
          "hit_you_effect": [
            {
              "id": "secro_power_armor_flesh_morphed_fite_tentacles_lowstab",
              "hit_self": false,
              "once_in": 10,
              "message": "Your vein injects %2$s!",
              "npc_message": "%1$s's vein injects %2$s!"
            },
            {
              "id": "secro_power_armor_flesh_morphed_fite_tentacles_highstab",
              "hit_self": false,
              "once_in": 100,
              "message": "Your veins goes wild, then pierces at %2$s!",
              "npc_message": "%1$s's vein has gone wild, then pierced %2$s!"
            }
          ]
        }
      ]
    },
    "flags": [ "NO_TAKEOFF", "ONLY_ONE", "POWERARMOR_COMPATIBLE" ]
  },
  {
    "id": "secro_power_armor_flesh_morph_fite_fleshpound",
    "type": "TOOL_ARMOR",
    "category": "armor",
    "name": { "str": "<color_light_green>[MORPH]</color> <color_light_red>fighter armament</color> - fleshpound" },
    "description": "Activate this to command the flesh vessel to morph towards the selected armament. Failing to do so won't revoke flesh consumption. Similar morphs does not stack.",
    "weight": "0 g",
    "volume": "0 ml",
    "price": 0,
    "price_postapoc": 0,
    "material": [ "flesh" ],
    "symbol": "%",
    "color": "light_red",
    "coverage": 0,
    "encumbrance": 0,
    "power_armor": true,
    "material_thickness": 1,
    "use_action": {
      "type": "cast_spell",
      "spell_id": "secro_power_armor_flesh_morphed_fite_fleshpound_give",
      "no_fail": true,
      "need_worn": true,
      "level": 0
    },
    "flags": [ "NO_TAKEOFF", "POWERARMOR_COMPATIBLE" ]
  },
  {
    "id": "secro_power_armor_flesh_morphed_fite_fleshpound",
    "type": "TOOL_ARMOR",
    "category": "armor",
    "name": { "str": "<color_light_red>fighter armament</color> - fleshpound" },
    "description": "Flesh vessel's arms became a compact mass of throbbing meat, and you feel its power surging through you. Its makes handling difficult, but they pack a wallop!\n\n<color_light_red>Fighter armament</color> - fleshpound provides:\n<color_white>Strength: <color_light_green>+2</color>\nDamage: <color_light_green>+5%</color>\nAttack cost: <color_red>+7.5%</color></color>",
    "weight": "2900 g",
    "volume": "1780 ml",
    "price": 0,
    "price_postapoc": 0,
    "material": [ "flesh" ],
    "symbol": "%",
    "color": "light_red_white",
    "coverage": 0,
    "encumbrance": 0,
    "power_armor": true,
    "material_thickness": 1,
    "relic_data": {
      "passive_effects": [
        {
          "has": "WORN",
          "condition": "ALWAYS",
          "values": [
            { "value": "STRENGTH", "add": 1 },
            { "value": "BONUS_DAMAGE", "multiply": 0.025 },
            { "value": "ATTACK_COST", "multiply": 0.0375 }
          ],
          "hit_you_effect": [
            {
              "id": "secro_power_armor_flesh_morphed_fite_fleshpound_powpunch",
              "hit_self": false,
              "once_in": 150,
              "message": "Your powerpunched %2$s!",
              "npc_message": "%1$s powerpunched %2$s!"
            }
          ]
        }
      ]
    },
    "flags": [ "NO_TAKEOFF", "ONLY_ONE", "POWERARMOR_COMPATIBLE" ]
  },
  {
    "id": "secro_power_armor_flesh_morph_fite_jawarms",
    "type": "TOOL_ARMOR",
    "category": "armor",
    "name": { "str": "<color_light_green>[MORPH]</color> <color_light_red>fighter armament</color> - jawed biters" },
    "description": "Activate this to command the flesh vessel to morph towards the selected armament. Failing to do so won't revoke flesh consumption. Similar morphs does not stack.",
    "weight": "0 g",
    "volume": "0 ml",
    "price": 0,
    "price_postapoc": 0,
    "material": [ "flesh" ],
    "symbol": "%",
    "color": "light_red",
    "coverage": 0,
    "encumbrance": 0,
    "power_armor": true,
    "material_thickness": 1,
    "use_action": {
      "type": "cast_spell",
      "spell_id": "secro_power_armor_flesh_morphed_fite_jawarms_give",
      "no_fail": true,
      "need_worn": true,
      "level": 0
    },
    "flags": [ "NO_TAKEOFF", "POWERARMOR_COMPATIBLE" ]
  },
  {
    "id": "secro_power_armor_flesh_morphed_fite_jawarms",
    "type": "TOOL_ARMOR",
    "category": "armor",
    "name": { "str": "<color_light_red>fighter armament</color> - jawed biters" },
    "description": "Under your palms are large, gaping orifices rowed with irregular teeth lining. It nibbles anything it comes in contact. With their strong jaws, it excels at gnawing on its prey.\n\n<color_light_red>Fighter armament</color> - jawed biters provides:\n<color_white>Attack cost: <color_red>+5%</color></color>",
    "weight": "2900 g",
    "volume": "1780 ml",
    "price": 0,
    "price_postapoc": 0,
    "material": [ "flesh" ],
    "symbol": "%",
    "color": "light_red_white",
    "coverage": 0,
    "encumbrance": 0,
    "power_armor": true,
    "material_thickness": 1,
    "relic_data": {
      "passive_effects": [
        {
          "has": "WORN",
          "condition": "ALWAYS",
          "values": [ { "value": "ATTACK_COST", "multiply": 0.025 } ],
          "hit_you_effect": [
            {
              "id": "secro_power_armor_flesh_morphed_fite_jawarms_lowdmg",
              "hit_self": false,
              "once_in": 12,
              "message": "Your biter gnaws at %2$s!",
              "npc_message": "%1$s's biter gnaws at %2$s!"
            },
            {
              "id": "secro_power_armor_flesh_morphed_fite_jawarms_highdmg",
              "hit_self": false,
              "once_in": 120,
              "message": "Your biter crunches at %2$s!",
              "npc_message": "%1$s's biter crunched %2$s!"
            }
          ]
        }
      ]
    },
    "flags": [ "NO_TAKEOFF", "ONLY_ONE", "POWERARMOR_COMPATIBLE" ]
  },
  {
    "id": "secro_power_armor_flesh_morph_gun_spit",
    "type": "TOOL_ARMOR",
    "category": "armor",
    "name": { "str": "<color_light_green>[MORPH]</color> <color_light_blue>gunner armament</color> - spitter" },
    "description": "Activate this to command the flesh vessel to morph towards the selected armament. Failing to do so won't revoke flesh consumption. Similar morphs does not stack.",
    "weight": "0 g",
    "volume": "0 ml",
    "price": 0,
    "price_postapoc": 0,
    "material": [ "flesh" ],
    "symbol": "%",
    "color": "cyan",
    "coverage": 0,
    "encumbrance": 0,
    "power_armor": true,
    "material_thickness": 1,
    "use_action": {
      "type": "cast_spell",
      "spell_id": "secro_power_armor_flesh_morphed_gun_spit_give",
      "no_fail": true,
      "need_worn": true,
      "level": 0
    },
    "flags": [ "NO_TAKEOFF", "POWERARMOR_COMPATIBLE" ]
  },
  {
    "id": "secro_power_armor_flesh_morphed_gun_spit",
    "type": "TOOL_ARMOR",
    "category": "armor",
    "name": { "str": "<color_light_blue>gunner armament</color> - spitter" },
    "description": "An elongated proboscis-like limb protrudes from your shoulder, and it twitches, occasionally. The limb drools with sizzling blood acid.\n\nActivate to perform:\n<color_cyan>Crimson Shower</color> - <color_yellow>900 movecost</color>\n<color_white>* Your spitter armanent accumulates blood acid, then sends it towards the target in a short, small cone.</color>",
    "weight": "110 g",
    "volume": "295 ml",
    "price": 0,
    "price_postapoc": 0,
    "material": [ "flesh" ],
    "symbol": "%",
    "color": "cyan_white",
    "coverage": 0,
    "encumbrance": 0,
    "power_armor": true,
    "material_thickness": 1,
    "use_action": {
      "type": "cast_spell",
      "spell_id": "secro_power_armor_flesh_morphed_gun_spit_cs",
      "no_fail": true,
      "need_worn": true,
      "level": 0
    },
    "relic_data": {
      "passive_effects": [
        {
          "has": "WORN",
          "condition": "ALWAYS",
          "intermittent_activation": {
            "effects": [ { "frequency": "45 seconds", "spell_effects": [ { "id": "secro_power_armor_flesh_morphed_gun_spit_as_target" } ] } ]
          }
        }
      ]
    },
    "flags": [ "NO_TAKEOFF", "ONLY_ONE", "POWERARMOR_COMPATIBLE" ]
  },
  {
    "id": "secro_power_armor_flesh_morph_gun_bonelance",
    "type": "TOOL_ARMOR",
    "category": "armor",
    "name": { "str": "<color_light_green>[MORPH]</color> <color_light_blue>gunner armament</color> - bone lancer" },
    "description": "Activate this to command the flesh vessel to morph towards the selected armament. Failing to do so won't revoke flesh consumption. Similar morphs does not stack.",
    "weight": "0 g",
    "volume": "0 ml",
    "price": 0,
    "price_postapoc": 0,
    "material": [ "flesh" ],
    "symbol": "%",
    "color": "cyan",
    "coverage": 0,
    "encumbrance": 0,
    "power_armor": true,
    "material_thickness": 1,
    "use_action": {
      "type": "cast_spell",
      "spell_id": "secro_power_armor_flesh_morphed_gun_bonelance_give",
      "no_fail": true,
      "need_worn": true,
      "level": 0
    },
    "flags": [ "NO_TAKEOFF", "POWERARMOR_COMPATIBLE" ]
  },
  {
    "id": "secro_power_armor_flesh_morphed_gun_bonelance",
    "type": "TOOL_ARMOR",
    "category": "armor",
    "name": { "str": "<color_light_blue>gunner armament</color> - bone lancer" },
    "description": "A large, gaping orifice has replaced your left hand. Lined with sharp, calcified materials, it severely hampers your handling with objects.\n\n<color_light_blue>Gunner armament</color> - bone lancer provides:\n<color_white>Attack cost: <color_red>+20%</color>\n\nActivate to perform:\n<color_cyan>Lancer Shot</color> - <color_yellow>450 movecost</color>\n<color_white>* You bone launcher armament spew chunks of deformed bone spikes onto the target, which stuns them for few turns.</color>",
    "weight": "1300 g",
    "volume": "1835 ml",
    "price": 0,
    "price_postapoc": 0,
    "material": [ "flesh" ],
    "symbol": "%",
    "color": "cyan_white",
    "coverage": 0,
    "encumbrance": 0,
    "power_armor": true,
    "material_thickness": 1,
    "use_action": {
      "type": "cast_spell",
      "spell_id": "secro_power_armor_flesh_morphed_gun_bonelance_random",
      "no_fail": true,
      "need_worn": true,
      "level": 0
    },
    "relic_data": {
      "passive_effects": [ { "has": "WORN", "condition": "ALWAYS", "values": [ { "value": "ATTACK_COST", "multiply": 0.1 } ] } ]
    },
    "flags": [ "NO_TAKEOFF", "ONLY_ONE", "POWERARMOR_COMPATIBLE" ]
  },
  {
    "id": "secro_power_armor_flesh_morph_jugg_bonespikes",
    "type": "TOOL_ARMOR",
    "category": "armor",
    "name": { "str": "<color_light_green>[MORPH]</color> <color_yellow>juggernaut armament</color> - bone spikes" },
    "description": "Activate this to command the flesh vessel to morph towards the selected armament. Failing to do so won't revoke flesh consumption. Similar morphs does not stack.",
    "weight": "0 g",
    "volume": "0 ml",
    "price": 0,
    "price_postapoc": 0,
    "material": [ "flesh" ],
    "symbol": "%",
    "color": "cyan",
    "coverage": 0,
    "encumbrance": 0,
    "power_armor": true,
    "material_thickness": 1,
    "use_action": {
      "type": "cast_spell",
      "spell_id": "secro_power_armor_flesh_morphed_jugg_bonespikes_give",
      "no_fail": true,
      "need_worn": true,
      "level": 0
    },
    "flags": [ "NO_TAKEOFF", "POWERARMOR_COMPATIBLE" ]
  },
  {
    "id": "secro_power_armor_flesh_morphed_jugg_bonespikes",
    "type": "TOOL_ARMOR",
    "category": "armor",
    "name": { "str": "<color_yellow>juggernaut armament</color> - bone spikes" },
    "description": "Your vessel were covered by numerous large, bone outgrowths. Serves as a great protection, at a cost of mobility.\n\n<color_yellow>Juggernaut armament</color> - bone spikes provides:\n<color_white>Speed: <color_red>-5%</color></color>\n\nActivate to perform:\n<color_cyan>Skeletal Outburst</color> - <color_yellow>750 movecost</color>/<color_light_red>2 hp (all)</color>\n<color_white>* Your flesh vessel channels the bone spike armament to force its growth, resulting in a sudden burst of long, sharp spikes that randomly protrudes in every direction.</color>",
    "weight": "3240 g",
    "volume": "5445 ml",
    "price": 0,
    "price_postapoc": 0,
    "material": [ "flesh" ],
    "symbol": "%",
    "color": "cyan_white",
    "coverage": 0,
    "encumbrance": 0,
    "power_armor": true,
    "material_thickness": 1,
    "use_action": {
      "type": "cast_spell",
      "spell_id": "secro_power_armor_flesh_morphed_jugg_bonespikes_skeletaloutburst_pay",
      "no_fail": true,
      "need_worn": true,
      "level": 0
    },
    "relic_data": {
      "passive_effects": [
        {
          "has": "WORN",
          "condition": "ALWAYS",
          "hit_me_effect": [
            {
              "id": "secro_power_armor_flesh_morphed_jugg_bonespikes_lowstab",
              "hit_self": false,
              "once_in": 5,
              "message": "Your bone spike reacts to %2$s!",
              "npc_message": "%1$s's bone spike pricked %2$s!"
            },
            {
              "id": "secro_power_armor_flesh_morphed_jugg_bonespikes_highstab",
              "hit_self": false,
              "once_in": 50,
              "message": "Your bone spike retaliates at %2$s!",
              "npc_message": "%1$s's bone spike retaliates at %2$s!"
            }
          ]
        }
      ]
    },
    "flags": [ "NO_TAKEOFF", "ONLY_ONE", "POWERARMOR_COMPATIBLE" ]
  },
  {
    "id": "secro_power_armor_flesh_morph_coward_powerlegs",
    "type": "TOOL_ARMOR",
    "category": "armor",
    "name": { "str": "<color_light_green>[MORPH]</color> <color_light_green>agility armament</color> - powerlegs" },
    "description": "Activate this to command the flesh vessel to morph towards the selected armament. Failing to do so won't revoke flesh consumption. Similar morphs does not stack.",
    "weight": "0 g",
    "volume": "0 ml",
    "price": 0,
    "price_postapoc": 0,
    "material": [ "flesh" ],
    "symbol": "%",
    "color": "light_green",
    "coverage": 0,
    "encumbrance": 0,
    "power_armor": true,
    "material_thickness": 1,
    "use_action": {
      "type": "cast_spell",
      "spell_id": "secro_power_armor_flesh_morphed_coward_powerlegs_give",
      "no_fail": true,
      "need_worn": true,
      "level": 0
    },
    "flags": [ "NO_TAKEOFF", "POWERARMOR_COMPATIBLE" ]
  },
  {
    "id": "secro_power_armor_flesh_morphed_coward_powerlegs",
    "type": "TOOL_ARMOR",
    "category": "armor",
    "name": { "str": "<color_light_green>agility armament</color> - powerlegs" },
    "description": "Formed on the vessel's knee joints that stretches down to the soles of its feet are elastic muscle fibers. These allows greater exertion of strength to the wearer's legs.\n\n<color_light_green>agility armament</color> - powerlegs provides:\n<color_white>Speed: <color_red>+10</color>\nMovecost: <color_red>-5%</color></color>",
    "weight": "1335 g",
    "volume": "430 ml",
    "price": 0,
    "price_postapoc": 0,
    "material": [ "flesh" ],
    "symbol": "%",
    "color": "light_green_white",
    "coverage": 0,
    "encumbrance": 0,
    "power_armor": true,
    "material_thickness": 1,
    "relic_data": {
      "passive_effects": [
        {
          "has": "WORN",
          "condition": "ALWAYS",
          "values": [
            { "value": "SPEED", "add": 5 },
            { "value": "MOVE_COST", "multiply": -0.025 }
          ],
          "hit_you_effect": [
            {
              "id": "secro_power_armor_flesh_morphed_coward_powerlegs_powkick",
              "hit_self": false,
              "once_in": 150,
              "message": "You powerkicked %2$s!",
              "npc_message": "%1$s powerkicks %2$s!"
            }
          ]
        }
      ]
    },
    "flags": [ "NO_TAKEOFF", "ONLY_ONE", "POWERARMOR_COMPATIBLE" ]
  }
]
