[
  {
    "id": "secro_power_armor_module_core",
    "type": "TOOL_ARMOR",
    "category": "armor",
    "name": { "str": "Secronom module implant \"Core\"" },
    "description": "A set of power armor modules that installs a power core on the chest that unifies the wearer's bionic power to the suit for energy distribution. Module implant type \"Core\" enables the user to activate/deactivate the power armor and take full control of it, only if the suit has no feature otherwise it is useless.",
    "weight": "500 g",
    "volume": "125 ml",
    "price": 620000,
    "price_postapoc": 62000,
    "to_hit": 1,
    "bashing": 1,
    "material": [ "superalloy" ],
    "symbol": "[",
    "looks_like": "power_armor_frame",
    "color": "red",
    "coverage": 10,
    "encumbrance": 10,
    "power_armor": true,
    "material_thickness": 1,
    "use_action": {
      "type": "ups_based_armor",
      "activate_msg": "Your power armor engages.",
      "deactive_msg": "Your power armor disengages",
      "out_of_power_msg": "Your power disengages disengages"
    },
    "flags": [ "WATERPROOF", "OUTER", "STURDY", "ELECTRIC_IMMUNE", "POWERARMOR_COMPATIBLE" ]
  },
  {
    "id": "secro_power_armor_module_vessel",
    "type": "TOOL_ARMOR",
    "category": "armor",
    "name": { "str": "Secronom module implant \"Vessel\"" },
    "description": "A set of power armor modules that installs a transmission device located on the back of the wearer's head stretching down through the spine. Module implant type \"Vessel\" prevent the user from succumbing to the flesh by using a neural link to unify the suit and its wearer. Uses a built-in UPS.",
    "weight": "1900 g",
    "volume": "790 ml",
    "price": 620000,
    "price_postapoc": 62000,
    "to_hit": 1,
    "bashing": 1,
    "material": [ "superalloy" ],
    "symbol": "[",
    "looks_like": "power_armor_frame",
    "color": "red",
    "coverage": 10,
    "encumbrance": 10,
    "power_armor": true,
    "material_thickness": 1,
    "charges_per_use": 1,
    "use_action": {
      "target": "secro_power_armor_module_vessel_act",
      "msg": "\"Vessel\" module - <color_light_green>online",
      "type": "transform",
      "active": true,
      "menu_text": "Activate \"Vessel\" module"
    },
    "ammo": "battery",
    "max_charges": 500,
    "flags": [ "WATERPROOF", "OUTER", "STURDY", "ELECTRIC_IMMUNE", "POWERARMOR_COMPATIBLE" ]
  },
  {
    "id": "secro_power_armor_module_vessel_act",
    "type": "TOOL_ARMOR",
    "category": "armor",
    "name": { "str": "Secronom module implant \"Vessel\"" },
    "description": "A set of power armor modules that installs a transmission device located on the back of the wearer's head stretching down through the spine. Module implant type \"Vessel\" prevent the user from succumbing to the flesh by using a neural link to unify the suit and its wearer. Uses a built-in UPS.",
    "weight": "1900 g",
    "volume": "790 ml",
    "price": 620000,
    "price_postapoc": 62000,
    "to_hit": 1,
    "bashing": 1,
    "material": [ "superalloy" ],
    "symbol": "[",
    "looks_like": "power_armor_frame",
    "color": "red_white",
    "coverage": 10,
    "encumbrance": 10,
    "power_armor": true,
    "turns_per_charge": 1,
    "material_thickness": 1,
    "charges_per_use": 1,
    "revert_to": "secro_power_armor_module_vessel",
    "use_action": {
      "target": "secro_power_armor_module_vessel",
      "msg": "\"Vessel\" module - <color_red>offline",
      "type": "transform",
      "menu_text": "Deactivate \"Vessel\" module"
    },
    "relic_data": {
      "passive_effects": [
        {
          "has": "WORN",
          "condition": "ALWAYS",
          "intermittent_activation": {
            "effects": [ { "frequency": "5 seconds", "spell_effects": [ { "id": "secro_power_armor_module_vessel_act_link" } ] } ]
          }
        }
      ]
    },
    "ammo": "battery",
    "max_charges": 500,
    "flags": [ "WATERPROOF", "OUTER", "STURDY", "ELECTRIC_IMMUNE", "NO_UNLOAD", "NO_TAKEOFF", "RECHARGE", "POWERARMOR_COMPATIBLE" ]
  },
  {
    "id": "secro_power_armor_module_electric",
    "type": "TOOL_ARMOR",
    "category": "armor",
    "name": { "str": "Secronom module implant \"Shock\"" },
    "description": "A set of power armor modules that installs a pair of augmented gloves. Module implant type \"Shock\" allows the power armor to send electric discharges whenever the user performs an attack. Uses a built-in UPS.",
    "weight": "3005 g",
    "volume": "2 L",
    "price": 1100000,
    "price_postapoc": 110000,
    "to_hit": 1,
    "bashing": 1,
    "material": [ "superalloy" ],
    "symbol": "[",
    "looks_like": "power_armor_frame",
    "color": "cyan",
    "coverage": 10,
    "encumbrance": 10,
    "power_armor": true,
    "material_thickness": 1,
    "charges_per_use": 1,
    "use_action": {
      "target": "secro_power_armor_module_electric_act",
      "msg": "\"Shock\" module - <color_light_green>online",
      "type": "transform",
      "active": true,
      "menu_text": "Activate \"Shock\" module"
    },
    "ammo": "battery",
    "max_charges": 500,
    "flags": [ "WATERPROOF", "OUTER", "STURDY", "ELECTRIC_IMMUNE", "POWERARMOR_COMPATIBLE" ]
  },
  {
    "id": "secro_power_armor_module_electric_act",
    "type": "TOOL_ARMOR",
    "category": "armor",
    "name": { "str": "Secronom module implant \"Shock\"" },
    "description": "A set of power armor modules that installs a pair of augmented gloves. Module implant type \"Shock\" allows the power armor to send electric discharges whenever the user performs an attack. Uses a built-in UPS.",
    "weight": "3005 g",
    "volume": "2 L",
    "price": 1100000,
    "price_postapoc": 110000,
    "to_hit": 1,
    "bashing": 1,
    "material": [ "superalloy" ],
    "symbol": "[",
    "looks_like": "power_armor_frame",
    "color": "cyan_white",
    "coverage": 10,
    "encumbrance": 10,
    "power_armor": true,
    "turns_per_charge": 1,
    "material_thickness": 1,
    "charges_per_use": 1,
    "revert_to": "secro_power_armor_module_electric",
    "use_action": {
      "target": "secro_power_armor_module_electric",
      "msg": "\"Shock\" module - <color_red>offline",
      "type": "transform",
      "menu_text": "Deactivate \"Shock\" module"
    },
    "relic_data": {
      "passive_effects": [
        {
          "has": "WORN",
          "condition": "ALWAYS",
          "hit_you_effect": [
            {
              "id": "secro_power_armor_module_electric_act_shockdischarge",
              "hit_self": false,
              "once_in": 10,
              "message": "Your power gloves shocked %2$s!",
              "npc_message": "%1$s's power gloves %2$s!"
            },
            {
              "id": "secro_power_armor_module_electric_act_random",
              "hit_self": false,
              "once_in": 200,
              "message": "Your power gloves generated several high-powered electric discharges!",
              "npc_message": "%1$s's power gloves overcharged!"
            }
          ]
        }
      ]
    },
    "ammo": "battery",
    "max_charges": 500,
    "flags": [ "WATERPROOF", "OUTER", "STURDY", "ELECTRIC_IMMUNE", "NO_UNLOAD", "NO_TAKEOFF", "RECHARGE", "POWERARMOR_COMPATIBLE" ]
  },
  {
    "id": "secro_power_armor_module_pulsar",
    "type": "TOOL_ARMOR",
    "category": "armor",
    "name": { "str": "Secronom module implant \"Pulsar\"" },
    "description": "A set of power armor modules that installs a pair of prototype shockwave generators located on the shoulder joints. Module implant type \"Pulsar\" emits a powerful, short-ranged pulse in every direction - which can stun affected creatures - whenever the user is disturbed by physical force. Uses a built-in UPS.",
    "weight": "4225 g",
    "volume": "3 L",
    "price": 730000,
    "price_postapoc": 73000,
    "to_hit": 1,
    "bashing": 1,
    "material": [ "superalloy" ],
    "symbol": "[",
    "looks_like": "power_armor_frame",
    "color": "dark_gray",
    "coverage": 10,
    "encumbrance": 10,
    "power_armor": true,
    "material_thickness": 1,
    "charges_per_use": 1,
    "use_action": {
      "target": "secro_power_armor_module_pulsar_act",
      "msg": "\"Pulsar\" module - <color_light_green>online",
      "type": "transform",
      "active": true,
      "menu_text": "Activate \"Pulsar\" module"
    },
    "ammo": "battery",
    "max_charges": 500,
    "flags": [ "WATERPROOF", "OUTER", "STURDY", "ELECTRIC_IMMUNE", "POWERARMOR_COMPATIBLE" ]
  },
  {
    "id": "secro_power_armor_module_pulsar_act",
    "type": "TOOL_ARMOR",
    "category": "armor",
    "name": { "str": "Secronom module implant \"Pulsar\"" },
    "description": "A set of power armor modules that installs a pair of prototype shockwave generators located on the shoulder joints. Module implant type \"Pulsar\" emits a powerful, short-ranged pulse in every direction - which can stun affected creatures - whenever the user is disturbed by physical force. Uses a built-in UPS.",
    "weight": "4225 g",
    "volume": "3 L",
    "price": 730000,
    "price_postapoc": 73000,
    "to_hit": 1,
    "bashing": 1,
    "material": [ "superalloy" ],
    "symbol": "[",
    "looks_like": "power_armor_frame",
    "color": "dark_gray_white",
    "coverage": 10,
    "encumbrance": 10,
    "power_armor": true,
    "turns_per_charge": 1,
    "material_thickness": 1,
    "charges_per_use": 1,
    "revert_to": "secro_power_armor_module_pulsar",
    "use_action": {
      "target": "secro_power_armor_module_pulsar",
      "msg": "\"Pulsar\" module - <color_red>offline",
      "type": "transform",
      "menu_text": "Deactivate \"Pulsar\" module"
    },
    "relic_data": {
      "passive_effects": [
        {
          "has": "WORN",
          "condition": "ALWAYS",
          "hit_me_effect": [
            {
              "id": "secro_power_armor_module_pulsar_act_pulse",
              "hit_self": true,
              "once_in": 15,
              "message": "Your power armor generates a shockwave!",
              "npc_message": "%1$s's power armor formed a shockwave!"
            }
          ]
        }
      ]
    },
    "ammo": "battery",
    "max_charges": 500,
    "flags": [ "WATERPROOF", "OUTER", "STURDY", "ELECTRIC_IMMUNE", "NO_UNLOAD", "NO_TAKEOFF", "RECHARGE", "POWERARMOR_COMPATIBLE" ]
  },
  {
    "id": "secro_power_armor_module_optics",
    "type": "TOOL_ARMOR",
    "category": "armor",
    "name": { "str": "Secronom module implant \"Optics\"" },
    "description": "A set of power armor modules that installs various advanced targeting systems to the eyes. Module implant type \"Optics\" significantly increases perception and slightly expands the sight range of its user. Uses a built-in UPS.",
    "weight": "4225 g",
    "volume": "3 L",
    "price": 600000,
    "price_postapoc": 60000,
    "to_hit": 1,
    "bashing": 1,
    "material": [ "superalloy" ],
    "symbol": "[",
    "looks_like": "power_armor_frame",
    "color": "dark_gray",
    "coverage": 10,
    "encumbrance": 10,
    "power_armor": true,
    "material_thickness": 1,
    "charges_per_use": 1,
    "use_action": {
      "target": "secro_power_armor_module_optics_act",
      "msg": "\"Optics\" module - <color_light_green>online",
      "type": "transform",
      "active": true,
      "menu_text": "Activate \"Optics\" module"
    },
    "ammo": "battery",
    "max_charges": 500,
    "flags": [ "WATERPROOF", "OUTER", "STURDY", "ELECTRIC_IMMUNE", "POWERARMOR_COMPATIBLE" ]
  },
  {
    "id": "secro_power_armor_module_optics_act",
    "type": "TOOL_ARMOR",
    "category": "armor",
    "name": { "str": "Secronom module implant \"Optics\"" },
    "description": "A set of power armor modules that installs various advanced targeting systems to the eyes. Module implant type \"Optics\" significantly increases perception and slightly expands the sight range of its user. Uses a built-in UPS.\n\nModule implant type \"Optics\" provides:\n<color_white>Perception: <color_light_green>+6</color>\nSight range: <color_light_green>+4</color></color>",
    "weight": "4225 g",
    "volume": "3 L",
    "price": 730000,
    "price_postapoc": 73000,
    "to_hit": 1,
    "bashing": 1,
    "material": [ "superalloy" ],
    "symbol": "[",
    "looks_like": "power_armor_frame",
    "color": "dark_gray_white",
    "coverage": 10,
    "encumbrance": 10,
    "power_armor": true,
    "turns_per_charge": 1,
    "material_thickness": 1,
    "charges_per_use": 1,
    "revert_to": "secro_power_armor_module_optics",
    "use_action": {
      "target": "secro_power_armor_module_optics",
      "msg": "\"Optics\" module - <color_red>offline",
      "type": "transform",
      "menu_text": "Deactivate \"Optics\" module"
    },
    "relic_data": {
      "passive_effects": [
        {
          "has": "WORN",
          "condition": "ALWAYS",
          "values": [ { "value": "PERCEPTION", "add": 3 }, { "value": "SIGHT_RANGE", "add": 2 } ]
        }
      ]
    },
    "ammo": "battery",
    "max_charges": 500,
    "flags": [ "WATERPROOF", "OUTER", "STURDY", "ELECTRIC_IMMUNE", "NO_UNLOAD", "NO_TAKEOFF", "RECHARGE", "POWERARMOR_COMPATIBLE" ]
  }
]
