[
  {
    "note": "Spawning monsters with fields has a delay for approximately 10 turns (probably depends on device's memory). This is a bug that spawns all monster in an instance.",
    "id": "fd_portal_carrion",
    "type": "field_type",
    "intensity_levels": [
      {
        "name": "carrion portal",
        "color": "red",
        "sym": "*",
        "light_emitted": 5,
        "monster_spawn_chance": 1000,
        "monster_spawn_count": 1,
        "monster_spawn_radius": 2,
        "monster_spawn_group": "GROUP_CARRIONS"
      },
      {
        "color": "red",
        "light_emitted": 10,
        "monster_spawn_chance": 100,
        "monster_spawn_count": 2,
        "monster_spawn_radius": 2,
        "monster_spawn_group": "GROUP_CARRIONS"
      },
      {
        "color": "light_red",
        "transparent": false,
        "monster_spawn_chance": 10,
        "monster_spawn_count": 3,
        "monster_spawn_radius": 4,
        "monster_spawn_group": "GROUP_CARRIONS",
        "light_emitted": 15
      }
    ],
    "priority": 9,
    "half_life": "20 seconds",
    "accelerated_decay": true,
    "gas_absorption_factor": 20,
    "dirty_transparency_cache": true,
    "phase": "gas",
    "display_items": false,
    "display_field": true
  },
  {
    "id": "fd_portal_vector",
    "type": "field_type",
    "intensity_levels": [
      {
        "name": "vector portal",
        "color": "blue",
        "sym": "*",
        "light_emitted": 5,
        "monster_spawn_chance": 1000,
        "monster_spawn_count": 1,
        "monster_spawn_radius": 2,
        "monster_spawn_group": "GROUP_VECTORS"
      },
      {
        "color": "blue",
        "light_emitted": 10,
        "monster_spawn_chance": 100,
        "monster_spawn_count": 2,
        "monster_spawn_radius": 2,
        "monster_spawn_group": "GROUP_VECTORS"
      },
      {
        "color": "light_blue",
        "transparent": false,
        "monster_spawn_chance": 10,
        "monster_spawn_count": 3,
        "monster_spawn_radius": 4,
        "monster_spawn_group": "GROUP_VECTORS",
        "light_emitted": 15
      }
    ],
    "priority": 9,
    "half_life": "20 seconds",
    "accelerated_decay": true,
    "gas_absorption_factor": 20,
    "dirty_transparency_cache": true,
    "phase": "gas",
    "display_items": false,
    "display_field": true
  },
  {
    "id": "fd_ministars",
    "type": "field_type",
    "intensity_levels": [ { "name": "starlight", "sym": "*", "light_emitted": 3 } ],
    "priority": 5,
    "half_life": "10 turns",
    "display_field": true
  },
  {
    "id": "fd_vector_haze",
    "type": "field_type",
    "intensity_levels": [
      {
        "name": "hazy cloud",
        "sym": ".",
        "color": "cyan",
        "dangerous": true,
        "light_emitted": 1,
        "translucency": 1,
        "effects": [ { "effect_id": "vector_infect", "body_part": "TORSO", "min_duration": "5 seconds", "max_duration": "15 seconds" } ]
      },
      { "translucency": 2, "name": "vector haze" },
      {
        "name": "thick vector haze",
        "transparent": false,
        "color": "light_blue",
        "light_emitted": 2,
        "translucency": 3,
        "effects": [ { "effect_id": "vector_infect", "body_part": "TORSO", "min_duration": "15 seconds", "max_duration": "30 seconds" } ]
      }
    ],
    "decay_amount_factor": 20,
    "gas_absorption_factor": 10,
    "percent_spread": 10,
    "outdoor_age_speedup": "10 turns",
    "dirty_transparency_cache": true,
    "has_fume": true,
    "immunity_data": { "body_part_env_resistance": [ [ "MOUTH", 15 ] ] },
    "priority": 7,
    "half_life": "4 minutes",
    "phase": "gas",
    "display_items": false,
    "display_field": true
  },
  {
    "id": "fd_vector_seed",
    "type": "field_type",
    "intensity_levels": [
      {
        "name": "thick vector haze",
        "sym": "~",
        "color": "light_blue",
        "dangerous": true,
        "transparent": false,
        "translucency": 5,
        "effects": [ { "effect_id": "vector_infect", "body_part": "TORSO", "min_duration": "15 seconds", "max_duration": "30 seconds" } ]
      },
      { "translucency": 7 },
      {
        "name": "vector seeds",
        "color": "blue",
        "light_emitted": 3,
        "monster_spawn_chance": 100,
        "monster_spawn_count": 1,
        "monster_spawn_radius": 2,
        "monster_spawn_group": "GROUP_VECTOR_SEEDLING",
        "translucency": 10,
        "effects": [ { "effect_id": "vector_infect", "body_part": "TORSO", "min_duration": "30 seconds", "max_duration": "45 seconds" } ]
      }
    ],
    "priority": 8,
    "half_life": "10 seconds",
    "wandering_field": "fd_vector_haze",
    "accelerated_decay": true,
    "gas_absorption_factor": 15,
    "has_fume": true,
    "immunity_data": { "body_part_env_resistance": [ [ "MOUTH", 15 ] ] },
    "dirty_transparency_cache": true,
    "phase": "gas",
    "display_items": false,
    "display_field": true
  },
  {
    "id": "fd_disser_scream",
    "type": "field_type",
    "intensity_levels": [
      {
        "name": "resonant voice",
        "effects": [ { "effect_id": "secro_dissed", "body_part": "HEAD", "min_duration": "4 seconds", "max_duration": "4 seconds" } ]
      }
    ],
    "priority": -1,
    "half_life": "6 seconds",
    "immunity_data": { "body_part_env_resistance": [ [ "HEAD", 5 ] ] },
    "gas_absorption_factor": 10,
    "percent_spread": 5,
    "dirty_transparency_cache": true,
    "phase": "gas",
    "display_items": true,
    "display_field": false
  },
  {
    "id": "fd_jolt_elec",
    "note": "Hidden field for spawning purposes of jolt. Has to be its damaging electric discharges, but it doesn't work.",
    "type": "field_type",
    "intensity_levels": [
      {
        "name": "this is a bug",
        "color": "black",
        "monster_spawn_chance": 500,
        "monster_spawn_count": 1,
        "monster_spawn_radius": 1,
        "monster_spawn_group": "GROUP_JOLT_BOLTS"
      },
      { "monster_spawn_chance": 250 },
      { "monster_spawn_chance": 100 }
    ],
    "priority": -1,
    "half_life": "1 turns",
    "phase": "plasma",
    "display_items": true,
    "display_field": false
  },
  {
    "note": "Uruxis picks from the GROUP_ZOMBIE monstergroup to summon passively.",
    "id": "fd_uruxis_normal",
    "type": "field_type",
    "intensity_levels": [
      {
        "name": "airlock",
        "color": "light_gray",
        "monster_spawn_chance": 7500,
        "monster_spawn_count": 1,
        "monster_spawn_radius": 1,
        "monster_spawn_group": "GROUP_ZOMBIE"
      }
    ],
    "half_life": "1 turns",
    "phase": "gas",
    "display_items": true,
    "display_field": false
  },
  {
    "note": "Uruxis casts a spell to spread this field in a wide range, and at this range, summoning chance is much higher.",
    "id": "fd_uruxis_combat",
    "type": "field_type",
    "intensity_levels": [
      {
        "name": "intense airlock",
        "sym": "0",
        "color": "dark_gray",
        "monster_spawn_chance": 2500,
        "monster_spawn_count": 1,
        "monster_spawn_radius": 1,
        "monster_spawn_group": "GROUP_ZOMBIE"
      }
    ],
    "priority": -1,
    "half_life": "1 turns",
    "phase": "gas",
    "wandering_field": "fd_uruxis_normal",
    "display_items": true,
    "display_field": false
  },
  {
    "id": "fd_nix_fear",
    "type": "field_type",
    "intensity_levels": [
      {
        "name": "loathful pressence",
        "sym": "0",
        "dangerous": true,
        "effects": [ { "effect_id": "secro_nix_fear", "body_part": "HEAD", "min_duration": "1 seconds", "max_duration": "2 seconds" } ]
      }
    ],
    "priority": -1,
    "decay_amount_factor": 5,
    "gas_absorption_factor": 10,
    "dirty_transparency_cache": true,
    "percent_spread": 25,
    "immunity_data": { "body_part_env_resistance": [ [ "EYES", 10 ] ] },
    "half_life": "2 seconds",
    "phase": "gas",
    "accelerated_decay": true,
    "display_field": false
  },
  {
    "note": "This field provides immunity to the gorepit's constant damage.",
    "id": "fd_gorepit_center",
    "type": "field_type",
    "intensity_levels": [
      {
        "name": "gorepit orb",
        "sym": "o",
        "color": "pink",
        "dangerous": true,
        "effects": [
          {
            "effect_id": "secro_gorepit_dmg_immune",
            "body_part": "TORSO",
            "min_duration": "1 seconds",
            "max_duration": "1 seconds"
          }
        ]
      }
    ],
    "dirty_transparency_cache": true,
    "priority": -1,
    "half_life": "1 seconds",
    "phase": "solid",
    "display_items": false,
    "display_field": false
  },
  {
    "id": "fd_gorepit_wall",
    "type": "field_type",
    "intensity_levels": [
      {
        "name": "gorepit edge",
        "sym": "#",
        "dangerous": true,
        "color": "red",
        "effects": [
          {
            "effect_id": "secro_gorepit_wall_dmg",
            "body_part": "LEG_R",
            "min_duration": "1 seconds",
            "max_duration": "1 seconds"
          },
          {
            "effect_id": "secro_gorepit_wall_dmg",
            "body_part": "LEG_L",
            "min_duration": "1 seconds",
            "max_duration": "1 seconds"
          }
        ]
      }
    ],
    "immunity_data": { "body_part_env_resistance": [ [ "LEG_L", 25 ], [ "LEG_R", 25 ] ] },
    "priority": 1,
    "half_life": "1 seconds",
    "phase": "solid",
    "display_items": false,
    "display_field": true
  },
  {
    "id": "fd_gorepit_normal",
    "type": "field_type",
    "intensity_levels": [
      {
        "name": "light earthquake",
        "color": "light_gray",
        "monster_spawn_chance": 10000,
        "monster_spawn_count": 1,
        "monster_spawn_radius": 1,
        "monster_spawn_group": "GROUP_GORE_TENT"
      }
    ],
    "priority": -1,
    "half_life": "1 turns",
    "phase": "gas",
    "display_items": true,
    "display_field": false
  },
  {
    "note": "Similar case to uruxis.",
    "id": "fd_gorepit_combat",
    "type": "field_type",
    "intensity_levels": [
      {
        "name": "earthquake",
        "color": "white",
        "monster_spawn_chance": 2500,
        "monster_spawn_count": 1,
        "monster_spawn_radius": 1,
        "monster_spawn_group": "GROUP_GORE_TENT"
      }
    ],
    "priority": -1,
    "half_life": "5 turns",
    "phase": "gas",
    "display_items": true,
    "display_field": false
  },
  {
    "id": "fd_cordev_corrupt_acid",
    "type": "field_type",
    "intensity_levels": [
      {
        "name": "corrupted acid splatter",
        "sym": "5",
        "color": "dark_gray",
        "dangerous": true,
        "effects": [
          { "effect_id": "secro_cordev_corrupt", "body_part": "LEG_R", "min_duration": "1 seconds", "max_duration": "1 seconds" },
          {
            "effect_id": "secro_cordev_corrupt",
            "body_part": "LEG_L",
            "min_duration": "1 seconds",
            "max_duration": "1 seconds"
          }
        ]
      },
      { "name": "corrupted acid streak" },
      {
        "name": "pool of corrupted acid",
        "color": "light_gray",
        "effects": [
          { "effect_id": "secro_cordev_corrupt", "body_part": "LEG_R", "min_duration": "1 seconds", "max_duration": "2 seconds" },
          {
            "effect_id": "secro_cordev_corrupt",
            "body_part": "LEG_L",
            "min_duration": "1 seconds",
            "max_duration": "2 seconds"
          }
        ]
      }
    ],
    "immunity_data": { "traits": [ "ACIDPROOF" ] },
    "underwater_age_speedup": "2 minutes",
    "has_acid": true,
    "priority": 2,
    "half_life": "2 minutes",
    "phase": "liquid",
    "display_field": true
  },
  {
    "id": "fd_necros_para_gas",
    "type": "field_type",
    "intensity_levels": [
      {
        "name": "hazy cloud",
        "sym": "8",
        "dangerous": true,
        "translucency": 1,
        "effects": [ { "effect_id": "secro_necros_para", "body_part": "TORSO", "min_duration": "1 seconds", "max_duration": "5 seconds" } ]
      },
      {
        "name": "neurotoxic gas",
        "color": "light_green",
        "transparent": false,
        "translucency": 10,
        "effects": [
          { "effect_id": "secro_necros_para", "body_part": "TORSO", "min_duration": "6 seconds", "max_duration": "10 seconds" }
        ]
      },
      {
        "name": "thick neurotoxic gas",
        "color": "green",
        "translucency": 0,
        "effects": [
          { "effect_id": "secro_necros_para", "body_part": "TORSO", "min_duration": "11 seconds", "max_duration": "20 seconds" }
        ]
      }
    ],
    "decay_amount_factor": 5,
    "gas_absorption_factor": 15,
    "percent_spread": 30,
    "outdoor_age_speedup": "5 seconds",
    "dirty_transparency_cache": true,
    "has_fume": true,
    "immunity_data": { "body_part_env_resistance": [ [ "MOUTH", 15 ] ] },
    "priority": 8,
    "half_life": "1 minutes",
    "phase": "gas",
    "display_items": false,
    "display_field": true
  },
  {
    "note": "These fields appear as the result of equinox performing attacks.",
    "id": "fd_equinox_flesh",
    "type": "field_type",
    "intensity_levels": [
      {
        "name": "gangrenous flesh",
        "sym": "#",
        "color": "pink",
        "move_cost": 15,
        "monster_spawn_chance": 3000,
        "monster_spawn_count": 1,
        "monster_spawn_radius": 1,
        "monster_spawn_group": "GROUP_EQUINOX_CRAWLIES"
      },
      { "color": "light_red", "move_cost": 35, "monster_spawn_chance": 1500 },
      { "color": "red", "move_cost": 50, "monster_spawn_chance": 750 }
    ],
    "half_life": "6 minutes",
    "priority": 4,
    "phase": "solid",
    "display_items": true,
    "display_field": true
  },
  {
    "note": "It's the trail of charger charging towards the target, and it exploits the glitch of it going OVER/ABOVE the player, so that the effect gets applied successfully.",
    "id": "fd_charger_stun",
    "type": "field_type",
    "intensity_levels": [
      {
        "name": "...",
        "color": "black",
        "effects": [ { "effect_id": "stunned", "body_part": "TORSO", "min_duration": "3 seconds", "max_duration": "6 seconds" } ]
      }
    ],
    "priority": -1,
    "half_life": "1 seconds",
    "phase": "gas",
    "display_items": true,
    "display_field": false
  },
  {
    "note": "This web doesn't break when a creature moves through it.",
    "id": "fd_mawy_web",
    "type": "field_type",
    "intensity_levels": [
      {
        "name": "flesh strands",
        "sym": "}",
        "color": "pink",
        "effects": [ { "effect_id": "secro_mawy_web", "body_part": "TORSO", "min_duration": "5 seconds", "max_duration": "10 seconds" } ]
      },
      {
        "name": "flesh webs",
        "color": "light_red",
        "effects": [ { "effect_id": "secro_mawy_web", "body_part": "TORSO", "min_duration": "10 seconds", "max_duration": "20 seconds" } ]
      },
      {
        "name": "thick flesh webs",
        "transparent": false,
        "color": "red",
        "effects": [ { "effect_id": "secro_mawy_web", "body_part": "TORSO", "min_duration": "20 seconds", "max_duration": "40 seconds" } ]
      }
    ],
    "priority": 2,
    "half_life": "3 seconds",
    "phase": "solid",
    "display_items": false,
    "display_field": true
  },
  {
    "id": "fd_mawy_web_immune",
    "type": "field_type",
    "intensity_levels": [
      {
        "name": "...",
        "color": "black",
        "effects": [
          { "effect_id": "secro_mawy_web_immune", "body_part": "TORSO", "min_duration": "1 seconds", "max_duration": "1 seconds" }
        ]
      }
    ],
    "priority": -1,
    "half_life": "1 seconds",
    "phase": "gas",
    "display_items": false,
    "display_field": false
  },
  {
    "id": "fd_revenant_trigger_immune",
    "type": "field_type",
    "intensity_levels": [
      {
        "name": "...",
        "color": "black",
        "effects": [
          {
            "effect_id": "secro_revenant_trigger_immune",
            "body_part": "TORSO",
            "min_duration": "1 seconds",
            "max_duration": "1 seconds"
          }
        ]
      }
    ],
    "priority": -1,
    "half_life": "1 seconds",
    "phase": "gas",
    "display_items": false,
    "display_field": false
  },
  {
    "id": "fd_revenant_allure_induce_immune",
    "type": "field_type",
    "intensity_levels": [
      {
        "name": "...",
        "color": "black",
        "effects": [
          {
            "effect_id": "secro_revenant_allure_induce_immune",
            "body_part": "TORSO",
            "min_duration": "1 seconds",
            "max_duration": "1 seconds"
          }
        ]
      }
    ],
    "priority": -1,
    "half_life": "1 seconds",
    "phase": "gas",
    "display_items": false,
    "display_field": false
  },
  {
    "note": "This gas should disappear immediately when it is outside the structure.",
    "id": "fd_fleshknot_gas",
    "type": "field_type",
    "intensity_levels": [
      {
        "name": "errant stench",
        "color": "dark_gray",
        "translucency": 1,
        "effects": [
          {
            "effect_id": "secro_fleshknot_poison",
            "body_part": "TORSO",
            "min_duration": "1 seconds",
            "max_duration": "3 seconds"
          }
        ]
      },
      {
        "name": "toxic stench",
        "color": "light_green",
        "translucency": 3,
        "effects": [
          {
            "effect_id": "secro_fleshknot_poison",
            "body_part": "TORSO",
            "min_duration": "5 seconds",
            "max_duration": "10 seconds"
          }
        ]
      },
      {
        "name": "dense toxic stench",
        "color": "light_green",
        "translucency": 10,
        "effects": [
          {
            "effect_id": "secro_fleshknot_poison",
            "body_part": "TORSO",
            "min_duration": "15 seconds",
            "max_duration": "30 seconds"
          }
        ]
      },
      {
        "name": "noxious stench",
        "color": "green",
        "translucency": 0,
        "effects": [
          {
            "effect_id": "secro_fleshknot_poison",
            "body_part": "TORSO",
            "min_duration": "60 seconds",
            "max_duration": "90 seconds"
          }
        ]
      }
    ],
    "decay_amount_factor": 80,
    "gas_absorption_factor": 5,
    "percent_spread": 50,
    "outdoor_age_speedup": "30 minutes",
    "dirty_transparency_cache": true,
    "has_fume": true,
    "immunity_data": { "body_part_env_resistance": [ [ "MOUTH", 15 ] ] },
    "priority": -1,
    "half_life": "10 minutes",
    "phase": "gas",
    "display_items": true,
    "display_field": false
  },
  {
    "note": "We'll detach saddlers using field emission. its the only way to create custom death function, I think....",
    "id": "fd_saddler_detach",
    "type": "field_type",
    "intensity_levels": [
      {
        "name": "...",
        "color": "black",
        "monster_spawn_chance": 1,
        "monster_spawn_count": 1,
        "monster_spawn_radius": 1,
        "monster_spawn_group": "GROUP_SADDLER_DETACH"
      }
    ],
    "priority": -1,
    "half_life": "1 turns",
    "phase": "gas",
    "display_items": true,
    "display_field": false
  },
  {
    "id": "fd_saddler_brute_detach",
    "type": "field_type",
    "intensity_levels": [
      {
        "name": "...",
        "color": "black",
        "monster_spawn_chance": 1,
        "monster_spawn_count": 1,
        "monster_spawn_radius": 1,
        "monster_spawn_group": "GROUP_SADDLER_BRUTE_DETACH"
      }
    ],
    "priority": -1,
    "half_life": "1 turns",
    "phase": "gas",
    "display_items": true,
    "display_field": false
  },
  {
    "id": "fd_saddler_scout_detach",
    "type": "field_type",
    "intensity_levels": [
      {
        "name": "...",
        "color": "black",
        "monster_spawn_chance": 1,
        "monster_spawn_count": 1,
        "monster_spawn_radius": 1,
        "monster_spawn_group": "GROUP_SADDLER_SCOUT_DETACH"
      }
    ],
    "priority": -1,
    "half_life": "1 turns",
    "phase": "gas",
    "display_items": true,
    "display_field": false
  },
  {
    "note": "Similar thing from above...",
    "id": "fd_relinquished_revive",
    "type": "field_type",
    "intensity_levels": [
      {
        "name": "...",
        "color": "black",
        "monster_spawn_chance": 1,
        "monster_spawn_count": 1,
        "monster_spawn_radius": 1,
        "monster_spawn_group": "GROUP_RELINQUISH_REVIVE"
      }
    ],
    "priority": -1,
    "half_life": "1 turns",
    "phase": "gas",
    "display_items": true,
    "display_field": false
  },
  {
    "id": "fd_resolute_growth",
    "type": "field_type",
    "intensity_levels": [
      {
        "name": "...",
        "color": "black",
        "effects": [
          { "effect_id": "secro_resolute_grow", "body_part": "TORSO", "min_duration": "1 seconds", "max_duration": "1 seconds" }
        ]
      }
    ],
    "priority": -1,
    "half_life": "1 seconds",
    "phase": "gas",
    "display_items": true,
    "display_field": false
  },
  {
    "id": "fd_sflesh_spawn_tendril",
    "type": "field_type",
    "intensity_levels": [
      {
        "name": "...",
        "color": "black",
        "monster_spawn_chance": 1000,
        "monster_spawn_count": 1,
        "monster_spawn_radius": 1,
        "monster_spawn_group": "GROUP_FLESH_SPAWN_TENDRIL"
      }
    ],
    "priority": -1,
    "half_life": "1 turns",
    "phase": "gas",
    "display_items": true,
    "display_field": false
  },
  {
    "id": "fd_sflesh_spawn_jaw",
    "type": "field_type",
    "intensity_levels": [
      {
        "name": "...",
        "color": "black",
        "monster_spawn_chance": 1000,
        "monster_spawn_count": 1,
        "monster_spawn_radius": 1,
        "monster_spawn_group": "GROUP_FLESH_SPAWN_JAW"
      }
    ],
    "priority": -1,
    "half_life": "1 turns",
    "phase": "gas",
    "display_items": true,
    "display_field": false
  },
  {
    "id": "fd_flesh_tree_grab",
    "type": "field_type",
    "intensity_levels": [
      {
        "name": "...",
        "color": "black",
        "effects": [
          { "effect_id": "secro_flesh_tree_grab", "body_part": "TORSO", "min_duration": "1 seconds", "max_duration": "1 seconds" }
        ]
      }
    ],
    "priority": -1,
    "half_life": "1 seconds",
    "phase": "gas",
    "display_items": true,
    "display_field": false
  },
  {
    "note": "Make hatching a chance using blindness effect.",
    "id": "fd_sflesh_sack_maybe",
    "type": "field_type",
    "intensity_levels": [
      {
        "name": "...",
        "color": "black",
        "effects": [ { "effect_id": "blind", "body_part": "TORSO", "min_duration": "1 seconds", "max_duration": "1 seconds" } ]
      }
    ],
    "priority": -1,
    "half_life": "1 seconds",
    "phase": "gas",
    "display_items": true,
    "display_field": false
  },
  {
    "id": "fd_sflesh_sack",
    "type": "field_type",
    "intensity_levels": [
      {
        "name": "...",
        "color": "black",
        "monster_spawn_chance": 250,
        "monster_spawn_count": 1,
        "monster_spawn_radius": 1,
        "monster_spawn_group": "GROUP_FLESH_SACK"
      }
    ],
    "priority": -1,
    "half_life": "1 turns",
    "phase": "gas",
    "display_items": true,
    "display_field": false
  },
  {
    "id": "fd_sflesh_sack_dead",
    "type": "field_type",
    "intensity_levels": [
      {
        "name": "...",
        "color": "black",
        "monster_spawn_chance": 1,
        "monster_spawn_count": 1,
        "monster_spawn_radius": 1,
        "monster_spawn_group": "GROUP_FLESH_SACK"
      }
    ],
    "priority": -1,
    "half_life": "2 turns",
    "phase": "gas",
    "display_items": true,
    "display_field": false
  },
  {
    "id": "fd_sflesh_tentclus",
    "type": "field_type",
    "intensity_levels": [
      {
        "name": "...",
        "color": "black",
        "monster_spawn_chance": 100,
        "monster_spawn_count": 1,
        "monster_spawn_radius": 1,
        "monster_spawn_group": "GROUP_FLESH_TENTCLUS"
      }
    ],
    "priority": -1,
    "half_life": "1 turns",
    "phase": "gas",
    "display_items": true,
    "display_field": false
  },
  {
    "id": "fd_sflesh_taken",
    "type": "field_type",
    "intensity_levels": [
      {
        "name": "...",
        "color": "black",
        "monster_spawn_chance": 1,
        "monster_spawn_count": 1,
        "monster_spawn_radius": 1,
        "monster_spawn_group": "GROUP_FLESH_TAKEN"
      }
    ],
    "priority": -1,
    "half_life": "1 turns",
    "phase": "gas",
    "display_items": true,
    "display_field": false
  },
  {
    "id": "fd_sflesh_bones",
    "type": "field_type",
    "intensity_levels": [
      {
        "name": "...",
        "color": "black",
        "effects": [
          { "effect_id": "secro_flesh_bones", "body_part": "LEG_R", "min_duration": "1 seconds", "max_duration": "1 seconds" },
          {
            "effect_id": "secro_flesh_bones",
            "body_part": "LEG_L",
            "min_duration": "1 seconds",
            "max_duration": "1 seconds"
          }
        ]
      }
    ],
    "priority": -1,
    "half_life": "1 seconds",
    "phase": "gas",
    "immunity_data": { "body_part_env_resistance": [ [ "LEG_L", 10 ], [ "LEG_R", 10 ] ] },
    "display_items": true,
    "display_field": false
  },
  {
    "id": "fd_sflesh_tendrils",
    "type": "field_type",
    "intensity_levels": [
      {
        "name": "...",
        "color": "black",
        "effects": [
          { "effect_id": "secro_flesh_tendrils", "body_part": "LEG_R", "min_duration": "1 seconds", "max_duration": "1 seconds" },
          {
            "effect_id": "secro_flesh_tendrils",
            "body_part": "LEG_L",
            "min_duration": "1 seconds",
            "max_duration": "1 seconds"
          }
        ]
      }
    ],
    "priority": -1,
    "half_life": "1 seconds",
    "phase": "gas",
    "immunity_data": { "body_part_env_resistance": [ [ "LEG_R", 15 ] ] },
    "display_items": true,
    "display_field": false
  },
  {
    "id": "fd_flesh_biome",
    "type": "field_type",
    "intensity_levels": [
      {
        "name": "...",
        "color": "black",
        "effects": [
          { "effect_id": "secro_flesh_biome", "body_part": "HEAD", "min_duration": "1 seconds", "max_duration": "1 seconds" },
          {
            "effect_id": "secro_flesh_biome",
            "body_part": "TORSO",
            "min_duration": "1 seconds",
            "max_duration": "1 seconds"
          },
          {
            "effect_id": "secro_flesh_biome",
            "body_part": "ARM_L",
            "min_duration": "1 seconds",
            "max_duration": "1 seconds"
          },
          {
            "effect_id": "secro_flesh_biome",
            "body_part": "ARM_R",
            "min_duration": "1 seconds",
            "max_duration": "1 seconds"
          },
          {
            "effect_id": "secro_flesh_biome",
            "body_part": "LEG_L",
            "min_duration": "1 seconds",
            "max_duration": "1 seconds"
          },
          {
            "effect_id": "secro_flesh_biome",
            "body_part": "LEG_R",
            "min_duration": "1 seconds",
            "max_duration": "1 seconds"
          }
        ]
      }
    ],
    "priority": -1,
    "half_life": "1 seconds",
    "phase": "gas",
    "immunity_data": { "body_part_env_resistance": [ [ "HEAD", 2 ] ] },
    "display_items": true,
    "display_field": false
  },
  {
    "id": "fd_flesh_biome_immune",
    "type": "field_type",
    "intensity_levels": [
      {
        "name": "...",
        "color": "black",
        "effects": [
          {
            "effect_id": "secro_flesh_biome_immune",
            "body_part": "TORSO",
            "min_duration": "1 seconds",
            "max_duration": "1 seconds"
          }
        ]
      }
    ],
    "priority": -1,
    "half_life": "1 seconds",
    "phase": "gas",
    "display_items": false,
    "display_field": false
  },
  {
    "id": "fd_sflesh_wall",
    "type": "field_type",
    "intensity_levels": [
      {
        "name": "...",
        "color": "black",
        "monster_spawn_chance": 100,
        "monster_spawn_count": 1,
        "monster_spawn_radius": 1,
        "monster_spawn_group": "GROUP_FLESH_WALL"
      }
    ],
    "priority": -1,
    "half_life": "1 turns",
    "phase": "gas",
    "display_items": true,
    "display_field": false
  },
  {
    "id": "fd_sflesh_wall_limit",
    "type": "field_type",
    "intensity_levels": [
      {
        "name": "...",
        "color": "black",
        "effects": [
          {
            "effect_id": "secro_flesh_wall_limit",
            "body_part": "TORSO",
            "min_duration": "1 seconds",
            "max_duration": "1 seconds"
          }
        ]
      }
    ],
    "priority": -1,
    "half_life": "1 seconds",
    "phase": "gas",
    "display_items": false,
    "display_field": false
  },
  {
    "id": "fd_sflesh_heap_death",
    "type": "field_type",
    "intensity_levels": [
      {
        "name": "...",
        "color": "black",
        "monster_spawn_chance": 15,
        "monster_spawn_count": 1,
        "monster_spawn_radius": 1,
        "monster_spawn_group": "GROUP_FLESH_HEAP"
      }
    ],
    "priority": -1,
    "half_life": "1 turns",
    "phase": "gas",
    "display_items": true,
    "display_field": false
  },
  {
    "id": "fd_blood_acid",
    "type": "field_type",
    "intensity_levels": [
      {
        "name": "blood acid splatter",
        "sym": "5",
        "color": "red",
        "dangerous": true,
        "effects": [
          { "effect_id": "secro_blood_acid", "body_part": "LEG_R", "min_duration": "1 seconds", "max_duration": "1 seconds" },
          {
            "effect_id": "secro_blood_acid",
            "body_part": "LEG_L",
            "min_duration": "1 seconds",
            "max_duration": "1 seconds"
          }
        ]
      },
      { "name": "blood acid streak" },
      {
        "name": "pool of blood acid",
        "color": "light_red",
        "effects": [
          { "effect_id": "secro_blood_acid", "body_part": "LEG_R", "min_duration": "1 seconds", "max_duration": "2 seconds" },
          {
            "effect_id": "secro_blood_acid",
            "body_part": "LEG_L",
            "min_duration": "1 seconds",
            "max_duration": "2 seconds"
          }
        ]
      }
    ],
    "immunity_data": { "traits": [ "ACIDPROOF" ] },
    "underwater_age_speedup": "2 minutes",
    "has_acid": true,
    "priority": 2,
    "half_life": "2 minutes",
    "phase": "liquid",
    "display_field": true
  },
  {
    "id": "fd_shifter_shift",
    "type": "field_type",
    "intensity_levels": [
      {
        "name": "...",
        "color": "black",
        "monster_spawn_chance": 1,
        "monster_spawn_count": 1,
        "monster_spawn_radius": 1,
        "monster_spawn_group": "GROUP_SHIFTER"
      }
    ],
    "priority": -1,
    "half_life": "1 turns",
    "phase": "gas",
    "display_items": true,
    "display_field": false
  },
  {
    "id": "fd_sflesh_veinstalk_popup",
    "type": "field_type",
    "intensity_levels": [
      {
        "name": "...",
        "color": "black",
        "monster_spawn_chance": 1000,
        "monster_spawn_count": 1,
        "monster_spawn_radius": 10,
        "monster_spawn_group": "GROUP_VEINSTALK"
      }
    ],
    "priority": -1,
    "half_life": "5 turns",
    "phase": "gas",
    "display_items": true,
    "display_field": false
  },
  {
    "id": "fd_sflesh_veinstalk_limiter",
    "type": "field_type",
    "intensity_levels": [
      {
        "name": "...",
        "color": "black",
        "effects": [
          { "effect_id": "secro_veinstalk_limit", "body_part": "TORSO", "min_duration": "1 seconds", "max_duration": "1 seconds" }
        ]
      }
    ],
    "priority": -1,
    "half_life": "1 seconds",
    "phase": "gas",
    "display_items": false,
    "display_field": false
  },
  {
    "id": "fd_sflesh_veinstalk_crawler",
    "type": "field_type",
    "intensity_levels": [
      {
        "name": "...",
        "color": "black",
        "monster_spawn_chance": 25,
        "monster_spawn_count": 1,
        "monster_spawn_radius": 1,
        "monster_spawn_group": "GROUP_VEINSTALK_CRAWLER"
      }
    ],
    "priority": -1,
    "half_life": "1 turns",
    "phase": "gas",
    "display_items": true,
    "display_field": false
  },
  {
    "id": "fd_gravtur_magnet",
    "type": "field_type",
    "intensity_levels": [
      {
        "name": "energized perimeter",
        "color": "yellow",
        "sym": "+",
        "dangerous": true,
        "effects": [ { "effect_id": "secro_gravtur_magnet", "min_duration": "3 seconds", "max_duration": "3 seconds" } ]
      }
    ],
    "priority": 8,
    "half_life": "10 seconds",
    "phase": "gas",
    "display_items": true,
    "display_field": true
  },
  {
    "id": "fd_shifter_illu_limiter",
    "type": "field_type",
    "intensity_levels": [
      {
        "name": "...",
        "color": "black",
        "effects": [
          {
            "effect_id": "mon_shifter_illu_limit",
            "body_part": "TORSO",
            "min_duration": "1 seconds",
            "max_duration": "1 seconds"
          }
        ]
      }
    ],
    "priority": -1,
    "half_life": "1 seconds",
    "phase": "gas",
    "display_items": false,
    "display_field": false
  },
  {
    "id": "fd_secro_power_armor_flesh_link",
    "type": "field_type",
    "intensity_levels": [
      {
        "name": "...",
        "color": "black",
        "effects": [
          {
            "effect_id": "secro_power_armor_flesh_linked",
            "body_part": "HEAD",
            "min_duration": "1 seconds",
            "max_duration": "1 seconds"
          }
        ]
      }
    ],
    "priority": -1,
    "half_life": "1 seconds",
    "phase": "gas",
    "display_items": false,
    "display_field": false
  },
  {
    "id": "fd_sflesh_fleshling",
    "type": "field_type",
    "intensity_levels": [
      {
        "name": "...",
        "color": "black",
        "monster_spawn_chance": 20000,
        "monster_spawn_count": 1,
        "monster_spawn_radius": 1,
        "monster_spawn_group": "GROUP_FLESHLING"
      }
    ],
    "priority": -1,
    "half_life": "1 turns",
    "phase": "gas",
    "display_items": true,
    "display_field": false
  },
  {
    "id": "fd_sflesh_fleshling_birth",
    "type": "field_type",
    "intensity_levels": [
      {
        "name": "...",
        "color": "black",
        "monster_spawn_chance": 1,
        "monster_spawn_count": 1,
        "monster_spawn_radius": 1,
        "monster_spawn_group": "GROUP_FLESHLING_CHILDREN",
        "effects": [
          {
            "effect_id": "mon_sflesh_fleshling_huge_limit",
            "body_part": "HEAD",
            "min_duration": "1 seconds",
            "max_duration": "1 seconds"
          }
        ]
      }
    ],
    "priority": -1,
    "half_life": "1 turns",
    "phase": "gas",
    "display_items": true,
    "display_field": false
  },
  {
    "id": "fd_sflesh_fleshling_scavengy_forms",
    "type": "field_type",
    "intensity_levels": [
      {
        "name": "...",
        "color": "black",
        "monster_spawn_chance": 5,
        "monster_spawn_count": 2,
        "monster_spawn_radius": 1,
        "monster_spawn_group": "GROUP_FLESHLING_SCAVENGY_FORMS",
        "effects": [
          {
            "effect_id": "mon_sflesh_fleshling_scavengy_cost",
            "min_duration": "1 seconds",
            "max_duration": "1 seconds"
          }
        ]
      }
    ],
    "priority": -1,
    "half_life": "1 turns",
    "phase": "gas",
    "display_items": true,
    "display_field": false
  },
  {
    "id": "fd_sflesh_fleshling_scavengy_forms_limit",
    "type": "field_type",
    "intensity_levels": [
      {
        "name": "...",
        "color": "black",
        "effects": [
          {
            "effect_id": "mon_sflesh_fleshling_scavengy_spawnlimits",
            "min_duration": "1 seconds",
            "max_duration": "1 seconds"
          }
        ]
      }
    ],
    "priority": -1,
    "half_life": "1 seconds",
    "phase": "gas",
    "display_items": false,
    "display_field": false
  },
  {
    "note": "Fields designed for all creatures.",
    "id": "fd_mon_down_immune",
    "type": "field_type",
    "intensity_levels": [
      {
        "name": "...",
        "color": "black",
        "effects": [ { "effect_id": "secro_down_immune", "body_part": "TORSO", "min_duration": "1 seconds", "max_duration": "1 seconds" } ]
      }
    ],
    "priority": -1,
    "half_life": "1 seconds",
    "phase": "gas",
    "display_items": false,
    "display_field": false
  },
  {
    "id": "fd_mon_pet",
    "type": "field_type",
    "intensity_levels": [
      {
        "name": "...",
        "color": "black",
        "effects": [ { "effect_id": "pet", "body_part": "TORSO", "min_duration": "1 seconds", "max_duration": "1 seconds" } ]
      }
    ],
    "priority": -1,
    "half_life": "1 seconds",
    "phase": "gas",
    "display_items": false,
    "display_field": false
  }
]
