[
  {
    "type": "terrain",
    "id": "t_vector",
    "looks_like": "t_fungus",
    "name": "vector bed",
    "description": "Thick, light blue foliage lay low on the ground, writhing in harmony with the wind.",
    "symbol": ".",
    "light_emitted": 1,
    "color": "light_blue",
    "move_cost": 3,
    "flags": [ "TRANSPARENT", "FLAMMABLE_ASH", "DIGGABLE", "NOCOLLIDE", "VECTOR", "EMITTER" ],
    "emissions": [ "secro_vector_small" ],
    "bash": { "sound": "smash", "ter_set": "t_null", "str_min": 20, "str_max": 400, "str_min_supported": 50 }
  },
  {
    "type": "terrain",
    "id": "t_shrub_vector",
    "looks_like": "t_shrub_fungal",
    "name": "vector shrub",
    "description": "A vague reminiscence of a shrub, with large outgrowths of branches and leaves that blooms in vector dust.",
    "symbol": "#",
    "color": "blue",
    "move_cost": 8,
    "emissions": [ "secro_vector_smol_seeding" ],
    "light_emitted": 3,
    "coverage": 40,
    "flags": [ "TRANSPARENT", "CONTAINER", "FLAMMABLE_ASH", "THIN_OBSTACLE", "PLACE_ITEM", "SHRUB", "VECTOR", "EMITTER", "SHORT" ],
    "bash": { "str_min": 4, "str_max": 60, "sound": "crunch.", "sound_fail": "oof!", "ter_set": "t_vector" }
  },
  {
    "type": "terrain",
    "id": "t_tree_vector_young",
    "looks_like": "t_tree_fungal_young",
    "name": "young vector tree",
    "description": "An immature tree, infested by vector dust.",
    "symbol": "1",
    "emissions": [ "secro_vector_smol_seeding" ],
    "color": "blue",
    "light_emitted": 3,
    "move_cost": 4,
    "flags": [ "TRANSPARENT", "FLAMMABLE_ASH", "NOITEM", "VECTOR", "YOUNG", "EMITTER", "REDUCE_SCENT" ],
    "bash": { "str_min": 4, "str_max": 50, "sound": "crunch!", "sound_fail": "oof!", "ter_set": "t_vector" }
  },
  {
    "type": "terrain",
    "id": "t_tree_vector",
    "looks_like": "t_tree_fungal",
    "name": "vector tree",
    "description": "Infested by vector dust, this tree luminates the surroundings with its leaves, bark stripes and falling starlights.",
    "symbol": "7",
    "color": "light_blue",
    "light_emitted": 10,
    "move_cost": 0,
    "coverage": 80,
    "emissions": [ "secro_vector_smol_seeding" ],
    "flags": [ "FLAMMABLE_ASH", "NOITEM", "VECTOR", "EMITTER", "TREE", "REDUCE_SCENT" ],
    "bash": { "str_min": 40, "str_max": 180, "sound": "crunch!", "sound_fail": "oof!", "ter_set": "t_vector" }
  },
  {
    "type": "furniture",
    "id": "f_floral_vector",
    "looks_like": "f_lily",
    "name": "floral vector",
    "description": "A once colorful flower, now just a monochromatic blue in every angle.",
    "symbol": "f",
    "color": "blue",
    "move_cost_mod": 0,
    "emissions": [ "secro_vector_smol_seeding" ],
    "required_str": -1,
    "light_emitted": 2,
    "flags": [ "TRANSPARENT", "TINY", "FLAMMABLE_ASH", "NOCOLLIDE", "FLOWER", "VECTOR", "EMITTER" ],
    "bash": { "str_min": 2, "str_max": 6, "sound": "oof!.", "sound_fail": "whish." }
  },
  {
    "type": "terrain",
    "id": "t_ladder",
    "name": "ladder",
    "description": "A ladder leading through vertical directionas.",
    "symbol": "x",
    "color": "dark_gray",
    "move_cost": 2,
    "flags": [ "TRANSPARENT", "GOES_DOWN", "GOES_UP", "PLACE_ITEM", "DIFFICULT_Z" ]
  },
  {
    "type": "terrain",
    "id": "t_secro_ramp_down",
    "name": "ramp way (down)",
    "description": "A ramp way leading down.",
    "symbol": ">",
    "color": "white",
    "move_cost": 2,
    "flags": [ "TRANSPARENT", "PLACE_ITEM", "GOES_DOWN", "SEEN_FROM_ABOVE" ]
  },
  {
    "type": "terrain",
    "id": "t_secro_ramp_up",
    "name": "ramp way (up)",
    "description": "A ramp way leading up.",
    "symbol": "<",
    "color": "white",
    "move_cost": 2,
    "flags": [ "TRANSPARENT", "PLACE_ITEM", "RAMP", "GOES_UP" ]
  },
  {
    "type": "terrain",
    "id": "t_secro_metal_hatch_c",
    "name": "closed metal hatch",
    "description": "A closed metal hatch connected to the structure below.",
    "symbol": "+",
    "color": "cyan",
    "move_cost": 2,
    "flags": [ "TRANSPARENT" ],
    "open": "t_secro_metal_hatch_o",
    "bash": {
      "str_min": 30,
      "str_max": 210,
      "str_min_blocked": 40,
      "str_max_blocked": 240,
      "sound": "metal screeching!",
      "sound_fail": "clang!",
      "ter_set": "t_ladder_down",
      "items": [
        { "item": "steel_chunk", "count": [ 1, 4 ] },
        { "item": "scrap", "count": [ 3, 12 ] },
        { "item": "hinge", "count": [ 1, 2 ] }
      ]
    }
  },
  {
    "type": "terrain",
    "id": "t_secro_metal_hatch_o",
    "name": "open metal hatch",
    "description": "An opened metal hatch connected to the structure below. It reveals a hollow set of ladders leading downwards.",
    "symbol": ">",
    "looks_like": "t_door_metal_o",
    "color": "cyan",
    "move_cost": 2,
    "flags": [ "TRANSPARENT", "GOES_DOWN" ],
    "close": "t_secro_metal_hatch_c",
    "bash": {
      "str_min": 20,
      "str_max": 210,
      "str_min_blocked": 30,
      "str_max_blocked": 240,
      "sound": "metal screeching!",
      "sound_fail": "clang!",
      "ter_set": "t_ladder_down",
      "items": [
        { "item": "steel_chunk", "count": [ 1, 4 ] },
        { "item": "scrap", "count": [ 3, 12 ] },
        { "item": "hinge", "count": [ 1, 2 ] }
      ]
    }
  }
]
