[
  {
    "id": "SECRO_FLESH_HIVEMIND_START_main",
    "type": "talk_topic",
    "dynamic_line": {
      "u_has_effect": "secro_flesh_isadjacent",
      "yes": [ "glob glob", "glob glob, glob", "*twitches" ],
      "no": "*responds only when it is adjacent to you."
    },
    "responses": [
      {
        "text": "Set a camp here.",
        "topic": "SECRO_FLESH_HIVEMIND_START_base_no",
        "condition": {
          "and": [
            { "u_has_effect": "secro_flesh_isadjacent" },
            { "not": { "npc_at_om_location": "FACTION_CAMP_ANY" } },
            { "not": { "npc_at_om_location": "FACTION_CAMP_START" } },
            { "not": { "npc_has_effect": "secro_flesh_building_starter" } }
          ]
        }
      },
      {
        "text": "Set a camp here.",
        "topic": "SECRO_FLESH_HIVEMIND_START_base_yes",
        "condition": {
          "and": [
            { "u_has_effect": "secro_flesh_isadjacent" },
            { "not": { "npc_at_om_location": "FACTION_CAMP_ANY" } },
            { "npc_at_om_location": "FACTION_CAMP_START" },
            { "not": { "npc_has_effect": "secro_flesh_building_starter" } }
          ]
        }
      },
      {
        "text": "[FINISH] establish the camp.",
        "topic": "SECRO_FLESH_HIVEMIND_START_base",
        "condition": {
          "and": [
            { "u_has_effect": "secro_flesh_isadjacent" },
            { "not": { "npc_at_om_location": "FACTION_CAMP_ANY" } },
            { "npc_at_om_location": "FACTION_CAMP_START" },
            { "not": { "npc_has_effect": "secro_flesh_building" } },
            { "npc_has_effect": "secro_flesh_building_starter" }
          ]
        },
        "effect": "start_camp"
      },
      {
        "text": "[DEBUG] establish the camp",
        "topic": "TALK_DONE",
        "condition": { "u_has_trait": "SECRONOM_FLESH_DEBUG" },
        "effect": [
          "npc_die",
          "start_camp",
          { "mapgen_update": "secro_fleshcamp_start", "origin_npc": true },
          { "u_buy_monster": "mon_sflesh_veinstalk_crawly", "count": 8 },
          { "u_add_effect": "secro_flesh_campestablished", "duration": "PERMANENT" }
        ]
      },
      { "text": "Leave it.", "topic": "TALK_DONE" }
    ]
  },
  {
    "id": "SECRO_FLESH_HIVEMIND_START_base_no",
    "type": "talk_topic",
    "dynamic_line": "*refuses as the surrounding area is not compatible for bio-organic reconstruction. You might want to create a new hivemind in an open location such as the fields.",
    "responses": [ { "text": "…", "topic": "SECRO_FLESH_HIVEMIND_START_main" } ]
  },
  {
    "id": "SECRO_FLESH_HIVEMIND_START_base_yes",
    "type": "talk_topic",
    "dynamic_line": "*stretches its tendril into the vicinity. After some moments, the hivemind taps you, informing you that this area is available for reconstruction, as it open its mouth.\nThe hivemind needs 1000 flesh to reform itself, and will take an hour to complete.",
    "responses": [
      {
        "text": "[START] *feed the hivemind with flesh*",
        "topic": "SECRO_FLESH_HIVEMIND_START_main",
        "condition": { "u_has_items": { "item": "secro_flesh", "count": 1000 } },
        "effect": [
          { "u_sell_item": "secro_flesh", "count": 1000 },
          { "npc_consume_item": "secro_flesh", "count": 1000 },
          { "npc_add_effect": "secro_flesh_building", "duration": 3600 },
          { "npc_add_effect": "secro_flesh_building_starter", "duration": "PERMANENT" },
          { "npc_lose_trait": "SECRONOM_FLESH_STARTER" }
        ]
      },
      { "text": "Later…", "topic": "SECRO_FLESH_HIVEMIND_START_main" }
    ]
  },
  {
    "id": "SECRO_FLESH_HIVEMIND_START_base",
    "type": "talk_topic",
    "dynamic_line": {
      "npc_at_om_location": "FACTION_CAMP_ANY",
      "yes": "*stretches its tendrils into the ground, then starts to move to an ideal location. It reformed the surrounding tendrils into a circular outline of self-regenerating compact vein walls.",
      "no": "*withdraw its surrounding tendrils as soon as you revoke the establishment of the camp."
    },
    "responses": [
      {
        "text": "…",
        "topic": "TALK_DONE",
        "condition": { "npc_at_om_location": "FACTION_CAMP_ANY" },
        "effect": [
          "npc_die",
          { "mapgen_update": "secro_fleshcamp_start", "origin_npc": true },
          { "u_buy_monster": "mon_sflesh_veinstalk_crawly", "count": 8 },
          { "u_add_effect": "secro_flesh_campestablished", "duration": "PERMANENT" }
        ]
      },
      { "text": "…", "topic": "TALK_DONE", "condition": { "not": { "npc_at_om_location": "FACTION_CAMP_ANY" } } }
    ]
  }
]
