[
  {
    "id": "SECRO_FLESH_HIVEMIND_build_campupgrades",
    "type": "talk_topic",
    "dynamic_line": {
      "and": [
        "*taps you with a tendril, which has given you information of what it can build.\n",
        {
          "npc_has_effect": "secro_flesh_built_core1",
          "no": "\n*50 meat\n@2h\n> Core Expansion\nExpands the hivemind's core.\n",
          "yes": {
            "npc_has_effect": "secro_flesh_built_core2",
            "no": "\n*150 meat\n@8h\n> Core Expansion\nExpands the hivemind's core.\n",
            "yes": {
              "npc_has_effect": "secro_flesh_built_core3",
              "no": "\n*430 meat\n@1d12h\n> Core Expansion\nExpands the hivemind's core, as well as enhancing the surrounding walls.\n"
            }
          }
        },
        {
          "npc_has_effect": "secro_flesh_built_core3",
          "yes": {
            "npc_has_effect": "secro_flesh_built_expandroom_top",
            "no": "\n*500 meat\n@8h\n> Northern Room\nCreates a room up to the north.\n",
            "yes": {
              "npc_has_effect": "secro_flesh_built_expandroom_top_taken",
              "no": {
                "and": [
                  {
                    "npc_has_effect": "secro_flesh_built_room_meatfarm",
                    "no": "\n*250 meat *50 flesh\n@1d\n> Meatfarm\n(Northern Room)\nConverts the northern section into a meat-generating room.\n"
                  },
                  {
                    "npc_has_effect": "secro_flesh_built_room_splicer",
                    "no": "\n*300 meat *200 flesh\n@1d12h\n> Bio-organic Splicer\n(Northern Room)\nDedicate the northern room for a bio-organic splicer.\n"
                  },
                  {
                    "npc_has_trait": "SECRONOM_FLESH_BIO_construction_advance",
                    "yes": {
                      "npc_has_effect": "secro_flesh_built_room_modifier",
                      "no": "\n*375 meat *375 flesh\n@2d\n> Bio-organic Modifier\n(Northern Room)\nDedicate the northern room for a bio-organic modifier.\n"
                    }
                  },
                  {
                    "npc_has_trait": "SECRONOM_FLESH_BIO_construction_advance",
                    "yes": {
                      "npc_has_effect": "secro_flesh_built_room_hatchery",
                      "no": "\n*300 meat *400 flesh\n@2d\n> Bio-organic Hatchery\n(Northern Room)\nDedicate the northern room for a bio-organic hatchery.\n"
                    }
                  },
                  {
                    "npc_has_trait": "SECRONOM_FLESH_BIO_construction_advance",
                    "yes": {
                      "npc_has_effect": "secro_flesh_built_room_artifice",
                      "no": "\n*600 meat *400 flesh\n@2d12h\n> Bio-organic Artifice\n(Northern Room)\nDedicate the northern room for a bio-organic artifice.\n"
                    }
                  }
                ]
              }
            }
          }
        },
        {
          "npc_has_effect": "secro_flesh_built_core3",
          "yes": {
            "npc_has_effect": "secro_flesh_built_expandroom_right",
            "no": "\n*500 meat\n@8h\n> Eastern Room\nCreates a room up to the east.\n",
            "yes": {
              "npc_has_effect": "secro_flesh_built_expandroom_right_taken",
              "no": {
                "and": [
                  {
                    "npc_has_effect": "secro_flesh_built_room_meatfarm",
                    "no": "\n*250 meat *50 flesh\n@1d\n> Meatfarm\n(Eastern Room)\nConverts the eastern section into a meat-generating room.\n"
                  },
                  {
                    "npc_has_effect": "secro_flesh_built_room_splicer",
                    "no": "\n*300 meat *200 flesh\n@1d12h\n> Bio-organic Splicer\n(Eastern Room)\nDedicate the eastern room for a bio-organic splicer.\n"
                  },
                  {
                    "npc_has_trait": "SECRONOM_FLESH_BIO_construction_advance",
                    "yes": {
                      "npc_has_effect": "secro_flesh_built_room_modifier",
                      "no": "\n*375 meat *375 flesh\n@2d\n> Bio-organic Modifier\n(Eastern Room)\nDedicate the eastern room for a bio-organic modifier.\n"
                    }
                  },
                  {
                    "npc_has_trait": "SECRONOM_FLESH_BIO_construction_advance",
                    "yes": {
                      "npc_has_effect": "secro_flesh_built_room_hatchery",
                      "no": "\n*300 meat *400 flesh\n@2d\n> Bio-organic Hatchery\n(Eastern Room)\nDedicate the eastern room for a bio-organic hatchery.\n"
                    }
                  },
                  {
                    "npc_has_trait": "SECRONOM_FLESH_BIO_construction_advance",
                    "yes": {
                      "npc_has_effect": "secro_flesh_built_room_artifice",
                      "no": "\n*600 meat *400 flesh\n@2d12h\n> Bio-organic Artifice\n(Eastern Room)\nDedicate the eastern room for a bio-organic artifice.\n"
                    }
                  }
                ]
              }
            }
          }
        },
        {
          "npc_has_effect": "secro_flesh_built_core3",
          "yes": {
            "npc_has_effect": "secro_flesh_built_expandroom_down",
            "no": "\n*500 meat\n@8h\n> Southern Room\nCreates a room up to the south.\n",
            "yes": {
              "npc_has_effect": "secro_flesh_built_expandroom_down_taken",
              "no": {
                "and": [
                  {
                    "npc_has_effect": "secro_flesh_built_room_meatfarm",
                    "no": "\n*250 meat *50 flesh\n@1d\n> Meatfarm\n(Southern Room)\nConverts the southern section into a meat-generating room.\n"
                  },
                  {
                    "npc_has_effect": "secro_flesh_built_room_splicer",
                    "no": "\n*300 meat *200 flesh\n@1d12h\n> Bio-organic Splicer\n(Southern Room)\nDedicate the southern room for a bio-organic splicer.\n"
                  },
                  {
                    "npc_has_trait": "SECRONOM_FLESH_BIO_construction_advance",
                    "yes": {
                      "npc_has_effect": "secro_flesh_built_room_modifier",
                      "no": "\n*375 meat *375 flesh\n@2d\n> Bio-organic Modifier\n(Southern Room)\nDedicate the southern room for a bio-organic modifier.\n"
                    }
                  },
                  {
                    "npc_has_trait": "SECRONOM_FLESH_BIO_construction_advance",
                    "yes": {
                      "npc_has_effect": "secro_flesh_built_room_hatchery",
                      "no": "\n*300 meat *400 flesh\n@2d\n> Bio-organic Hatchery\n(Southern Room)\nDedicate the southern room for a bio-organic hatchery.\n"
                    }
                  },
                  {
                    "npc_has_trait": "SECRONOM_FLESH_BIO_construction_advance",
                    "yes": {
                      "npc_has_effect": "secro_flesh_built_room_artifice",
                      "no": "\n*600 meat *400 flesh\n@2d12h\n> Bio-organic Artifice\n(Southern Room)\nDedicate the southern room for a bio-organic artifice.\n"
                    }
                  }
                ]
              }
            }
          }
        },
        {
          "npc_has_effect": "secro_flesh_built_core3",
          "yes": {
            "npc_has_effect": "secro_flesh_built_expandroom_left",
            "no": "\n*500 meat\n@8h\n> Western Room\nCreates a room up to the west.\n",
            "yes": {
              "npc_has_effect": "secro_flesh_built_expandroom_left_taken",
              "no": {
                "and": [
                  {
                    "npc_has_effect": "secro_flesh_built_room_meatfarm",
                    "no": "\n*250 meat *50 flesh\n@1d\n> Meatfarm\n(Western Room)\nConverts the western section into a meat-generating room.\n"
                  },
                  {
                    "npc_has_effect": "secro_flesh_built_room_splicer",
                    "no": "\n*300 meat *200 flesh\n@1d12h\n> Bio-organic Splicer\n(Western Room)\nDedicate the western room for a bio-organic splicer.\n"
                  },
                  {
                    "npc_has_trait": "SECRONOM_FLESH_BIO_construction_advance",
                    "yes": {
                      "npc_has_effect": "secro_flesh_built_room_modifier",
                      "no": "\n*375 meat *375 flesh\n@2d\n> Bio-organic Modifier\n(Western Room)\nDedicate the western room for a bio-organic modifier.\n"
                    }
                  },
                  {
                    "npc_has_trait": "SECRONOM_FLESH_BIO_construction_advance",
                    "yes": {
                      "npc_has_effect": "secro_flesh_built_room_hatchery",
                      "no": "\n*300 meat *400 flesh\n@2d\n> Bio-organic Hatchery\n(Western Room)\nDedicate the western room for a bio-organic hatchery.\n"
                    }
                  },
                  {
                    "npc_has_trait": "SECRONOM_FLESH_BIO_construction_advance",
                    "yes": {
                      "npc_has_effect": "secro_flesh_built_room_artifice",
                      "no": "\n*600 meat *400 flesh\n@2d12h\n> Bio-organic Artifice\n(Western Room)\nDedicate the western room for a bio-organic artifice.\n"
                    }
                  }
                ]
              }
            }
          }
        },
        "\n- Using chunks of tainted meat increases build cost by *1.75\n- Rotten meat is acceptable"
      ]
    },
    "responses": [
      {
        "text": "[BUILD] Core Expansion\n*Feed the hivemind with chunks of meat*",
        "topic": "SECRO_FLESH_HIVEMIND_build",
        "condition": {
          "and": [ { "not": { "npc_has_effect": "secro_flesh_built_core1" } }, { "u_has_items": { "item": "meat", "count": 50 } } ]
        },
        "effect": [
          { "u_sell_item": "meat", "count": 50 },
          { "npc_consume_item": "meat", "count": 50 },
          { "npc_add_effect": "secro_flesh_building_core1", "duration": "PERMANENT" },
          { "npc_add_effect": "secro_flesh_building", "duration": 7200 }
        ]
      },
      {
        "text": "[BUILD] Core Expansion\n*Feed the hivemind with chunks of tainted meat*",
        "topic": "SECRO_FLESH_HIVEMIND_build",
        "condition": {
          "and": [
            { "not": { "npc_has_effect": "secro_flesh_built_core1" } },
            { "u_has_items": { "item": "meat_tainted", "count": 88 } }
          ]
        },
        "effect": [
          { "u_sell_item": "meat_tainted", "count": 88 },
          { "npc_consume_item": "meat_tainted", "count": 88 },
          { "npc_add_effect": "secro_flesh_building_core1", "duration": "PERMANENT" },
          { "npc_add_effect": "secro_flesh_building", "duration": 7200 }
        ]
      },
      {
        "text": "[BUILD] Core Expansion\n*Feed the hivemind with chunks of mutant meat*",
        "topic": "SECRO_FLESH_HIVEMIND_build",
        "condition": {
          "and": [
            { "not": { "npc_has_effect": "secro_flesh_built_core1" } },
            { "u_has_items": { "item": "mutant_meat", "count": 50 } }
          ]
        },
        "effect": [
          { "u_sell_item": "mutant_meat", "count": 50 },
          { "npc_consume_item": "mutant_meat", "count": 50 },
          { "npc_add_effect": "secro_flesh_building_core1", "duration": "PERMANENT" },
          { "npc_add_effect": "secro_flesh_building", "duration": 7200 }
        ]
      },
      {
        "text": "[BUILD] Core Expansion\n*Feed the hivemind with chunks of meat*",
        "topic": "SECRO_FLESH_HIVEMIND_build",
        "condition": {
          "and": [
            { "npc_has_effect": "secro_flesh_built_core1" },
            { "not": { "npc_has_effect": "secro_flesh_built_core2" } },
            { "u_has_items": { "item": "meat", "count": 150 } }
          ]
        },
        "effect": [
          { "u_sell_item": "meat", "count": 150 },
          { "npc_consume_item": "meat", "count": 150 },
          { "npc_add_effect": "secro_flesh_building_core2", "duration": "PERMANENT" },
          { "npc_add_effect": "secro_flesh_building", "duration": 28800 }
        ]
      },
      {
        "text": "[BUILD] Core Expansion\n*Feed the hivemind with chunks of tainted meat*",
        "topic": "SECRO_FLESH_HIVEMIND_build",
        "condition": {
          "and": [
            { "npc_has_effect": "secro_flesh_built_core1" },
            { "not": { "npc_has_effect": "secro_flesh_built_core2" } },
            { "u_has_items": { "item": "meat_tainted", "count": 263 } }
          ]
        },
        "effect": [
          { "u_sell_item": "meat_tainted", "count": 263 },
          { "npc_consume_item": "meat_tainted", "count": 263 },
          { "npc_add_effect": "secro_flesh_building_core2", "duration": "PERMANENT" },
          { "npc_add_effect": "secro_flesh_building", "duration": 28800 }
        ]
      },
      {
        "text": "[BUILD] Core Expansion\n*Feed the hivemind with chunks of mutant meat*",
        "topic": "SECRO_FLESH_HIVEMIND_build",
        "condition": {
          "and": [
            { "npc_has_effect": "secro_flesh_built_core1" },
            { "not": { "npc_has_effect": "secro_flesh_built_core2" } },
            { "u_has_items": { "item": "mutant_meat", "count": 150 } }
          ]
        },
        "effect": [
          { "u_sell_item": "mutant_meat", "count": 150 },
          { "npc_consume_item": "mutant_meat", "count": 150 },
          { "npc_add_effect": "secro_flesh_building_core2", "duration": "PERMANENT" },
          { "npc_add_effect": "secro_flesh_building", "duration": 28800 }
        ]
      },
      {
        "text": "[BUILD] Core Expansion\n*Feed the hivemind with chunks of meat*",
        "topic": "SECRO_FLESH_HIVEMIND_build",
        "condition": {
          "and": [
            { "npc_has_effect": "secro_flesh_built_core2" },
            { "not": { "npc_has_effect": "secro_flesh_built_core3" } },
            { "u_has_items": { "item": "meat", "count": 430 } }
          ]
        },
        "effect": [
          { "u_sell_item": "meat", "count": 430 },
          { "npc_consume_item": "meat", "count": 430 },
          { "npc_add_effect": "secro_flesh_building_core3", "duration": "PERMANENT" },
          { "npc_add_effect": "secro_flesh_building", "duration": 129600 }
        ]
      },
      {
        "text": "[BUILD] Core Expansion\n*Feed the hivemind with chunks of tainted meat*",
        "topic": "SECRO_FLESH_HIVEMIND_build",
        "condition": {
          "and": [
            { "npc_has_effect": "secro_flesh_built_core2" },
            { "not": { "npc_has_effect": "secro_flesh_built_core3" } },
            { "u_has_items": { "item": "meat_tainted", "count": 753 } }
          ]
        },
        "effect": [
          { "u_sell_item": "meat_tainted", "count": 753 },
          { "npc_consume_item": "meat_tainted", "count": 753 },
          { "npc_add_effect": "secro_flesh_building_core3", "duration": "PERMANENT" },
          { "npc_add_effect": "secro_flesh_building", "duration": 129600 }
        ]
      },
      {
        "text": "[BUILD] Core Expansion\n*Feed the hivemind with chunks of mutant meat*",
        "topic": "SECRO_FLESH_HIVEMIND_build",
        "condition": {
          "and": [
            { "npc_has_effect": "secro_flesh_built_core2" },
            { "not": { "npc_has_effect": "secro_flesh_built_core3" } },
            { "u_has_items": { "item": "mutant_meat", "count": 430 } }
          ]
        },
        "effect": [
          { "u_sell_item": "mutant_meat", "count": 430 },
          { "npc_consume_item": "mutant_meat", "count": 430 },
          { "npc_add_effect": "secro_flesh_building_core3", "duration": "PERMANENT" },
          { "npc_add_effect": "secro_flesh_building", "duration": 129600 }
        ]
      },
      {
        "text": "[BUILD] Northern Room\n*Feed the hivemind with chunks of meat*",
        "topic": "SECRO_FLESH_HIVEMIND_build",
        "condition": {
          "and": [
            { "npc_has_effect": "secro_flesh_built_core3" },
            { "not": { "npc_has_effect": "secro_flesh_built_expandroom_top" } },
            { "u_has_items": { "item": "meat", "count": 500 } }
          ]
        },
        "effect": [
          { "u_sell_item": "meat", "count": 500 },
          { "npc_consume_item": "meat", "count": 500 },
          { "npc_add_effect": "secro_flesh_building_expandroom_top", "duration": "PERMANENT" },
          { "npc_add_effect": "secro_flesh_building", "duration": 28800 }
        ]
      },
      {
        "text": "[BUILD] Northern Room\n*Feed the hivemind with chunks of tainted meat*",
        "topic": "SECRO_FLESH_HIVEMIND_build",
        "condition": {
          "and": [
            { "npc_has_effect": "secro_flesh_built_core3" },
            { "not": { "npc_has_effect": "secro_flesh_built_expandroom_top" } },
            { "u_has_items": { "item": "meat_tainted", "count": 263 } }
          ]
        },
        "effect": [
          { "u_sell_item": "meat_tainted", "count": 263 },
          { "npc_consume_item": "meat_tainted", "count": 263 },
          { "npc_add_effect": "secro_flesh_building_expandroom_top", "duration": "PERMANENT" },
          { "npc_add_effect": "secro_flesh_building", "duration": 28800 }
        ]
      },
      {
        "text": "[BUILD] Northern Room\n*Feed the hivemind with chunks of mutant meat*",
        "topic": "SECRO_FLESH_HIVEMIND_build",
        "condition": {
          "and": [
            { "npc_has_effect": "secro_flesh_built_core3" },
            { "not": { "npc_has_effect": "secro_flesh_built_expandroom_top" } },
            { "u_has_items": { "item": "mutant_meat", "count": 500 } }
          ]
        },
        "effect": [
          { "u_sell_item": "mutant_meat", "count": 500 },
          { "npc_consume_item": "mutant_meat", "count": 500 },
          { "npc_add_effect": "secro_flesh_building_expandroom_top", "duration": "PERMANENT" },
          { "npc_add_effect": "secro_flesh_building", "duration": 28800 }
        ]
      },
      {
        "text": "[BUILD] Meatfarm\n(Northern Room)\n*Feed the hivemind with chunks of meat and flesh*",
        "topic": "SECRO_FLESH_HIVEMIND_build",
        "condition": {
          "and": [
            { "npc_has_effect": "secro_flesh_built_expandroom_top" },
            { "not": { "npc_has_effect": "secro_flesh_built_expandroom_top_taken" } },
            { "not": { "npc_has_effect": "secro_flesh_built_room_meatfarm" } },
            { "u_has_items": { "item": "meat", "count": 250 } },
            { "u_has_items": { "item": "secro_flesh", "count": 50 } }
          ]
        },
        "effect": [
          { "u_sell_item": "meat", "count": 250 },
          { "npc_consume_item": "meat", "count": 250 },
          { "u_sell_item": "secro_flesh", "count": 50 },
          { "npc_consume_item": "secro_flesh", "count": 50 },
          { "npc_add_effect": "secro_flesh_built_expandroom_top_taken", "duration": "PERMANENT" },
          { "npc_add_effect": "secro_flesh_building_room_meatfarm_top", "duration": "PERMANENT" },
          { "npc_add_effect": "secro_flesh_building", "duration": 86400 }
        ]
      },
      {
        "text": "[BUILD] Meatfarm\n(Northern Room)\n*Feed the hivemind with chunks of tainted meat and flesh*",
        "topic": "SECRO_FLESH_HIVEMIND_build",
        "condition": {
          "and": [
            { "npc_has_effect": "secro_flesh_built_expandroom_top" },
            { "not": { "npc_has_effect": "secro_flesh_built_expandroom_top_taken" } },
            { "not": { "npc_has_effect": "secro_flesh_built_room_meatfarm" } },
            { "u_has_items": { "item": "meat_tainted", "count": 438 } },
            { "u_has_items": { "item": "secro_flesh", "count": 50 } }
          ]
        },
        "effect": [
          { "u_sell_item": "meat_tainted", "count": 438 },
          { "npc_consume_item": "meat_tainted", "count": 438 },
          { "u_sell_item": "secro_flesh", "count": 50 },
          { "npc_consume_item": "secro_flesh", "count": 50 },
          { "npc_add_effect": "secro_flesh_built_expandroom_top_taken", "duration": "PERMANENT" },
          { "npc_add_effect": "secro_flesh_building_room_meatfarm_top", "duration": "PERMANENT" },
          { "npc_add_effect": "secro_flesh_building", "duration": 86400 }
        ]
      },
      {
        "text": "[BUILD] Meatfarm\n(Northern Room)\n*Feed the hivemind with chunks of mutant meat and flesh*",
        "topic": "SECRO_FLESH_HIVEMIND_build",
        "condition": {
          "and": [
            { "npc_has_effect": "secro_flesh_built_expandroom_top" },
            { "not": { "npc_has_effect": "secro_flesh_built_expandroom_top_taken" } },
            { "not": { "npc_has_effect": "secro_flesh_built_room_meatfarm" } },
            { "u_has_items": { "item": "mutant_meat", "count": 250 } },
            { "u_has_items": { "item": "secro_flesh", "count": 50 } }
          ]
        },
        "effect": [
          { "u_sell_item": "mutant_meat", "count": 250 },
          { "npc_consume_item": "mutant_meat", "count": 250 },
          { "u_sell_item": "secro_flesh", "count": 50 },
          { "npc_consume_item": "secro_flesh", "count": 50 },
          { "npc_add_effect": "secro_flesh_built_expandroom_top_taken", "duration": "PERMANENT" },
          { "npc_add_effect": "secro_flesh_building_room_meatfarm_top", "duration": "PERMANENT" },
          { "npc_add_effect": "secro_flesh_building", "duration": 86400 }
        ]
      },
      {
        "text": "[BUILD] Bio-organic Splicer\n(Northern Room)\n*Feed the hivemind with chunks of meat and flesh*",
        "topic": "SECRO_FLESH_HIVEMIND_build",
        "condition": {
          "and": [
            { "npc_has_effect": "secro_flesh_built_expandroom_top" },
            { "not": { "npc_has_effect": "secro_flesh_built_expandroom_top_taken" } },
            { "not": { "npc_has_effect": "secro_flesh_built_room_splicer" } },
            { "u_has_items": { "item": "meat", "count": 300 } },
            { "u_has_items": { "item": "secro_flesh", "count": 200 } }
          ]
        },
        "effect": [
          { "u_sell_item": "meat", "count": 300 },
          { "npc_consume_item": "meat", "count": 300 },
          { "u_sell_item": "secro_flesh", "count": 200 },
          { "npc_consume_item": "secro_flesh", "count": 200 },
          { "npc_add_effect": "secro_flesh_built_expandroom_top_taken", "duration": "PERMANENT" },
          { "npc_add_effect": "secro_flesh_building_room_splicer_top", "duration": "PERMANENT" },
          { "npc_add_effect": "secro_flesh_building", "duration": 129600 }
        ]
      },
      {
        "text": "[BUILD] Bio-organic Splicer\n(Northern Room)\n*Feed the hivemind with chunks of tainted meat and flesh*",
        "topic": "SECRO_FLESH_HIVEMIND_build",
        "condition": {
          "and": [
            { "npc_has_effect": "secro_flesh_built_expandroom_top" },
            { "not": { "npc_has_effect": "secro_flesh_built_expandroom_top_taken" } },
            { "not": { "npc_has_effect": "secro_flesh_built_room_splicer" } },
            { "u_has_items": { "item": "meat_tainted", "count": 525 } },
            { "u_has_items": { "item": "secro_flesh", "count": 200 } }
          ]
        },
        "effect": [
          { "u_sell_item": "meat_tainted", "count": 525 },
          { "npc_consume_item": "meat_tainted", "count": 525 },
          { "u_sell_item": "secro_flesh", "count": 200 },
          { "npc_consume_item": "secro_flesh", "count": 200 },
          { "npc_add_effect": "secro_flesh_built_expandroom_top_taken", "duration": "PERMANENT" },
          { "npc_add_effect": "secro_flesh_building_room_splicer_top", "duration": "PERMANENT" },
          { "npc_add_effect": "secro_flesh_building", "duration": 129600 }
        ]
      },
      {
        "text": "[BUILD] Bio-organic Splicer\n(Northern Room)\n*Feed the hivemind with chunks of mutant meat and flesh*",
        "topic": "SECRO_FLESH_HIVEMIND_build",
        "condition": {
          "and": [
            { "npc_has_effect": "secro_flesh_built_expandroom_top" },
            { "not": { "npc_has_effect": "secro_flesh_built_expandroom_top_taken" } },
            { "not": { "npc_has_effect": "secro_flesh_built_room_splicer" } },
            { "u_has_items": { "item": "mutant_meat", "count": 300 } },
            { "u_has_items": { "item": "secro_flesh", "count": 200 } }
          ]
        },
        "effect": [
          { "u_sell_item": "mutant_meat", "count": 300 },
          { "npc_consume_item": "mutant_meat", "count": 300 },
          { "u_sell_item": "secro_flesh", "count": 200 },
          { "npc_consume_item": "secro_flesh", "count": 200 },
          { "npc_add_effect": "secro_flesh_built_expandroom_top_taken", "duration": "PERMANENT" },
          { "npc_add_effect": "secro_flesh_building_room_splicer_top", "duration": "PERMANENT" },
          { "npc_add_effect": "secro_flesh_building", "duration": 129600 }
        ]
      },
      {
        "text": "[BUILD] Bio-organic Modifier\n(Northern Room)\n*Feed the hivemind with chunks of meat and flesh*",
        "topic": "SECRO_FLESH_HIVEMIND_build",
        "condition": {
          "and": [
            { "npc_has_effect": "secro_flesh_built_expandroom_top" },
            { "npc_has_trait": "SECRONOM_FLESH_BIO_construction_advance" },
            { "not": { "npc_has_effect": "secro_flesh_built_expandroom_top_taken" } },
            { "not": { "npc_has_effect": "secro_flesh_built_room_modifier" } },
            { "u_has_items": { "item": "meat", "count": 375 } },
            { "u_has_items": { "item": "secro_flesh", "count": 375 } }
          ]
        },
        "effect": [
          { "u_sell_item": "meat", "count": 375 },
          { "npc_consume_item": "meat", "count": 375 },
          { "u_sell_item": "secro_flesh", "count": 375 },
          { "npc_consume_item": "secro_flesh", "count": 375 },
          { "npc_add_effect": "secro_flesh_built_expandroom_top_taken", "duration": "PERMANENT" },
          { "npc_add_effect": "secro_flesh_building_room_modifier_top", "duration": "PERMANENT" },
          { "npc_add_effect": "secro_flesh_building", "duration": 172800 }
        ]
      },
      {
        "text": "[BUILD] Bio-organic Modifier\n(Northern Room)\n*Feed the hivemind with chunks of tainted meat and flesh*",
        "topic": "SECRO_FLESH_HIVEMIND_build",
        "condition": {
          "and": [
            { "npc_has_effect": "secro_flesh_built_expandroom_top" },
            { "npc_has_trait": "SECRONOM_FLESH_BIO_construction_advance" },
            { "not": { "npc_has_effect": "secro_flesh_built_expandroom_top_taken" } },
            { "not": { "npc_has_effect": "secro_flesh_built_room_modifier" } },
            { "u_has_items": { "item": "meat_tainted", "count": 656 } },
            { "u_has_items": { "item": "secro_flesh", "count": 375 } }
          ]
        },
        "effect": [
          { "u_sell_item": "meat_tainted", "count": 656 },
          { "npc_consume_item": "meat_tainted", "count": 656 },
          { "u_sell_item": "secro_flesh", "count": 375 },
          { "npc_consume_item": "secro_flesh", "count": 375 },
          { "npc_add_effect": "secro_flesh_built_expandroom_top_taken", "duration": "PERMANENT" },
          { "npc_add_effect": "secro_flesh_building_room_modifier_top", "duration": "PERMANENT" },
          { "npc_add_effect": "secro_flesh_building", "duration": 172800 }
        ]
      },
      {
        "text": "[BUILD] Bio-organic Modifier\n(Northern Room)\n*Feed the hivemind with chunks of mutant meat and flesh*",
        "topic": "SECRO_FLESH_HIVEMIND_build",
        "condition": {
          "and": [
            { "npc_has_effect": "secro_flesh_built_expandroom_top" },
            { "npc_has_trait": "SECRONOM_FLESH_BIO_construction_advance" },
            { "not": { "npc_has_effect": "secro_flesh_built_expandroom_top_taken" } },
            { "not": { "npc_has_effect": "secro_flesh_built_room_modifier" } },
            { "u_has_items": { "item": "mutant_meat", "count": 375 } },
            { "u_has_items": { "item": "secro_flesh", "count": 375 } }
          ]
        },
        "effect": [
          { "u_sell_item": "mutant_meat", "count": 375 },
          { "npc_consume_item": "mutant_meat", "count": 375 },
          { "u_sell_item": "secro_flesh", "count": 375 },
          { "npc_consume_item": "secro_flesh", "count": 375 },
          { "npc_add_effect": "secro_flesh_built_expandroom_top_taken", "duration": "PERMANENT" },
          { "npc_add_effect": "secro_flesh_building_room_modifier_top", "duration": "PERMANENT" },
            { "npc_add_effect": "secro_flesh_building", "duration": 172800 }
        ]
      },
      {
        "text": "[BUILD] Bio-organic Hatchery\n(Northern Room)\n*Feed the hivemind with chunks of meat and flesh*",
        "topic": "SECRO_FLESH_HIVEMIND_build",
        "condition": {
          "and": [
            { "npc_has_effect": "secro_flesh_built_expandroom_top" },
            { "not": { "npc_has_effect": "secro_flesh_built_expandroom_top_taken" } },
            { "not": { "npc_has_effect": "secro_flesh_built_room_hatchery" } },
            { "u_has_items": { "item": "meat", "count": 300 } },
            { "u_has_items": { "item": "secro_flesh", "count": 400 } }
          ]
        },
        "effect": [
          { "u_sell_item": "meat", "count": 300 },
          { "npc_consume_item": "meat", "count": 300 },
          { "u_sell_item": "secro_flesh", "count": 400 },
          { "npc_consume_item": "secro_flesh", "count": 400 },
          { "npc_add_effect": "secro_flesh_built_expandroom_top_taken", "duration": "PERMANENT" },
          { "npc_add_effect": "secro_flesh_building_room_hatchery_top", "duration": "PERMANENT" },
          { "npc_add_effect": "secro_flesh_building", "duration": 129600 }
        ]
      },
      {
        "text": "[BUILD] Bio-organic Hatchery\n(Northern Room)\n*Feed the hivemind with chunks of tainted meat and flesh*",
        "topic": "SECRO_FLESH_HIVEMIND_build",
        "condition": {
          "and": [
            { "npc_has_effect": "secro_flesh_built_expandroom_top" },
            { "not": { "npc_has_effect": "secro_flesh_built_expandroom_top_taken" } },
            { "not": { "npc_has_effect": "secro_flesh_built_room_hatchery" } },
            { "u_has_items": { "item": "meat_tainted", "count": 525 } },
            { "u_has_items": { "item": "secro_flesh", "count": 400 } }
          ]
        },
        "effect": [
          { "u_sell_item": "meat_tainted", "count": 525 },
          { "npc_consume_item": "meat_tainted", "count": 525 },
          { "u_sell_item": "secro_flesh", "count": 400 },
          { "npc_consume_item": "secro_flesh", "count": 400 },
          { "npc_add_effect": "secro_flesh_built_expandroom_top_taken", "duration": "PERMANENT" },
          { "npc_add_effect": "secro_flesh_building_room_hatchery_top", "duration": "PERMANENT" },
          { "npc_add_effect": "secro_flesh_building", "duration": 129600 }
        ]
      },
      {
        "text": "[BUILD] Bio-organic Hatchery\n(Northern Room)\n*Feed the hivemind with chunks of mutant meat and flesh*",
        "topic": "SECRO_FLESH_HIVEMIND_build",
        "condition": {
          "and": [
            { "npc_has_effect": "secro_flesh_built_expandroom_top" },
            { "not": { "npc_has_effect": "secro_flesh_built_expandroom_top_taken" } },
            { "not": { "npc_has_effect": "secro_flesh_built_room_hatchery" } },
            { "u_has_items": { "item": "mutant_meat", "count": 300 } },
            { "u_has_items": { "item": "secro_flesh", "count": 400 } }
          ]
        },
        "effect": [
          { "u_sell_item": "mutant_meat", "count": 300 },
          { "npc_consume_item": "mutant_meat", "count": 300 },
          { "u_sell_item": "secro_flesh", "count": 400 },
          { "npc_consume_item": "secro_flesh", "count": 400 },
          { "npc_add_effect": "secro_flesh_built_expandroom_top_taken", "duration": "PERMANENT" },
          { "npc_add_effect": "secro_flesh_building_room_hatchery_top", "duration": "PERMANENT" },
          { "npc_add_effect": "secro_flesh_building", "duration": 129600 }
        ]
      },
      {
        "text": "[BUILD] Bio-organic Artifice\n(Northern Room)\n*Feed the hivemind with chunks of meat and flesh*",
        "topic": "SECRO_FLESH_HIVEMIND_build",
        "condition": {
          "and": [
            { "npc_has_effect": "secro_flesh_built_expandroom_top" },
            { "not": { "npc_has_effect": "secro_flesh_built_expandroom_top_taken" } },
            { "not": { "npc_has_effect": "secro_flesh_built_room_artifice" } },
            { "u_has_items": { "item": "meat", "count": 600 } },
            { "u_has_items": { "item": "secro_flesh", "count": 400 } }
          ]
        },
        "effect": [
          { "u_sell_item": "meat", "count": 600 },
          { "npc_consume_item": "meat", "count": 600 },
          { "u_sell_item": "secro_flesh", "count": 400 },
          { "npc_consume_item": "secro_flesh", "count": 400 },
          { "npc_add_effect": "secro_flesh_built_expandroom_top_taken", "duration": "PERMANENT" },
          { "npc_add_effect": "secro_flesh_building_room_artifice_top", "duration": "PERMANENT" },
          { "npc_add_effect": "secro_flesh_building", "duration": 216000 }
        ]
      },
      {
        "text": "[BUILD] Bio-organic Artifice\n(Northern Room)\n*Feed the hivemind with chunks of tainted meat and flesh*",
        "topic": "SECRO_FLESH_HIVEMIND_build",
        "condition": {
          "and": [
            { "npc_has_effect": "secro_flesh_built_expandroom_top" },
            { "not": { "npc_has_effect": "secro_flesh_built_expandroom_top_taken" } },
            { "not": { "npc_has_effect": "secro_flesh_built_room_artifice" } },
            { "u_has_items": { "item": "meat_tainted", "count": 1050 } },
            { "u_has_items": { "item": "secro_flesh", "count": 400 } }
          ]
        },
        "effect": [
          { "u_sell_item": "meat_tainted", "count": 1050 },
          { "npc_consume_item": "meat_tainted", "count": 1050 },
          { "u_sell_item": "secro_flesh", "count": 400 },
          { "npc_consume_item": "secro_flesh", "count": 400 },
          { "npc_add_effect": "secro_flesh_built_expandroom_top_taken", "duration": "PERMANENT" },
          { "npc_add_effect": "secro_flesh_building_room_artifice_top", "duration": "PERMANENT" },
          { "npc_add_effect": "secro_flesh_building", "duration": 216000 }
        ]
      },
      {
        "text": "[BUILD] Bio-organic Artifice\n(Northern Room)\n*Feed the hivemind with chunks of mutant meat and flesh*",
        "topic": "SECRO_FLESH_HIVEMIND_build",
        "condition": {
          "and": [
            { "npc_has_effect": "secro_flesh_built_expandroom_top" },
            { "not": { "npc_has_effect": "secro_flesh_built_expandroom_top_taken" } },
            { "not": { "npc_has_effect": "secro_flesh_built_room_artifice" } },
            { "u_has_items": { "item": "mutant_meat", "count": 600 } },
            { "u_has_items": { "item": "secro_flesh", "count": 400 } }
          ]
        },
        "effect": [
          { "u_sell_item": "mutant_meat", "count": 600 },
          { "npc_consume_item": "mutant_meat", "count": 600 },
          { "u_sell_item": "secro_flesh", "count": 400 },
          { "npc_consume_item": "secro_flesh", "count": 400 },
          { "npc_add_effect": "secro_flesh_built_expandroom_top_taken", "duration": "PERMANENT" },
          { "npc_add_effect": "secro_flesh_building_room_artifice_top", "duration": "PERMANENT" },
          { "npc_add_effect": "secro_flesh_building", "duration": 216000 }
        ]
      },
      {
        "text": "[BUILD] Eastern Room\n*Feed the hivemind with chunks of meat*",
        "topic": "SECRO_FLESH_HIVEMIND_build",
        "condition": {
          "and": [
            { "npc_has_effect": "secro_flesh_built_core3" },
            { "not": { "npc_has_effect": "secro_flesh_built_expandroom_right" } },
            { "u_has_items": { "item": "meat", "count": 500 } }
          ]
        },
        "effect": [
          { "u_sell_item": "meat", "count": 500 },
          { "npc_consume_item": "meat", "count": 500 },
          { "npc_add_effect": "secro_flesh_building_expandroom_right", "duration": "PERMANENT" },
          { "npc_add_effect": "secro_flesh_building", "duration": 28800 }
        ]
      },
      {
        "text": "[BUILD] Eastern Room\n*Feed the hivemind with chunks of tainted meat*",
        "topic": "SECRO_FLESH_HIVEMIND_build",
        "condition": {
          "and": [
            { "npc_has_effect": "secro_flesh_built_core3" },
            { "not": { "npc_has_effect": "secro_flesh_built_expandroom_right" } },
            { "u_has_items": { "item": "meat_tainted", "count": 263 } }
          ]
        },
        "effect": [
          { "u_sell_item": "meat_tainted", "count": 263 },
          { "npc_consume_item": "meat_tainted", "count": 263 },
          { "npc_add_effect": "secro_flesh_building_expandroom_right", "duration": "PERMANENT" },
          { "npc_add_effect": "secro_flesh_building", "duration": 28800 }
        ]
      },
      {
        "text": "[BUILD] Eastern Room\n*Feed the hivemind with chunks of mutant meat*",
        "topic": "SECRO_FLESH_HIVEMIND_build",
        "condition": {
          "and": [
            { "npc_has_effect": "secro_flesh_built_core3" },
            { "not": { "npc_has_effect": "secro_flesh_built_expandroom_right" } },
            { "u_has_items": { "item": "mutant_meat", "count": 500 } }
          ]
        },
        "effect": [
          { "u_sell_item": "mutant_meat", "count": 500 },
          { "npc_consume_item": "mutant_meat", "count": 500 },
          { "npc_add_effect": "secro_flesh_building_expandroom_right", "duration": "PERMANENT" },
          { "npc_add_effect": "secro_flesh_building", "duration": 28800 }
        ]
      },
      {
        "text": "[BUILD] Meatfarm\n(Eastern Room)\n*Feed the hivemind with chunks of meat and flesh*",
        "topic": "SECRO_FLESH_HIVEMIND_build",
        "condition": {
          "and": [
            { "npc_has_effect": "secro_flesh_built_expandroom_right" },
            { "not": { "npc_has_effect": "secro_flesh_built_expandroom_right_taken" } },
            { "not": { "npc_has_effect": "secro_flesh_built_room_meatfarm" } },
            { "u_has_items": { "item": "meat", "count": 250 } },
            { "u_has_items": { "item": "secro_flesh", "count": 50 } }
          ]
        },
        "effect": [
          { "u_sell_item": "meat", "count": 250 },
          { "npc_consume_item": "meat", "count": 250 },
          { "u_sell_item": "secro_flesh", "count": 50 },
          { "npc_consume_item": "secro_flesh", "count": 50 },
          { "npc_add_effect": "secro_flesh_built_expandroom_right_taken", "duration": "PERMANENT" },
          { "npc_add_effect": "secro_flesh_building_room_meatfarm_right", "duration": "PERMANENT" },
          { "npc_add_effect": "secro_flesh_building", "duration": 86400 }
        ]
      },
      {
        "text": "[BUILD] Meatfarm\n(Eastern Room)\n*Feed the hivemind with chunks of tainted meat and flesh*",
        "topic": "SECRO_FLESH_HIVEMIND_build",
        "condition": {
          "and": [
            { "npc_has_effect": "secro_flesh_built_expandroom_right" },
            { "not": { "npc_has_effect": "secro_flesh_built_expandroom_right_taken" } },
            { "not": { "npc_has_effect": "secro_flesh_built_room_meatfarm" } },
            { "u_has_items": { "item": "meat_tainted", "count": 438 } },
            { "u_has_items": { "item": "secro_flesh", "count": 50 } }
          ]
        },
        "effect": [
          { "u_sell_item": "meat_tainted", "count": 438 },
          { "npc_consume_item": "meat_tainted", "count": 438 },
          { "u_sell_item": "secro_flesh", "count": 50 },
          { "npc_consume_item": "secro_flesh", "count": 50 },
          { "npc_add_effect": "secro_flesh_built_expandroom_right_taken", "duration": "PERMANENT" },
          { "npc_add_effect": "secro_flesh_building_room_meatfarm_right", "duration": "PERMANENT" },
          { "npc_add_effect": "secro_flesh_building", "duration": 86400 }
        ]
      },
      {
        "text": "[BUILD] Meatfarm\n(Eastern Room)\n*Feed the hivemind with chunks of mutant meat and flesh*",
        "topic": "SECRO_FLESH_HIVEMIND_build",
        "condition": {
          "and": [
            { "npc_has_effect": "secro_flesh_built_expandroom_right" },
            { "not": { "npc_has_effect": "secro_flesh_built_expandroom_right_taken" } },
            { "not": { "npc_has_effect": "secro_flesh_built_room_meatfarm" } },
            { "u_has_items": { "item": "mutant_meat", "count": 250 } },
            { "u_has_items": { "item": "secro_flesh", "count": 50 } }
          ]
        },
        "effect": [
          { "u_sell_item": "mutant_meat", "count": 250 },
          { "npc_consume_item": "mutant_meat", "count": 250 },
          { "u_sell_item": "secro_flesh", "count": 50 },
          { "npc_consume_item": "secro_flesh", "count": 50 },
          { "npc_add_effect": "secro_flesh_built_expandroom_right_taken", "duration": "PERMANENT" },
          { "npc_add_effect": "secro_flesh_building_room_meatfarm_right", "duration": "PERMANENT" },
          { "npc_add_effect": "secro_flesh_building", "duration": 86400 }
        ]
      },
      {
        "text": "[BUILD] Bio-organic Splicer\n(Eastern Room)\n*Feed the hivemind with chunks of meat and flesh*",
        "topic": "SECRO_FLESH_HIVEMIND_build",
        "condition": {
          "and": [
            { "npc_has_effect": "secro_flesh_built_expandroom_right" },
            { "not": { "npc_has_effect": "secro_flesh_built_expandroom_right_taken" } },
            { "not": { "npc_has_effect": "secro_flesh_built_room_splicer" } },
            { "u_has_items": { "item": "meat", "count": 300 } },
            { "u_has_items": { "item": "secro_flesh", "count": 200 } }
          ]
        },
        "effect": [
          { "u_sell_item": "meat", "count": 300 },
          { "npc_consume_item": "meat", "count": 300 },
          { "u_sell_item": "secro_flesh", "count": 200 },
          { "npc_consume_item": "secro_flesh", "count": 200 },
          { "npc_add_effect": "secro_flesh_built_expandroom_right_taken", "duration": "PERMANENT" },
          { "npc_add_effect": "secro_flesh_building_room_splicer_right", "duration": "PERMANENT" },
          { "npc_add_effect": "secro_flesh_building", "duration": 129600 }
        ]
      },
      {
        "text": "[BUILD] Bio-organic Splicer\n(Eastern Room)\n*Feed the hivemind with chunks of tainted meat and flesh*",
        "topic": "SECRO_FLESH_HIVEMIND_build",
        "condition": {
          "and": [
            { "npc_has_effect": "secro_flesh_built_expandroom_right" },
            { "not": { "npc_has_effect": "secro_flesh_built_expandroom_right_taken" } },
            { "not": { "npc_has_effect": "secro_flesh_built_room_splicer" } },
            { "u_has_items": { "item": "meat_tainted", "count": 525 } },
            { "u_has_items": { "item": "secro_flesh", "count": 200 } }
          ]
        },
        "effect": [
          { "u_sell_item": "meat_tainted", "count": 525 },
          { "npc_consume_item": "meat_tainted", "count": 525 },
          { "u_sell_item": "secro_flesh", "count": 200 },
          { "npc_consume_item": "secro_flesh", "count": 200 },
          { "npc_add_effect": "secro_flesh_built_expandroom_right_taken", "duration": "PERMANENT" },
          { "npc_add_effect": "secro_flesh_building_room_splicer_right", "duration": "PERMANENT" },
          { "npc_add_effect": "secro_flesh_building", "duration": 129600 }
        ]
      },
      {
        "text": "[BUILD] Bio-organic Splicer\n(Eastern Room)\n*Feed the hivemind with chunks of mutant meat and flesh*",
        "topic": "SECRO_FLESH_HIVEMIND_build",
        "condition": {
          "and": [
            { "npc_has_effect": "secro_flesh_built_expandroom_right" },
            { "not": { "npc_has_effect": "secro_flesh_built_expandroom_right_taken" } },
            { "not": { "npc_has_effect": "secro_flesh_built_room_splicer" } },
            { "u_has_items": { "item": "mutant_meat", "count": 300 } },
            { "u_has_items": { "item": "secro_flesh", "count": 200 } }
          ]
        },
        "effect": [
          { "u_sell_item": "mutant_meat", "count": 300 },
          { "npc_consume_item": "mutant_meat", "count": 300 },
          { "u_sell_item": "secro_flesh", "count": 200 },
          { "npc_consume_item": "secro_flesh", "count": 200 },
          { "npc_add_effect": "secro_flesh_built_expandroom_right_taken", "duration": "PERMANENT" },
          { "npc_add_effect": "secro_flesh_building_room_splicer_right", "duration": "PERMANENT" },
          { "npc_add_effect": "secro_flesh_building", "duration": 129600 }
        ]
      },
      {
        "text": "[BUILD] Bio-organic Modifier\n(Eastern Room)\n*Feed the hivemind with chunks of meat and flesh*",
        "topic": "SECRO_FLESH_HIVEMIND_build",
        "condition": {
          "and": [
            { "npc_has_effect": "secro_flesh_built_expandroom_right" },
            { "npc_has_trait": "SECRONOM_FLESH_BIO_construction_advance" },
            { "not": { "npc_has_effect": "secro_flesh_built_expandroom_right_taken" } },
            { "not": { "npc_has_effect": "secro_flesh_built_room_modifier" } },
            { "u_has_items": { "item": "meat", "count": 375 } },
            { "u_has_items": { "item": "secro_flesh", "count": 375 } }
          ]
        },
        "effect": [
          { "u_sell_item": "meat", "count": 375 },
          { "npc_consume_item": "meat", "count": 375 },
          { "u_sell_item": "secro_flesh", "count": 375 },
          { "npc_consume_item": "secro_flesh", "count": 375 },
          { "npc_add_effect": "secro_flesh_built_expandroom_right_taken", "duration": "PERMANENT" },
          { "npc_add_effect": "secro_flesh_building_room_modifier_right", "duration": "PERMANENT" },
          { "npc_add_effect": "secro_flesh_building", "duration": 172800 }
        ]
      },
      {
        "text": "[BUILD] Bio-organic Modifier\n(Eastern Room)\n*Feed the hivemind with chunks of tainted meat and flesh*",
        "topic": "SECRO_FLESH_HIVEMIND_build",
        "condition": {
          "and": [
            { "npc_has_effect": "secro_flesh_built_expandroom_right" },
            { "npc_has_trait": "SECRONOM_FLESH_BIO_construction_advance" },
            { "not": { "npc_has_effect": "secro_flesh_built_expandroom_right_taken" } },
            { "not": { "npc_has_effect": "secro_flesh_built_room_modifier" } },
            { "u_has_items": { "item": "meat_tainted", "count": 656 } },
            { "u_has_items": { "item": "secro_flesh", "count": 375 } }
          ]
        },
        "effect": [
          { "u_sell_item": "meat_tainted", "count": 656 },
          { "npc_consume_item": "meat_tainted", "count": 656 },
          { "u_sell_item": "secro_flesh", "count": 375 },
          { "npc_consume_item": "secro_flesh", "count": 375 },
          { "npc_add_effect": "secro_flesh_built_expandroom_right_taken", "duration": "PERMANENT" },
          { "npc_add_effect": "secro_flesh_building_room_modifier_right", "duration": "PERMANENT" },
          { "npc_add_effect": "secro_flesh_building", "duration": 172800 }
        ]
      },
      {
        "text": "[BUILD] Bio-organic Modifier\n(Eastern Room)\n*Feed the hivemind with chunks of mutant meat and flesh*",
        "topic": "SECRO_FLESH_HIVEMIND_build",
        "condition": {
          "and": [
            { "npc_has_effect": "secro_flesh_built_expandroom_right" },
            { "npc_has_trait": "SECRONOM_FLESH_BIO_construction_advance" },
            { "not": { "npc_has_effect": "secro_flesh_built_expandroom_right_taken" } },
            { "not": { "npc_has_effect": "secro_flesh_built_room_modifier" } },
            { "u_has_items": { "item": "mutant_meat", "count": 375 } },
            { "u_has_items": { "item": "secro_flesh", "count": 375 } }
          ]
        },
        "effect": [
          { "u_sell_item": "mutant_meat", "count": 375 },
          { "npc_consume_item": "mutant_meat", "count": 375 },
          { "u_sell_item": "secro_flesh", "count": 375 },
          { "npc_consume_item": "secro_flesh", "count": 375 },
          { "npc_add_effect": "secro_flesh_built_expandroom_right_taken", "duration": "PERMANENT" },
          { "npc_add_effect": "secro_flesh_building_room_modifier_right", "duration": "PERMANENT" },
          { "npc_add_effect": "secro_flesh_building", "duration": 172800 }
        ]
      },
      {
        "text": "[BUILD] Bio-organic Hatchery\n(Eastern Room)\n*Feed the hivemind with chunks of meat and flesh*",
        "topic": "SECRO_FLESH_HIVEMIND_build",
        "condition": {
          "and": [
            { "npc_has_effect": "secro_flesh_built_expandroom_right" },
            { "not": { "npc_has_effect": "secro_flesh_built_expandroom_right_taken" } },
            { "not": { "npc_has_effect": "secro_flesh_built_room_hatchery" } },
            { "u_has_items": { "item": "meat", "count": 300 } },
            { "u_has_items": { "item": "secro_flesh", "count": 400 } }
          ]
        },
        "effect": [
          { "u_sell_item": "meat", "count": 300 },
          { "npc_consume_item": "meat", "count": 300 },
          { "u_sell_item": "secro_flesh", "count": 400 },
          { "npc_consume_item": "secro_flesh", "count": 400 },
          { "npc_add_effect": "secro_flesh_built_expandroom_right_taken", "duration": "PERMANENT" },
          { "npc_add_effect": "secro_flesh_building_room_hatchery_right", "duration": "PERMANENT" },
          { "npc_add_effect": "secro_flesh_building", "duration": 129600 }
        ]
      },
      {
        "text": "[BUILD] Bio-organic Hatchery\n(Eastern Room)\n*Feed the hivemind with chunks of tainted meat and flesh*",
        "topic": "SECRO_FLESH_HIVEMIND_build",
        "condition": {
          "and": [
            { "npc_has_effect": "secro_flesh_built_expandroom_right" },
            { "not": { "npc_has_effect": "secro_flesh_built_expandroom_right_taken" } },
            { "not": { "npc_has_effect": "secro_flesh_built_room_hatchery" } },
            { "u_has_items": { "item": "meat_tainted", "count": 525 } },
            { "u_has_items": { "item": "secro_flesh", "count": 400 } }
          ]
        },
        "effect": [
          { "u_sell_item": "meat_tainted", "count": 525 },
          { "npc_consume_item": "meat_tainted", "count": 525 },
          { "u_sell_item": "secro_flesh", "count": 400 },
          { "npc_consume_item": "secro_flesh", "count": 400 },
          { "npc_add_effect": "secro_flesh_built_expandroom_right_taken", "duration": "PERMANENT" },
          { "npc_add_effect": "secro_flesh_building_room_hatchery_right", "duration": "PERMANENT" },
          { "npc_add_effect": "secro_flesh_building", "duration": 129600 }
        ]
      },
      {
        "text": "[BUILD] Bio-organic Hatchery\n(Eastern Room)\n*Feed the hivemind with chunks of mutant meat and flesh*",
        "topic": "SECRO_FLESH_HIVEMIND_build",
        "condition": {
          "and": [
            { "npc_has_effect": "secro_flesh_built_expandroom_right" },
            { "not": { "npc_has_effect": "secro_flesh_built_expandroom_right_taken" } },
            { "not": { "npc_has_effect": "secro_flesh_built_room_hatchery" } },
            { "u_has_items": { "item": "mutant_meat", "count": 300 } },
            { "u_has_items": { "item": "secro_flesh", "count": 400 } }
          ]
        },
        "effect": [
          { "u_sell_item": "mutant_meat", "count": 300 },
          { "npc_consume_item": "mutant_meat", "count": 300 },
          { "u_sell_item": "secro_flesh", "count": 400 },
          { "npc_consume_item": "secro_flesh", "count": 400 },
          { "npc_add_effect": "secro_flesh_built_expandroom_right_taken", "duration": "PERMANENT" },
          { "npc_add_effect": "secro_flesh_building_room_hatchery_right", "duration": "PERMANENT" },
          { "npc_add_effect": "secro_flesh_building", "duration": 129600 }
        ]
      },
      {
        "text": "[BUILD] Bio-organic Artifice\n(Eastern Room)\n*Feed the hivemind with chunks of meat and flesh*",
        "topic": "SECRO_FLESH_HIVEMIND_build",
        "condition": {
          "and": [
            { "npc_has_effect": "secro_flesh_built_expandroom_right" },
            { "not": { "npc_has_effect": "secro_flesh_built_expandroom_right_taken" } },
            { "not": { "npc_has_effect": "secro_flesh_built_room_artifice" } },
            { "u_has_items": { "item": "meat", "count": 600 } },
            { "u_has_items": { "item": "secro_flesh", "count": 400 } }
          ]
        },
        "effect": [
          { "u_sell_item": "meat", "count": 600 },
          { "npc_consume_item": "meat", "count": 600 },
          { "u_sell_item": "secro_flesh", "count": 400 },
          { "npc_consume_item": "secro_flesh", "count": 400 },
          { "npc_add_effect": "secro_flesh_built_expandroom_right_taken", "duration": "PERMANENT" },
          { "npc_add_effect": "secro_flesh_building_room_artifice_right", "duration": "PERMANENT" },
          { "npc_add_effect": "secro_flesh_building", "duration": 216000 }
        ]
      },
      {
        "text": "[BUILD] Bio-organic Artifice\n(Eastern Room)\n*Feed the hivemind with chunks of tainted meat and flesh*",
        "topic": "SECRO_FLESH_HIVEMIND_build",
        "condition": {
          "and": [
            { "npc_has_effect": "secro_flesh_built_expandroom_right" },
            { "not": { "npc_has_effect": "secro_flesh_built_expandroom_right_taken" } },
            { "not": { "npc_has_effect": "secro_flesh_built_room_artifice" } },
            { "u_has_items": { "item": "meat_tainted", "count": 1050 } },
            { "u_has_items": { "item": "secro_flesh", "count": 400 } }
          ]
        },
        "effect": [
          { "u_sell_item": "meat_tainted", "count": 1050 },
          { "npc_consume_item": "meat_tainted", "count": 1050 },
          { "u_sell_item": "secro_flesh", "count": 400 },
          { "npc_consume_item": "secro_flesh", "count": 400 },
          { "npc_add_effect": "secro_flesh_built_expandroom_right_taken", "duration": "PERMANENT" },
          { "npc_add_effect": "secro_flesh_building_room_artifice_right", "duration": "PERMANENT" },
          { "npc_add_effect": "secro_flesh_building", "duration": 216000 }
        ]
      },
      {
        "text": "[BUILD] Bio-organic Artifice\n(Eastern Room)\n*Feed the hivemind with chunks of mutant meat and flesh*",
        "topic": "SECRO_FLESH_HIVEMIND_build",
        "condition": {
          "and": [
            { "npc_has_effect": "secro_flesh_built_expandroom_right" },
            { "not": { "npc_has_effect": "secro_flesh_built_expandroom_right_taken" } },
            { "not": { "npc_has_effect": "secro_flesh_built_room_artifice" } },
            { "u_has_items": { "item": "mutant_meat", "count": 600 } },
            { "u_has_items": { "item": "secro_flesh", "count": 400 } }
          ]
        },
        "effect": [
          { "u_sell_item": "mutant_meat", "count": 600 },
          { "npc_consume_item": "mutant_meat", "count": 600 },
          { "u_sell_item": "secro_flesh", "count": 400 },
          { "npc_consume_item": "secro_flesh", "count": 400 },
          { "npc_add_effect": "secro_flesh_built_expandroom_right_taken", "duration": "PERMANENT" },
          { "npc_add_effect": "secro_flesh_building_room_artifice_right", "duration": "PERMANENT" },
          { "npc_add_effect": "secro_flesh_building", "duration": 216000 }
        ]
      },
      {
        "text": "[BUILD] Southern Room\n*Feed the hivemind with chunks of meat*",
        "topic": "SECRO_FLESH_HIVEMIND_build",
        "condition": {
          "and": [
            { "npc_has_effect": "secro_flesh_built_core3" },
            { "not": { "npc_has_effect": "secro_flesh_built_expandroom_down" } },
            { "u_has_items": { "item": "meat", "count": 500 } }
          ]
        },
        "effect": [
          { "u_sell_item": "meat", "count": 500 },
          { "npc_consume_item": "meat", "count": 500 },
          { "npc_add_effect": "secro_flesh_building_expandroom_down", "duration": "PERMANENT" },
          { "npc_add_effect": "secro_flesh_building", "duration": 28800 }
        ]
      },
      {
        "text": "[BUILD] Southern Room\n*Feed the hivemind with chunks of tainted meat*",
        "topic": "SECRO_FLESH_HIVEMIND_build",
        "condition": {
          "and": [
            { "npc_has_effect": "secro_flesh_built_core3" },
            { "not": { "npc_has_effect": "secro_flesh_built_expandroom_down" } },
            { "u_has_items": { "item": "meat_tainted", "count": 263 } }
          ]
        },
        "effect": [
          { "u_sell_item": "meat_tainted", "count": 263 },
          { "npc_consume_item": "meat_tainted", "count": 263 },
          { "npc_add_effect": "secro_flesh_building_expandroom_down", "duration": "PERMANENT" },
          { "npc_add_effect": "secro_flesh_building", "duration": 28800 }
        ]
      },
      {
        "text": "[BUILD] Southern Room\n*Feed the hivemind with chunks of mutant meat*",
        "topic": "SECRO_FLESH_HIVEMIND_build",
        "condition": {
          "and": [
            { "npc_has_effect": "secro_flesh_built_core3" },
            { "not": { "npc_has_effect": "secro_flesh_built_expandroom_down" } },
            { "u_has_items": { "item": "mutant_meat", "count": 500 } }
          ]
        },
        "effect": [
          { "u_sell_item": "mutant_meat", "count": 500 },
          { "npc_consume_item": "mutant_meat", "count": 500 },
          { "npc_add_effect": "secro_flesh_building_expandroom_down", "duration": "PERMANENT" },
          { "npc_add_effect": "secro_flesh_building", "duration": 28800 }
        ]
      },
      {
        "text": "[BUILD] Meatfarm\n(Southern Room)\n*Feed the hivemind with chunks of meat and flesh*",
        "topic": "SECRO_FLESH_HIVEMIND_build",
        "condition": {
          "and": [
            { "npc_has_effect": "secro_flesh_built_expandroom_down" },
            { "not": { "npc_has_effect": "secro_flesh_built_expandroom_down_taken" } },
            { "not": { "npc_has_effect": "secro_flesh_built_room_meatfarm" } },
            { "u_has_items": { "item": "meat", "count": 250 } },
            { "u_has_items": { "item": "secro_flesh", "count": 50 } }
          ]
        },
        "effect": [
          { "u_sell_item": "meat", "count": 250 },
          { "npc_consume_item": "meat", "count": 250 },
          { "u_sell_item": "secro_flesh", "count": 50 },
          { "npc_consume_item": "secro_flesh", "count": 50 },
          { "npc_add_effect": "secro_flesh_built_expandroom_down_taken", "duration": "PERMANENT" },
          { "npc_add_effect": "secro_flesh_building_room_meatfarm_down", "duration": "PERMANENT" },
          { "npc_add_effect": "secro_flesh_building", "duration": 86400 }
        ]
      },
      {
        "text": "[BUILD] Meatfarm\n(Southern Room)\n*Feed the hivemind with chunks of tainted meat and flesh*",
        "topic": "SECRO_FLESH_HIVEMIND_build",
        "condition": {
          "and": [
            { "npc_has_effect": "secro_flesh_built_expandroom_down" },
            { "not": { "npc_has_effect": "secro_flesh_built_expandroom_down_taken" } },
            { "not": { "npc_has_effect": "secro_flesh_built_room_meatfarm" } },
            { "u_has_items": { "item": "meat_tainted", "count": 438 } },
            { "u_has_items": { "item": "secro_flesh", "count": 50 } }
          ]
        },
        "effect": [
          { "u_sell_item": "meat_tainted", "count": 438 },
          { "npc_consume_item": "meat_tainted", "count": 438 },
          { "u_sell_item": "secro_flesh", "count": 50 },
          { "npc_consume_item": "secro_flesh", "count": 50 },
          { "npc_add_effect": "secro_flesh_built_expandroom_down_taken", "duration": "PERMANENT" },
          { "npc_add_effect": "secro_flesh_building_room_meatfarm_down", "duration": "PERMANENT" },
          { "npc_add_effect": "secro_flesh_building", "duration": 86400 }
        ]
      },
      {
        "text": "[BUILD] Meatfarm\n(Southern Room)\n*Feed the hivemind with chunks of mutant meat and flesh*",
        "topic": "SECRO_FLESH_HIVEMIND_build",
        "condition": {
          "and": [
            { "npc_has_effect": "secro_flesh_built_expandroom_down" },
            { "not": { "npc_has_effect": "secro_flesh_built_expandroom_down_taken" } },
            { "not": { "npc_has_effect": "secro_flesh_built_room_meatfarm" } },
            { "u_has_items": { "item": "mutant_meat", "count": 250 } },
            { "u_has_items": { "item": "secro_flesh", "count": 50 } }
          ]
        },
        "effect": [
          { "u_sell_item": "mutant_meat", "count": 250 },
          { "npc_consume_item": "mutant_meat", "count": 250 },
          { "u_sell_item": "secro_flesh", "count": 50 },
          { "npc_consume_item": "secro_flesh", "count": 50 },
          { "npc_add_effect": "secro_flesh_built_expandroom_down_taken", "duration": "PERMANENT" },
          { "npc_add_effect": "secro_flesh_building_room_meatfarm_down", "duration": "PERMANENT" },
          { "npc_add_effect": "secro_flesh_building", "duration": 86400 }
        ]
      },
      {
        "text": "[BUILD] Bio-organic Splicer\n(Southern Room)\n*Feed the hivemind with chunks of meat and flesh*",
        "topic": "SECRO_FLESH_HIVEMIND_build",
        "condition": {
          "and": [
            { "npc_has_effect": "secro_flesh_built_expandroom_down" },
            { "not": { "npc_has_effect": "secro_flesh_built_expandroom_down_taken" } },
            { "not": { "npc_has_effect": "secro_flesh_built_room_splicer" } },
            { "u_has_items": { "item": "meat", "count": 300 } },
            { "u_has_items": { "item": "secro_flesh", "count": 200 } }
          ]
        },
        "effect": [
          { "u_sell_item": "meat", "count": 300 },
          { "npc_consume_item": "meat", "count": 300 },
          { "u_sell_item": "secro_flesh", "count": 200 },
          { "npc_consume_item": "secro_flesh", "count": 200 },
          { "npc_add_effect": "secro_flesh_built_expandroom_down_taken", "duration": "PERMANENT" },
          { "npc_add_effect": "secro_flesh_building_room_splicer_down", "duration": "PERMANENT" },
          { "npc_add_effect": "secro_flesh_building", "duration": 129600 }
        ]
      },
      {
        "text": "[BUILD] Bio-organic Splicer\n(Southern Room)\n*Feed the hivemind with chunks of tainted meat and flesh*",
        "topic": "SECRO_FLESH_HIVEMIND_build",
        "condition": {
          "and": [
            { "npc_has_effect": "secro_flesh_built_expandroom_down" },
            { "not": { "npc_has_effect": "secro_flesh_built_expandroom_down_taken" } },
            { "not": { "npc_has_effect": "secro_flesh_built_room_splicer" } },
            { "u_has_items": { "item": "meat_tainted", "count": 525 } },
            { "u_has_items": { "item": "secro_flesh", "count": 200 } }
          ]
        },
        "effect": [
          { "u_sell_item": "meat_tainted", "count": 525 },
          { "npc_consume_item": "meat_tainted", "count": 525 },
          { "u_sell_item": "secro_flesh", "count": 200 },
          { "npc_consume_item": "secro_flesh", "count": 200 },
          { "npc_add_effect": "secro_flesh_built_expandroom_down_taken", "duration": "PERMANENT" },
          { "npc_add_effect": "secro_flesh_building_room_splicer_down", "duration": "PERMANENT" },
          { "npc_add_effect": "secro_flesh_building", "duration": 129600 }
        ]
      },
      {
        "text": "[BUILD] Bio-organic Splicer\n(Southern Room)\n*Feed the hivemind with chunks of mutant meat and flesh*",
        "topic": "SECRO_FLESH_HIVEMIND_build",
        "condition": {
          "and": [
            { "npc_has_effect": "secro_flesh_built_expandroom_down" },
            { "not": { "npc_has_effect": "secro_flesh_built_expandroom_down_taken" } },
            { "not": { "npc_has_effect": "secro_flesh_built_room_splicer" } },
            { "u_has_items": { "item": "mutant_meat", "count": 300 } },
            { "u_has_items": { "item": "secro_flesh", "count": 200 } }
          ]
        },
        "effect": [
          { "u_sell_item": "mutant_meat", "count": 300 },
          { "npc_consume_item": "mutant_meat", "count": 300 },
          { "u_sell_item": "secro_flesh", "count": 200 },
          { "npc_consume_item": "secro_flesh", "count": 200 },
          { "npc_add_effect": "secro_flesh_built_expandroom_down_taken", "duration": "PERMANENT" },
          { "npc_add_effect": "secro_flesh_building_room_splicer_down", "duration": "PERMANENT" },
          { "npc_add_effect": "secro_flesh_building", "duration": 129600 }
        ]
      },
      {
        "text": "[BUILD] Bio-organic Modifier\n(Southern Room)\n*Feed the hivemind with chunks of meat and flesh*",
        "topic": "SECRO_FLESH_HIVEMIND_build",
        "condition": {
          "and": [
            { "npc_has_effect": "secro_flesh_built_expandroom_down" },
            { "npc_has_trait": "SECRONOM_FLESH_BIO_construction_advance" },
            { "not": { "npc_has_effect": "secro_flesh_built_expandroom_down_taken" } },
            { "not": { "npc_has_effect": "secro_flesh_built_room_modifier" } },
            { "u_has_items": { "item": "meat", "count": 375 } },
            { "u_has_items": { "item": "secro_flesh", "count": 375 } }
          ]
        },
        "effect": [
          { "u_sell_item": "meat", "count": 375 },
          { "npc_consume_item": "meat", "count": 375 },
          { "u_sell_item": "secro_flesh", "count": 375 },
          { "npc_consume_item": "secro_flesh", "count": 375 },
          { "npc_add_effect": "secro_flesh_built_expandroom_down_taken", "duration": "PERMANENT" },
          { "npc_add_effect": "secro_flesh_building_room_modifier_down", "duration": "PERMANENT" },
          { "npc_add_effect": "secro_flesh_building", "duration": 172800 }
        ]
      },
      {
        "text": "[BUILD] Bio-organic Modifier\n(Southern Room)\n*Feed the hivemind with chunks of tainted meat and flesh*",
        "topic": "SECRO_FLESH_HIVEMIND_build",
        "condition": {
          "and": [
            { "npc_has_effect": "secro_flesh_built_expandroom_down" },
            { "npc_has_trait": "SECRONOM_FLESH_BIO_construction_advance" },
            { "not": { "npc_has_effect": "secro_flesh_built_expandroom_down_taken" } },
            { "not": { "npc_has_effect": "secro_flesh_built_room_modifier" } },
            { "u_has_items": { "item": "meat_tainted", "count": 656 } },
            { "u_has_items": { "item": "secro_flesh", "count": 375 } }
          ]
        },
        "effect": [
          { "u_sell_item": "meat_tainted", "count": 656 },
          { "npc_consume_item": "meat_tainted", "count": 656 },
          { "u_sell_item": "secro_flesh", "count": 375 },
          { "npc_consume_item": "secro_flesh", "count": 375 },
          { "npc_add_effect": "secro_flesh_built_expandroom_down_taken", "duration": "PERMANENT" },
          { "npc_add_effect": "secro_flesh_building_room_modifier_down", "duration": "PERMANENT" },
          { "npc_add_effect": "secro_flesh_building", "duration": 172800 }
        ]
      },
      {
        "text": "[BUILD] Bio-organic Modifier\n(Southern Room)\n*Feed the hivemind with chunks of mutant meat and flesh*",
        "topic": "SECRO_FLESH_HIVEMIND_build",
        "condition": {
          "and": [
            { "npc_has_effect": "secro_flesh_built_expandroom_down" },
            { "npc_has_trait": "SECRONOM_FLESH_BIO_construction_advance" },
            { "not": { "npc_has_effect": "secro_flesh_built_expandroom_down_taken" } },
            { "not": { "npc_has_effect": "secro_flesh_built_room_modifier" } },
            { "u_has_items": { "item": "mutant_meat", "count": 375 } },
            { "u_has_items": { "item": "secro_flesh", "count": 375 } }
          ]
        },
        "effect": [
          { "u_sell_item": "mutant_meat", "count": 375 },
          { "npc_consume_item": "mutant_meat", "count": 375 },
          { "u_sell_item": "secro_flesh", "count": 375 },
          { "npc_consume_item": "secro_flesh", "count": 375 },
          { "npc_add_effect": "secro_flesh_built_expandroom_down_taken", "duration": "PERMANENT" },
          { "npc_add_effect": "secro_flesh_building_room_modifier_down", "duration": "PERMANENT" },
          { "npc_add_effect": "secro_flesh_building", "duration": 172800 }
        ]
      },
      {
        "text": "[BUILD] Bio-organic Hatchery\n(Southern Room)\n*Feed the hivemind with chunks of meat and flesh*",
        "topic": "SECRO_FLESH_HIVEMIND_build",
        "condition": {
          "and": [
            { "npc_has_effect": "secro_flesh_built_expandroom_down" },
            { "not": { "npc_has_effect": "secro_flesh_built_expandroom_down_taken" } },
            { "not": { "npc_has_effect": "secro_flesh_built_room_hatchery" } },
            { "u_has_items": { "item": "meat", "count": 300 } },
            { "u_has_items": { "item": "secro_flesh", "count": 400 } }
          ]
        },
        "effect": [
          { "u_sell_item": "meat", "count": 300 },
          { "npc_consume_item": "meat", "count": 300 },
          { "u_sell_item": "secro_flesh", "count": 400 },
          { "npc_consume_item": "secro_flesh", "count": 400 },
          { "npc_add_effect": "secro_flesh_built_expandroom_down_taken", "duration": "PERMANENT" },
          { "npc_add_effect": "secro_flesh_building_room_hatchery_down", "duration": "PERMANENT" },
          { "npc_add_effect": "secro_flesh_building", "duration": 129600 }
        ]
      },
      {
        "text": "[BUILD] Bio-organic Hatchery\n(Southern Room)\n*Feed the hivemind with chunks of tainted meat and flesh*",
        "topic": "SECRO_FLESH_HIVEMIND_build",
        "condition": {
          "and": [
            { "npc_has_effect": "secro_flesh_built_expandroom_down" },
            { "not": { "npc_has_effect": "secro_flesh_built_expandroom_down_taken" } },
            { "not": { "npc_has_effect": "secro_flesh_built_room_hatchery" } },
            { "u_has_items": { "item": "meat_tainted", "count": 525 } },
            { "u_has_items": { "item": "secro_flesh", "count": 400 } }
          ]
        },
        "effect": [
          { "u_sell_item": "meat_tainted", "count": 525 },
          { "npc_consume_item": "meat_tainted", "count": 525 },
          { "u_sell_item": "secro_flesh", "count": 400 },
          { "npc_consume_item": "secro_flesh", "count": 400 },
          { "npc_add_effect": "secro_flesh_built_expandroom_down_taken", "duration": "PERMANENT" },
          { "npc_add_effect": "secro_flesh_building_room_hatchery_down", "duration": "PERMANENT" },
          { "npc_add_effect": "secro_flesh_building", "duration": 129600 }
        ]
      },
      {
        "text": "[BUILD] Bio-organic Hatchery\n(Southern Room)\n*Feed the hivemind with chunks of mutant meat and flesh*",
        "topic": "SECRO_FLESH_HIVEMIND_build",
        "condition": {
          "and": [
            { "npc_has_effect": "secro_flesh_built_expandroom_down" },
            { "not": { "npc_has_effect": "secro_flesh_built_expandroom_down_taken" } },
            { "not": { "npc_has_effect": "secro_flesh_built_room_hatchery" } },
            { "u_has_items": { "item": "mutant_meat", "count": 300 } },
            { "u_has_items": { "item": "secro_flesh", "count": 400 } }
          ]
        },
        "effect": [
          { "u_sell_item": "mutant_meat", "count": 300 },
          { "npc_consume_item": "mutant_meat", "count": 300 },
          { "u_sell_item": "secro_flesh", "count": 400 },
          { "npc_consume_item": "secro_flesh", "count": 400 },
          { "npc_add_effect": "secro_flesh_built_expandroom_down_taken", "duration": "PERMANENT" },
          { "npc_add_effect": "secro_flesh_building_room_hatchery_down", "duration": "PERMANENT" },
          { "npc_add_effect": "secro_flesh_building", "duration": 129600 }
        ]
      },
      {
        "text": "[BUILD] Bio-organic Artifice\n(Southern Room)\n*Feed the hivemind with chunks of meat and flesh*",
        "topic": "SECRO_FLESH_HIVEMIND_build",
        "condition": {
          "and": [
            { "npc_has_effect": "secro_flesh_built_expandroom_down" },
            { "not": { "npc_has_effect": "secro_flesh_built_expandroom_down_taken" } },
            { "not": { "npc_has_effect": "secro_flesh_built_room_artifice" } },
            { "u_has_items": { "item": "meat", "count": 600 } },
            { "u_has_items": { "item": "secro_flesh", "count": 400 } }
          ]
        },
        "effect": [
          { "u_sell_item": "meat", "count": 600 },
          { "npc_consume_item": "meat", "count": 600 },
          { "u_sell_item": "secro_flesh", "count": 400 },
          { "npc_consume_item": "secro_flesh", "count": 400 },
          { "npc_add_effect": "secro_flesh_built_expandroom_down_taken", "duration": "PERMANENT" },
          { "npc_add_effect": "secro_flesh_building_room_artifice_down", "duration": "PERMANENT" },
          { "npc_add_effect": "secro_flesh_building", "duration": 216000 }
        ]
      },
      {
        "text": "[BUILD] Bio-organic Artifice\n(Southern Room)\n*Feed the hivemind with chunks of tainted meat and flesh*",
        "topic": "SECRO_FLESH_HIVEMIND_build",
        "condition": {
          "and": [
            { "npc_has_effect": "secro_flesh_built_expandroom_down" },
            { "not": { "npc_has_effect": "secro_flesh_built_expandroom_down_taken" } },
            { "not": { "npc_has_effect": "secro_flesh_built_room_artifice" } },
            { "u_has_items": { "item": "meat_tainted", "count": 1050 } },
            { "u_has_items": { "item": "secro_flesh", "count": 400 } }
          ]
        },
        "effect": [
          { "u_sell_item": "meat_tainted", "count": 1050 },
          { "npc_consume_item": "meat_tainted", "count": 1050 },
          { "u_sell_item": "secro_flesh", "count": 400 },
          { "npc_consume_item": "secro_flesh", "count": 400 },
          { "npc_add_effect": "secro_flesh_built_expandroom_down_taken", "duration": "PERMANENT" },
          { "npc_add_effect": "secro_flesh_building_room_artifice_down", "duration": "PERMANENT" },
          { "npc_add_effect": "secro_flesh_building", "duration": 216000 }
        ]
      },
      {
        "text": "[BUILD] Bio-organic Artifice\n(Southern Room)\n*Feed the hivemind with chunks of mutant meat and flesh*",
        "topic": "SECRO_FLESH_HIVEMIND_build",
        "condition": {
          "and": [
            { "npc_has_effect": "secro_flesh_built_expandroom_down" },
            { "not": { "npc_has_effect": "secro_flesh_built_expandroom_down_taken" } },
            { "not": { "npc_has_effect": "secro_flesh_built_room_artifice" } },
            { "u_has_items": { "item": "mutant_meat", "count": 600 } },
            { "u_has_items": { "item": "secro_flesh", "count": 400 } }
          ]
        },
        "effect": [
          { "u_sell_item": "mutant_meat", "count": 600 },
          { "npc_consume_item": "mutant_meat", "count": 600 },
          { "u_sell_item": "secro_flesh", "count": 400 },
          { "npc_consume_item": "secro_flesh", "count": 400 },
          { "npc_add_effect": "secro_flesh_built_expandroom_down_taken", "duration": "PERMANENT" },
          { "npc_add_effect": "secro_flesh_building_room_artifice_down", "duration": "PERMANENT" },
          { "npc_add_effect": "secro_flesh_building", "duration": 216000 }
        ]
      },
      {
        "text": "[BUILD] Western Room\n*Feed the hivemind with chunks of meat*",
        "topic": "SECRO_FLESH_HIVEMIND_build",
        "condition": {
          "and": [
            { "npc_has_effect": "secro_flesh_built_core3" },
            { "not": { "npc_has_effect": "secro_flesh_built_expandroom_left" } },
            { "u_has_items": { "item": "meat", "count": 500 } }
          ]
        },
        "effect": [
          { "u_sell_item": "meat", "count": 500 },
          { "npc_consume_item": "meat", "count": 500 },
          { "npc_add_effect": "secro_flesh_building_expandroom_left", "duration": "PERMANENT" },
          { "npc_add_effect": "secro_flesh_building", "duration": 28800 }
        ]
      },
      {
        "text": "[BUILD] Western Room\n*Feed the hivemind with chunks of tainted meat*",
        "topic": "SECRO_FLESH_HIVEMIND_build",
        "condition": {
          "and": [
            { "npc_has_effect": "secro_flesh_built_core3" },
            { "not": { "npc_has_effect": "secro_flesh_built_expandroom_left" } },
            { "u_has_items": { "item": "meat_tainted", "count": 263 } }
          ]
        },
        "effect": [
          { "u_sell_item": "meat_tainted", "count": 263 },
          { "npc_consume_item": "meat_tainted", "count": 263 },
          { "npc_add_effect": "secro_flesh_building_expandroom_left", "duration": "PERMANENT" },
          { "npc_add_effect": "secro_flesh_building", "duration": 28800 }
        ]
      },
      {
        "text": "[BUILD] Western Room\n*Feed the hivemind with chunks of mutant meat*",
        "topic": "SECRO_FLESH_HIVEMIND_build",
        "condition": {
          "and": [
            { "npc_has_effect": "secro_flesh_built_core3" },
            { "not": { "npc_has_effect": "secro_flesh_built_expandroom_left" } },
            { "u_has_items": { "item": "mutant_meat", "count": 500 } }
          ]
        },
        "effect": [
          { "u_sell_item": "mutant_meat", "count": 500 },
          { "npc_consume_item": "mutant_meat", "count": 500 },
          { "npc_add_effect": "secro_flesh_building_expandroom_left", "duration": "PERMANENT" },
          { "npc_add_effect": "secro_flesh_building", "duration": 28800 }
        ]
      },
      {
        "text": "[BUILD] Meatfarm\n(Western Room)\n*Feed the hivemind with chunks of meat and flesh*",
        "topic": "SECRO_FLESH_HIVEMIND_build",
        "condition": {
          "and": [
            { "npc_has_effect": "secro_flesh_built_expandroom_left" },
            { "not": { "npc_has_effect": "secro_flesh_built_expandroom_left_taken" } },
            { "not": { "npc_has_effect": "secro_flesh_built_room_meatfarm" } },
            { "u_has_items": { "item": "meat", "count": 250 } },
            { "u_has_items": { "item": "secro_flesh", "count": 50 } }
          ]
        },
        "effect": [
          { "u_sell_item": "meat", "count": 250 },
          { "npc_consume_item": "meat", "count": 250 },
          { "u_sell_item": "secro_flesh", "count": 50 },
          { "npc_consume_item": "secro_flesh", "count": 50 },
          { "npc_add_effect": "secro_flesh_built_expandroom_left_taken", "duration": "PERMANENT" },
          { "npc_add_effect": "secro_flesh_building_room_meatfarm_left", "duration": "PERMANENT" },
          { "npc_add_effect": "secro_flesh_building", "duration": 86400 }
        ]
      },
      {
        "text": "[BUILD] Meatfarm\n(Western Room)\n*Feed the hivemind with chunks of tainted meat and flesh*",
        "topic": "SECRO_FLESH_HIVEMIND_build",
        "condition": {
          "and": [
            { "npc_has_effect": "secro_flesh_built_expandroom_left" },
            { "not": { "npc_has_effect": "secro_flesh_built_expandroom_left_taken" } },
            { "not": { "npc_has_effect": "secro_flesh_built_room_meatfarm" } },
            { "u_has_items": { "item": "meat_tainted", "count": 438 } },
            { "u_has_items": { "item": "secro_flesh", "count": 50 } }
          ]
        },
        "effect": [
          { "u_sell_item": "meat_tainted", "count": 438 },
          { "npc_consume_item": "meat_tainted", "count": 438 },
          { "u_sell_item": "secro_flesh", "count": 50 },
          { "npc_consume_item": "secro_flesh", "count": 50 },
          { "npc_add_effect": "secro_flesh_built_expandroom_left_taken", "duration": "PERMANENT" },
          { "npc_add_effect": "secro_flesh_building_room_meatfarm_left", "duration": "PERMANENT" },
          { "npc_add_effect": "secro_flesh_building", "duration": 86400 }
        ]
      },
      {
        "text": "[BUILD] Meatfarm\n(Western Room)\n*Feed the hivemind with chunks of mutant meat and flesh*",
        "topic": "SECRO_FLESH_HIVEMIND_build",
        "condition": {
          "and": [
            { "npc_has_effect": "secro_flesh_built_expandroom_left" },
            { "not": { "npc_has_effect": "secro_flesh_built_expandroom_left_taken" } },
            { "not": { "npc_has_effect": "secro_flesh_built_room_meatfarm" } },
            { "u_has_items": { "item": "mutant_meat", "count": 250 } },
            { "u_has_items": { "item": "secro_flesh", "count": 50 } }
          ]
        },
        "effect": [
          { "u_sell_item": "mutant_meat", "count": 250 },
          { "npc_consume_item": "mutant_meat", "count": 250 },
          { "u_sell_item": "secro_flesh", "count": 50 },
          { "npc_consume_item": "secro_flesh", "count": 50 },
          { "npc_add_effect": "secro_flesh_built_expandroom_left_taken", "duration": "PERMANENT" },
          { "npc_add_effect": "secro_flesh_building_room_meatfarm_left", "duration": "PERMANENT" },
          { "npc_add_effect": "secro_flesh_building", "duration": 86400 }
        ]
      },
      {
        "text": "[BUILD] Bio-organic Splicer\n(Western Room)\n*Feed the hivemind with chunks of meat and flesh*",
        "topic": "SECRO_FLESH_HIVEMIND_build",
        "condition": {
          "and": [
            { "npc_has_effect": "secro_flesh_built_expandroom_left" },
            { "not": { "npc_has_effect": "secro_flesh_built_expandroom_left_taken" } },
            { "not": { "npc_has_effect": "secro_flesh_built_room_splicer" } },
            { "u_has_items": { "item": "meat", "count": 300 } },
            { "u_has_items": { "item": "secro_flesh", "count": 200 } }
          ]
        },
        "effect": [
          { "u_sell_item": "meat", "count": 300 },
          { "npc_consume_item": "meat", "count": 300 },
          { "u_sell_item": "secro_flesh", "count": 200 },
          { "npc_consume_item": "secro_flesh", "count": 200 },
          { "npc_add_effect": "secro_flesh_built_expandroom_left_taken", "duration": "PERMANENT" },
          { "npc_add_effect": "secro_flesh_building_room_splicer_left", "duration": "PERMANENT" },
          { "npc_add_effect": "secro_flesh_building", "duration": 129600 }
        ]
      },
      {
        "text": "[BUILD] Bio-organic Splicer\n(Western Room)\n*Feed the hivemind with chunks of tainted meat and flesh*",
        "topic": "SECRO_FLESH_HIVEMIND_build",
        "condition": {
          "and": [
            { "npc_has_effect": "secro_flesh_built_expandroom_left" },
            { "not": { "npc_has_effect": "secro_flesh_built_expandroom_left_taken" } },
            { "not": { "npc_has_effect": "secro_flesh_built_room_splicer" } },
            { "u_has_items": { "item": "meat_tainted", "count": 525 } },
            { "u_has_items": { "item": "secro_flesh", "count": 200 } }
          ]
        },
        "effect": [
          { "u_sell_item": "meat_tainted", "count": 525 },
          { "npc_consume_item": "meat_tainted", "count": 525 },
          { "u_sell_item": "secro_flesh", "count": 200 },
          { "npc_consume_item": "secro_flesh", "count": 200 },
          { "npc_add_effect": "secro_flesh_built_expandroom_left_taken", "duration": "PERMANENT" },
          { "npc_add_effect": "secro_flesh_building_room_splicer_left", "duration": "PERMANENT" },
          { "npc_add_effect": "secro_flesh_building", "duration": 129600 }
        ]
      },
      {
        "text": "[BUILD] Bio-organic Splicer\n(Western Room)\n*Feed the hivemind with chunks of mutant meat and flesh*",
        "topic": "SECRO_FLESH_HIVEMIND_build",
        "condition": {
          "and": [
            { "npc_has_effect": "secro_flesh_built_expandroom_left" },
            { "not": { "npc_has_effect": "secro_flesh_built_expandroom_left_taken" } },
            { "not": { "npc_has_effect": "secro_flesh_built_room_splicer" } },
            { "u_has_items": { "item": "mutant_meat", "count": 300 } },
            { "u_has_items": { "item": "secro_flesh", "count": 200 } }
          ]
        },
        "effect": [
          { "u_sell_item": "mutant_meat", "count": 300 },
          { "npc_consume_item": "mutant_meat", "count": 300 },
          { "u_sell_item": "secro_flesh", "count": 200 },
          { "npc_consume_item": "secro_flesh", "count": 200 },
          { "npc_add_effect": "secro_flesh_built_expandroom_left_taken", "duration": "PERMANENT" },
          { "npc_add_effect": "secro_flesh_building_room_splicer_left", "duration": "PERMANENT" },
          { "npc_add_effect": "secro_flesh_building", "duration": 129600 }
        ]
      },
      {
        "text": "[BUILD] Bio-organic Modifier\n(Western Room)\n*Feed the hivemind with chunks of meat and flesh*",
        "topic": "SECRO_FLESH_HIVEMIND_build",
        "condition": {
          "and": [
            { "npc_has_effect": "secro_flesh_built_expandroom_left" },
            { "npc_has_trait": "SECRONOM_FLESH_BIO_construction_advance" },
            { "not": { "npc_has_effect": "secro_flesh_built_expandroom_left_taken" } },
            { "not": { "npc_has_effect": "secro_flesh_built_room_modifier" } },
            { "u_has_items": { "item": "meat", "count": 375 } },
            { "u_has_items": { "item": "secro_flesh", "count": 375 } }
          ]
        },
        "effect": [
          { "u_sell_item": "meat", "count": 375 },
          { "npc_consume_item": "meat", "count": 375 },
          { "u_sell_item": "secro_flesh", "count": 375 },
          { "npc_consume_item": "secro_flesh", "count": 375 },
          { "npc_add_effect": "secro_flesh_built_expandroom_left_taken", "duration": "PERMANENT" },
          { "npc_add_effect": "secro_flesh_building_room_modifier_left", "duration": "PERMANENT" },
          { "npc_add_effect": "secro_flesh_building", "duration": 172800 }
        ]
      },
      {
        "text": "[BUILD] Bio-organic Modifier\n(Western Room)\n*Feed the hivemind with chunks of tainted meat and flesh*",
        "topic": "SECRO_FLESH_HIVEMIND_build",
        "condition": {
          "and": [
            { "npc_has_effect": "secro_flesh_built_expandroom_left" },
            { "npc_has_trait": "SECRONOM_FLESH_BIO_construction_advance" },
            { "not": { "npc_has_effect": "secro_flesh_built_expandroom_left_taken" } },
            { "not": { "npc_has_effect": "secro_flesh_built_room_modifier" } },
            { "u_has_items": { "item": "meat_tainted", "count": 656 } },
            { "u_has_items": { "item": "secro_flesh", "count": 375 } }
          ]
        },
        "effect": [
          { "u_sell_item": "meat_tainted", "count": 656 },
          { "npc_consume_item": "meat_tainted", "count": 656 },
          { "u_sell_item": "secro_flesh", "count": 375 },
          { "npc_consume_item": "secro_flesh", "count": 375 },
          { "npc_add_effect": "secro_flesh_built_expandroom_left_taken", "duration": "PERMANENT" },
          { "npc_add_effect": "secro_flesh_building_room_modifier_left", "duration": "PERMANENT" },
          { "npc_add_effect": "secro_flesh_building", "duration": 172800 }
        ]
      },
      {
        "text": "[BUILD] Bio-organic Modifier\n(Western Room)\n*Feed the hivemind with chunks of mutant meat and flesh*",
        "topic": "SECRO_FLESH_HIVEMIND_build",
        "condition": {
          "and": [
            { "npc_has_effect": "secro_flesh_built_expandroom_left" },
            { "npc_has_trait": "SECRONOM_FLESH_BIO_construction_advance" },
            { "not": { "npc_has_effect": "secro_flesh_built_expandroom_left_taken" } },
            { "not": { "npc_has_effect": "secro_flesh_built_room_modifier" } },
            { "u_has_items": { "item": "mutant_meat", "count": 375 } },
            { "u_has_items": { "item": "secro_flesh", "count": 375 } }
          ]
        },
        "effect": [
          { "u_sell_item": "mutant_meat", "count": 375 },
          { "npc_consume_item": "mutant_meat", "count": 375 },
          { "u_sell_item": "secro_flesh", "count": 375 },
          { "npc_consume_item": "secro_flesh", "count": 375 },
          { "npc_add_effect": "secro_flesh_built_expandroom_left_taken", "duration": "PERMANENT" },
          { "npc_add_effect": "secro_flesh_building_room_modifier_left", "duration": "PERMANENT" },
          { "npc_add_effect": "secro_flesh_building", "duration": 172800 }
        ]
      },
      {
        "text": "[BUILD] Bio-organic Hatchery\n(Western Room)\n*Feed the hivemind with chunks of meat and flesh*",
        "topic": "SECRO_FLESH_HIVEMIND_build",
        "condition": {
          "and": [
            { "npc_has_effect": "secro_flesh_built_expandroom_left" },
            { "not": { "npc_has_effect": "secro_flesh_built_expandroom_left_taken" } },
            { "not": { "npc_has_effect": "secro_flesh_built_room_hatchery" } },
            { "u_has_items": { "item": "meat", "count": 300 } },
            { "u_has_items": { "item": "secro_flesh", "count": 400 } }
          ]
        },
        "effect": [
          { "u_sell_item": "meat", "count": 300 },
          { "npc_consume_item": "meat", "count": 300 },
          { "u_sell_item": "secro_flesh", "count": 400 },
          { "npc_consume_item": "secro_flesh", "count": 400 },
          { "npc_add_effect": "secro_flesh_built_expandroom_left_taken", "duration": "PERMANENT" },
          { "npc_add_effect": "secro_flesh_building_room_hatchery_left", "duration": "PERMANENT" },
          { "npc_add_effect": "secro_flesh_building", "duration": 129600 }
        ]
      },
      {
        "text": "[BUILD] Bio-organic Hatchery\n(Western Room)\n*Feed the hivemind with chunks of tainted meat and flesh*",
        "topic": "SECRO_FLESH_HIVEMIND_build",
        "condition": {
          "and": [
            { "npc_has_effect": "secro_flesh_built_expandroom_left" },
            { "not": { "npc_has_effect": "secro_flesh_built_expandroom_left_taken" } },
            { "not": { "npc_has_effect": "secro_flesh_built_room_hatchery" } },
            { "u_has_items": { "item": "meat_tainted", "count": 525 } },
            { "u_has_items": { "item": "secro_flesh", "count": 400 } }
          ]
        },
        "effect": [
          { "u_sell_item": "meat_tainted", "count": 525 },
          { "npc_consume_item": "meat_tainted", "count": 525 },
          { "u_sell_item": "secro_flesh", "count": 400 },
          { "npc_consume_item": "secro_flesh", "count": 400 },
          { "npc_add_effect": "secro_flesh_built_expandroom_left_taken", "duration": "PERMANENT" },
          { "npc_add_effect": "secro_flesh_building_room_hatchery_left", "duration": "PERMANENT" },
          { "npc_add_effect": "secro_flesh_building", "duration": 129600 }
        ]
      },
      {
        "text": "[BUILD] Bio-organic Hatchery\n(Western Room)\n*Feed the hivemind with chunks of mutant meat and flesh*",
        "topic": "SECRO_FLESH_HIVEMIND_build",
        "condition": {
          "and": [
            { "npc_has_effect": "secro_flesh_built_expandroom_left" },
            { "not": { "npc_has_effect": "secro_flesh_built_expandroom_left_taken" } },
            { "not": { "npc_has_effect": "secro_flesh_built_room_hatchery" } },
            { "u_has_items": { "item": "mutant_meat", "count": 300 } },
            { "u_has_items": { "item": "secro_flesh", "count": 400 } }
          ]
        },
        "effect": [
          { "u_sell_item": "mutant_meat", "count": 300 },
          { "npc_consume_item": "mutant_meat", "count": 300 },
          { "u_sell_item": "secro_flesh", "count": 400 },
          { "npc_consume_item": "secro_flesh", "count": 400 },
          { "npc_add_effect": "secro_flesh_built_expandroom_left_taken", "duration": "PERMANENT" },
          { "npc_add_effect": "secro_flesh_building_room_hatchery_left", "duration": "PERMANENT" },
          { "npc_add_effect": "secro_flesh_building", "duration": 129600 }
        ]
      },
      {
        "text": "[BUILD] Bio-organic Artifice\n(Western Room)\n*Feed the hivemind with chunks of meat and flesh*",
        "topic": "SECRO_FLESH_HIVEMIND_build",
        "condition": {
          "and": [
            { "npc_has_effect": "secro_flesh_built_expandroom_left" },
            { "not": { "npc_has_effect": "secro_flesh_built_expandroom_left_taken" } },
            { "not": { "npc_has_effect": "secro_flesh_built_room_artifice" } },
            { "u_has_items": { "item": "meat", "count": 600 } },
            { "u_has_items": { "item": "secro_flesh", "count": 400 } }
          ]
        },
        "effect": [
          { "u_sell_item": "meat", "count": 600 },
          { "npc_consume_item": "meat", "count": 600 },
          { "u_sell_item": "secro_flesh", "count": 400 },
          { "npc_consume_item": "secro_flesh", "count": 400 },
          { "npc_add_effect": "secro_flesh_built_expandroom_left_taken", "duration": "PERMANENT" },
          { "npc_add_effect": "secro_flesh_building_room_artifice_left", "duration": "PERMANENT" },
          { "npc_add_effect": "secro_flesh_building", "duration": 216000 }
        ]
      },
      {
        "text": "[BUILD] Bio-organic Artifice\n(Western Room)\n*Feed the hivemind with chunks of tainted meat and flesh*",
        "topic": "SECRO_FLESH_HIVEMIND_build",
        "condition": {
          "and": [
            { "npc_has_effect": "secro_flesh_built_expandroom_left" },
            { "not": { "npc_has_effect": "secro_flesh_built_expandroom_left_taken" } },
            { "not": { "npc_has_effect": "secro_flesh_built_room_artifice" } },
            { "u_has_items": { "item": "meat_tainted", "count": 1050 } },
            { "u_has_items": { "item": "secro_flesh", "count": 400 } }
          ]
        },
        "effect": [
          { "u_sell_item": "meat_tainted", "count": 1050 },
          { "npc_consume_item": "meat_tainted", "count": 1050 },
          { "u_sell_item": "secro_flesh", "count": 400 },
          { "npc_consume_item": "secro_flesh", "count": 400 },
          { "npc_add_effect": "secro_flesh_built_expandroom_left_taken", "duration": "PERMANENT" },
          { "npc_add_effect": "secro_flesh_building_room_artifice_left", "duration": "PERMANENT" },
          { "npc_add_effect": "secro_flesh_building", "duration": 216000 }
        ]
      },
      {
        "text": "[BUILD] Bio-organic Artifice\n(Western Room)\n*Feed the hivemind with chunks of mutant meat and flesh*",
        "topic": "SECRO_FLESH_HIVEMIND_build",
        "condition": {
          "and": [
            { "npc_has_effect": "secro_flesh_built_expandroom_left" },
            { "not": { "npc_has_effect": "secro_flesh_built_expandroom_left_taken" } },
            { "not": { "npc_has_effect": "secro_flesh_built_room_artifice" } },
            { "u_has_items": { "item": "mutant_meat", "count": 600 } },
            { "u_has_items": { "item": "secro_flesh", "count": 400 } }
          ]
        },
        "effect": [
          { "u_sell_item": "mutant_meat", "count": 600 },
          { "npc_consume_item": "mutant_meat", "count": 600 },
          { "u_sell_item": "secro_flesh", "count": 400 },
          { "npc_consume_item": "secro_flesh", "count": 400 },
          { "npc_add_effect": "secro_flesh_built_expandroom_left_taken", "duration": "PERMANENT" },
          { "npc_add_effect": "secro_flesh_building_room_artifice_left", "duration": "PERMANENT" },
          { "npc_add_effect": "secro_flesh_building", "duration": 216000 }
        ]
      },
      { "text": "Nevermind…", "topic": "SECRO_FLESH_HIVEMIND_build" }
    ]
  }
]