[
  {
    "id": "SECRO_FLESH_HIVEMIND_main",
    "type": "talk_topic",
    "dynamic_line": {
      "u_has_effect": "secro_flesh_isadjacent",
      "yes": [
        "*is writhing erractically.",
        "*writhes erractically.",
        "*writhes.",
        "*emits a low, harsh shriek.",
        "*sways a tendril.",
        "*trembles.",
        "glob glob",
        "glob glob"
      ],
      "no": "*responds only when it is adjacent to you."
    },
    "responses": [
      {
        "text": "I'd like to strengthen you up.",
        "topic": "SECRO_FLESH_HIVEMIND_upgrades",
        "condition": { "and": [ { "u_has_effect": "secro_flesh_isadjacent" }, { "npc_at_om_location": "FACTION_CAMP_ANY" } ] }
      },
      {
        "text": "I'd like you to build something.",
        "topic": "SECRO_FLESH_HIVEMIND_build",
        "condition": {
          "and": [
            { "u_has_effect": "secro_flesh_isadjacent" },
            { "npc_at_om_location": "FACTION_CAMP_ANY" },
            { "npc_has_trait": "SECRONOM_FLESH_BIO_construction" }
          ]
        }
      },
      {
        "text": "I'd like you to build something.",
        "topic": "SECRO_FLESH_HIVEMIND_build",
        "condition": {
          "and": [
            { "u_has_effect": "secro_flesh_isadjacent" },
            { "npc_at_om_location": "FACTION_CAMP_ANY" },
            { "npc_has_trait": "SECRONOM_FLESH_BIO_construction_advance" }
          ]
        }
      },
      {
        "text": "About your services...",
        "topic": "SECRO_FLESH_HIVEMIND_service",
        "condition": {
          "and": [
            { "u_has_effect": "secro_flesh_isadjacent" },
            { "npc_at_om_location": "FACTION_CAMP_ANY" },
            { "npc_has_effect": "secro_flesh_built_room_meatfarm" }
          ]
        }
      },
      { "text": "Leave it.", "topic": "TALK_DONE" }
    ]
  }
]
