[{
        "type": "COMESTIBLE",
        "id": "saddler_egg",
        "name": "saddler egg",
        "weight": 110,
        "color": "green",
        "comestible_type": "FOOD",
        "symbol": "%",
        "quench": -5,
        "nutrition": -30,
        "description": "Dreadful hairy egg. Dare to eat this!",
        "price": 0,
        "material": "egg",
        "volume": 1,
        "fun": -50
    }, {
        "type": "TOOL",
        "id": "hatchingsaddleregg",
        "name": "cracked saddler egg",
        "weight": 110,
        "color": "green",
        "symbol": "o",
        "description": "Dreadful hairy egg. Use to break it.",
        "price": 0,
        "material": "egg",
        "volume": 1,
        "flags": ["NO_DROP"],
        "use_action": {
            "type": "place_monster",
            "monster_id": "mon_insect_saddler_baby",
            "difficulty": 2,
            "friendly_msg": "A baby saddler skitters!",
            "hostile_msg": "Turns out to be a bad egg!",
            "place_randomly": true,
            "skill1": "survival",
            "skill2": "melee"
        }
    }
]
