[
  {
	"//": "Mutation cores are item with modifiers. Better than status effects.",
    "id": "secro_cores",
    "type": "ITEM_CATEGORY",
    "name": "MUTATION CORES",
    "sort_rank": -200
  },
  {
    "id": "secro_amalgam",
    "type": "ITEM_CATEGORY",
    "name": "AMALGAMS",
    "sort_rank": -150
  },
  {
    "id": "secro_amalgam_command",
    "type": "ITEM_CATEGORY",
    "name": "AMALGAM COMMANDS",
    "sort_rank": -151
  },
  {
    "id": "secro_dna",
    "type": "ITEM_CATEGORY",
    "name": "DNAs",
    "sort_rank": 200
  },
  {
    "id": "secro_ccore",
    "type": "ITEM_CATEGORY",
    "name": "CORES",
    "sort_rank": 199
  }
]