[
  {
    "id": "fd_blood_acid",
    "type": "field_type",
    "intensity_levels": [
      {
        "name": "blood acid splatter",
        "sym": "5",
        "color": "red",
        "dangerous": true,
        "effects": [
          { "effect_id": "secro_blood_acid", "body_part": "LEG_R", "min_duration": "1 seconds", "max_duration": "1 seconds" },
          {
            "effect_id": "secro_blood_acid",
            "body_part": "LEG_L",
            "min_duration": "1 seconds",
            "max_duration": "1 seconds"
          }
        ]
      },
      { "name": "blood acid streak" },
      {
        "name": "pool of blood acid",
        "color": "light_red",
        "effects": [
          { "effect_id": "secro_blood_acid", "body_part": "LEG_R", "min_duration": "1 seconds", "max_duration": "2 seconds" },
          {
            "effect_id": "secro_blood_acid",
            "body_part": "LEG_L",
            "min_duration": "1 seconds",
            "max_duration": "2 seconds"
          }
        ]
      }
    ],
    "immunity_data": { "traits": [ "ACIDPROOF" ] },
    "underwater_age_speedup": "2 minutes",
    "has_acid": true,
    "priority": 2,
    "half_life": "2 minutes",
    "phase": "liquid",
    "display_field": true
  },
  {
    "id": "secro_power_armor_flesh_infect_or",
    "type": "SPELL",
    "name": "Transmit",
    "description": "Spell casted by an item. If you're seeing this, then read this one instead:\n'Item signals the nearby crimson horrors, hinting them the wearer is friendly.'",
    "message": "",
    "flags": [ "SILENT", "RANDOM_DAMAGE", "RANDOM_TARGET", "RANDOM_DURATION" ],
    "valid_targets": [ "hostile", "ally" ],
    "targeted_monster_ids": [
      "mon_sflesh_hatchery_amalgam",
      "mon_sflesh_zombie_turret",
      "mon_sflesh_veinstalk_crawly",
      "mon_sflesh_bear_cub",
      "mon_sflesh_taken_bear",
      "mon_sflesh_taken_rat",
      "mon_sflesh_taken_cougar",
      "mon_sflesh_taken_moose",
      "mon_sflesh_beaver",
      "mon_sflesh_boar_wild_piglet",
      "mon_sflesh_boar_wild",
      "mon_sflesh_cat_kitten",
      "mon_sflesh_cat",
      "mon_sflesh_chipmunk",
      "mon_sflesh_cow_calf",
      "mon_sflesh_cow",
      "mon_sflesh_coyote",
      "mon_sflesh_deer_fawn",
      "mon_sflesh_deer",
      "mon_sflesh_dog",
      "mon_sflesh_dog_pup",
      "mon_sflesh_fox",
      "mon_sflesh_groundhog",
      "mon_sflesh_horse",
      "mon_sflesh_lemming",
      "mon_sflesh_mink",
      "mon_sflesh_muskrat",
      "mon_sflesh_nakedmolerat_giant",
      "mon_sflesh_opossum",
      "mon_sflesh_otter",
      "mon_sflesh_pig_piglet",
      "mon_sflesh_pig",
      "mon_sflesh_rabbit",
      "mon_sflesh_raccoon",
      "mon_sflesh_sheep_lamb",
      "mon_sflesh_sheep",
      "mon_sflesh_squirrel",
      "mon_sflesh_weasel",
      "mon_sflesh_wolf",
      "mon_sflesh_taken_zombie",
      "mon_sflesh_zombie_tough",
      "mon_sflesh_zombie_fat",
      "mon_sflesh_skeleton",
      "mon_sflesh_zombie_spitter",
      "mon_sflesh_zombie_crawler",
      "mon_sflesh_skeleton_brute",
      "mon_sflesh_skeleton_hulk",
      "mon_sflesh_zombie_survivor",
      "mon_sflesh_zombie_biter",
      "mon_sflesh_zombie_brainless",
      "mon_sflesh_zombie_ears",
      "mon_sflesh_zombie_skull",
      "mon_sflesh_zombie_brute",
      "mon_sflesh_zombie_brute_grappler",
      "mon_sflesh_zombie_brute_ninja",
      "mon_sflesh_zombie_grappler",
      "mon_sflesh_zombie_hollow",
      "mon_sflesh_zombie_hulk",
      "mon_sflesh_zombie_hunter",
      "mon_sflesh_zombie_mancroc",
      "mon_sflesh_zombie_master",
      "mon_sflesh_zombie_necro",
      "mon_sflesh_zombie_predator",
      "mon_sflesh_zombie_screecher",
      "mon_sflesh_zombie_thorny",
      "mon_sflesh_zombie_smoker",
      "mon_sflesh_zombie_anklebiter",
      "mon_sflesh_zombie_child",
      "mon_sflesh_zombie_creepy",
      "mon_sflesh_zombie_shriekling",
      "mon_sflesh_zombie_snotgobbler",
      "mon_sflesh_zombie_sproglodyte",
      "mon_sflesh_zombie_waif",
      "mon_sflesh_zombie_brute_shocker",
      "mon_sflesh_zombie_electric",
      "mon_sflesh_zombie_nullfield",
      "mon_sflesh_zombie_static",
      "mon_sflesh_zombie_scientist",
      "mon_sflesh_boomer",
      "mon_sflesh_boomer_huge",
      "mon_sflesh_gas_zombie",
      "mon_sflesh_zombie_gasbag",
      "mon_sflesh_zombie_soldier",
      "mon_sflesh_zombie_soldier_blackops_1",
      "mon_sflesh_zombie_soldier_blackops_2",
      "mon_sflesh_zombie_soldier_acid_1",
      "mon_sflesh_zombie_soldier_acid_2",
      "mon_sflesh_zombie_kevlar_1",
      "mon_sflesh_zombie_kevlar_2",
      "mon_sflesh_zombie_military_pilot",
      "mon_sflesh_zombie_bio_op",
      "mon_sflesh_zombie_survivor_elite",
      "mon_sflesh_zombie_acidic",
      "mon_sflesh_zombie_corrosive",
      "mon_sflesh_zombie_wretched",
      "mon_sflesh_zombie_dog",
      "mon_sflesh_dog_skeleton",
      "mon_sflesh_dog_zombie_cop",
      "mon_sflesh_dog_zombie_rot",
      "mon_sflesh_zolf",
      "mon_sflesh_zombie_pig",
      "mon_sflesh_zoose",
      "mon_sflesh_zougar"
    ],
    "effect": "charm_monster",
    "min_damage": 6900,
    "max_damage": 42000,
    "min_range": 10,
    "max_range": 10,
    "min_duration": 2000,
    "max_duration": 6000
  },
  {
    "type": "SPELL",
    "id": "secro_power_armor_flesh_infect_or_random",
    "name": "a spell",
    "description": "Target spell casted by an item. If you're seeing this, then read this one instead:\n'Caster locks its line of sight onto the target, then randomly casts one of the Spell(s).'",
    "message": "",
    "extra_effects": [ { "id": "secro_power_armor_flesh_infect_or" } ],
    "flags": [ "SILENT", "WONDER", "RANDOM_TARGET", "RANDOM_DAMAGE" ],
    "valid_targets": [ "hostile" ],
    "effect": "target_attack",
    "effect_str": "secro_magic_target",
    "min_damage": 5,
    "max_damage": 10,
    "min_range": 10,
    "max_range": 10,
    "min_duration": 1,
    "max_duration": 1
  },
  {
    "id": "secro_power_armor_flesh_infect_traverse",
    "type": "SPELL",
    "name": "Traverse",
    "description": "Spell casted by an item. If you're seeing this, then read this one instead:\n'Item temporarily reverts the infection of the flesh terrain, while smoothing the meatslabs of the flesh.'",
    "flags": [ "SILENT", "IGNORE_WALLS" ],
    "valid_targets": [ "ground", "self" ],
    "effect": "ter_transform",
    "effect_str": "secro_flesh_traverse",
    "min_aoe": 1,
    "max_aoe": 1
  },
  {
    "id": "secro_power_armor_flesh_devour_note",
    "type": "SPELL",
    "name": "Devour",
    "description": "Spell casted by an item. If you're seeing this, then read this one instead:\n'Item becomes active for a while, and try to feast on its user.'",
    "message": "",
    "flags": [ "SILENT" ],
    "valid_targets": [ "self" ],
    "effect": "target_attack",
    "extra_effects": [ { "id": "secro_power_armor_flesh_devour", "hit_self": true } ],
    "effect_str": "secro_power_armor_flesh_devouring_note",
    "affected_body_parts": [ "TORSO" ],
    "min_duration": 500,
    "max_duration": 500
  },
  {
    "id": "secro_power_armor_flesh_devour",
    "type": "SPELL",
    "name": "Devour",
    "description": "Spell casted by an item. If you're seeing this, then read this one instead:\n'Item becomes active for a while, and try to feast on its user.'",
    "message": "",
    "flags": [ "SILENT" ],
    "valid_targets": [ "self" ],
    "effect": "target_attack",
    "effect_str": "secro_power_armor_flesh_devouring",
    "affected_body_parts": [ "HEAD", "MOUTH", "EYES", "ARM_L", "ARM_R", "HAND_R", "HAND_L", "LEG_L", "FOOT_L", "FOOT_R" ],
    "min_duration": 500,
    "max_duration": 500
  },
  {
    "id": "secro_power_armor_module_vessel_act_link",
    "type": "SPELL",
    "name": "Link",
    "description": "Spell casted by an item. If you're seeing this, then read this one instead:\n'Item transmits a signal to the suit, temporarily protecting the user from constant damage.'",
    "message": "",
    "flags": [ "SILENT" ],
    "valid_targets": [ "self" ],
    "effect": "target_attack",
    "effect_str": "secro_power_armor_flesh_linked",
    "min_duration": 500,
    "max_duration": 500
  },
  {
    "type": "SPELL",
    "id": "secro_power_armor_feed_give",
    "name": "Morph",
    "description": "Spell casted by an item. If you're seeing this, then read this one instead:\n'Item provides an object used for selecting the morphing branch.'",
    "message": "",
    "flags": [ "SILENT" ],
    "valid_targets": [ "self" ],
    "effect": "spawn_item",
    "effect_str": "secro_power_armor_feed_item",
    "min_duration": 300,
    "max_duration": 300,
    "base_casting_time": 300
  },
  {
    "id": "secro_power_armor_feed",
    "type": "SPELL",
    "name": "Feed",
    "description": "Spell casted by an item. If you're seeing this, then read this one instead:\n'Item consumes your flesh.'",
    "message": "<color_light_green>You let the vessel to consume your flesh.</color>",
    "flags": [ "SILENT", "RANDOM_DURATION" ],
    "valid_targets": [ "self" ],
    "effect": "target_attack",
    "effect_str": "secro_power_armor_flesh_linked",
    "note": "6 to 12 hours.",
    "min_duration": 2160000,
    "max_duration": 4320000
  },
  {
    "type": "SPELL",
    "id": "secro_power_armor_flesh_morphform_list",
    "name": "Morph",
    "description": "Spell casted by an item. If you're seeing this, then read this one instead:\n'Item provides morph/form list for activation.'",
    "message": "",
    "flags": [ "SILENT" ],
    "valid_targets": [ "self" ],
    "effect": "target_attack",
    "extra_effects": [
      { "id": "secro_power_armor_feed_give", "hit_self": true },
      { "id": "secro_power_armor_flesh_morph_fite_blades_give", "hit_self": true },
      { "id": "secro_power_armor_flesh_morph_fite_tentacles_give", "hit_self": true },
      { "id": "secro_power_armor_flesh_morph_fite_fleshpound_give", "hit_self": true },
      { "id": "secro_power_armor_flesh_morph_fite_jawarms_give", "hit_self": true },
      { "id": "secro_power_armor_flesh_morph_gun_spit_give", "hit_self": true },
      { "id": "secro_power_armor_flesh_morph_gun_bonelance_give", "hit_self": true },
      { "id": "secro_power_armor_flesh_morph_jugg_bonespikes_give", "hit_self": true },
      { "id": "secro_power_armor_flesh_morph_coward_powerlegs_give", "hit_self": true },
      { "id": "secro_power_armor_flesh_create_fite_bspear_give", "hit_self": true },
      { "id": "secro_power_armor_flesh_create_jugg_bpick_give", "hit_self": true },
      { "id": "secro_power_armor_flesh_create_gun_bonerifle_give", "hit_self": true }
    ],
    "base_casting_time": 1
  },
  {
    "type": "SPELL",
    "id": "secro_power_armor_flesh_fite_morphform_list",
    "name": "Morph",
    "description": "Spell casted by an item. If you're seeing this, then read this one instead:\n'Item provides morph/form list for activation.'",
    "message": "",
    "flags": [ "SILENT" ],
    "valid_targets": [ "self" ],
    "effect": "target_attack",
    "extra_effects": [
      { "id": "secro_power_armor_feed_give", "hit_self": true },
      { "id": "secro_power_armor_flesh_morph_fite_blades_give", "hit_self": true },
      { "id": "secro_power_armor_flesh_morph_fite_tentacles_give", "hit_self": true },
      { "id": "secro_power_armor_flesh_morph_fite_fleshpound_give", "hit_self": true },
      { "id": "secro_power_armor_flesh_morph_fite_jawarms_give", "hit_self": true },
      { "id": "secro_power_armor_flesh_create_fite_bspear_give", "hit_self": true }
    ],
    "base_casting_time": 1
  },
  {
    "type": "SPELL",
    "id": "secro_power_armor_flesh_tank_morphform_list",
    "name": "Morph",
    "description": "Spell casted by an item. If you're seeing this, then read this one instead:\n'Item provides morph/form list for activation.'",
    "message": "",
    "flags": [ "SILENT" ],
    "valid_targets": [ "self" ],
    "effect": "target_attack",
    "extra_effects": [
      { "id": "secro_power_armor_feed_give", "hit_self": true },
      { "id": "secro_power_armor_flesh_morph_jugg_bonespikes_give", "hit_self": true },
      { "id": "secro_power_armor_flesh_create_jugg_bpick_give", "hit_self": true }
    ],
    "base_casting_time": 1
  },
  {
    "type": "SPELL",
    "id": "secro_power_armor_flesh_coward_morphform_list",
    "name": "Morph",
    "description": "Spell casted by an item. If you're seeing this, then read this one instead:\n'Item provides morph/form list for activation.'",
    "message": "",
    "flags": [ "SILENT" ],
    "valid_targets": [ "self" ],
    "effect": "target_attack",
    "extra_effects": [
      { "id": "secro_power_armor_feed_give", "hit_self": true }, { "id": "secro_power_armor_flesh_morph_coward_powerlegs_give", "hit_self": true } ],
    "base_casting_time": 1
  },
  {
    "type": "SPELL",
    "id": "secro_power_armor_flesh_gun_morphform_list",
    "name": "Morph",
    "description": "Spell casted by an item. If you're seeing this, then read this one instead:\n'Item provides morph/form list for activation.'",
    "message": "",
    "flags": [ "SILENT" ],
    "valid_targets": [ "self" ],
    "effect": "target_attack",
    "extra_effects": [
      { "id": "secro_power_armor_feed_give", "hit_self": true },
      { "id": "secro_power_armor_flesh_morph_gun_spit_give", "hit_self": true },
      { "id": "secro_power_armor_flesh_morph_gun_bonelance_give", "hit_self": true },
      { "id": "secro_power_armor_flesh_create_gun_bonerifle_give", "hit_self": true }
    ],
    "base_casting_time": 1
  },
  {
    "type": "SPELL",
    "id": "secro_power_armor_flesh_infect_morphform_list",
    "name": "Morph",
    "description": "Spell casted by an item. If you're seeing this, then read this one instead:\n'Item provides morph/form list for activation.'",
    "message": "",
    "flags": [ "SILENT" ],
    "valid_targets": [ "self" ],
    "effect": "target_attack",
    "extra_effects": [ { "id": "secro_power_armor_feed_give", "hit_self": true } ],
    "base_casting_time": 1
  },
  {
    "type": "SPELL",
    "id": "secro_power_armor_flesh_morph_fite_blades_give",
    "name": "Morph",
    "description": "Spell casted by an item. If you're seeing this, then read this one instead:\n'Item provides an object used for selecting the morphing branch.'",
    "message": "",
    "flags": [ "SILENT" ],
    "valid_targets": [ "self" ],
    "effect": "spawn_item",
    "effect_str": "secro_power_armor_flesh_morph_fite_blades",
    "min_duration": 300,
    "max_duration": 300,
    "base_casting_time": 1
  },
  {
    "type": "SPELL",
    "id": "secro_power_armor_flesh_morphed_fite_blades_give",
    "name": "Morph",
    "description": "Spell casted by an item. If you're seeing this, then read this one instead:\n'Item provides the selected morphing branch.'",
    "message": "<color_light_green>Morphing successful!</color>",
    "flags": [ "SILENT", "RANDOM_DURATION" ],
    "valid_targets": [ "self" ],
    "effect": "spawn_item",
    "effect_str": "secro_power_armor_flesh_morphed_fite_blades",
    "min_duration": 18000,
    "max_duration": 30000,
    "base_casting_time": 300
  },
  {
    "type": "SPELL",
    "id": "secro_power_armor_flesh_morph_fite_tentacles_give",
    "name": "Morph",
    "description": "Spell casted by an item. If you're seeing this, then read this one instead:\n'Item provides an object used for selecting the morphing branch.'",
    "message": "",
    "flags": [ "SILENT" ],
    "valid_targets": [ "self" ],
    "effect": "spawn_item",
    "effect_str": "secro_power_armor_flesh_morph_fite_tentacles",
    "min_duration": 300,
    "max_duration": 300,
    "base_casting_time": 1
  },
  {
    "type": "SPELL",
    "id": "secro_power_armor_flesh_morphed_fite_tentacles_give",
    "name": "Morph",
    "description": "Spell casted by an item. If you're seeing this, then read this one instead:\n'Item provides the selected morphing branch.'",
    "message": "<color_light_green>Morphing successful!</color>",
    "flags": [ "SILENT", "RANDOM_DURATION" ],
    "valid_targets": [ "self" ],
    "effect": "spawn_item",
    "effect_str": "secro_power_armor_flesh_morphed_fite_tentacles",
    "min_duration": 18000,
    "max_duration": 30000,
    "base_casting_time": 300
  },
  {
    "type": "SPELL",
    "id": "secro_power_armor_flesh_morph_fite_fleshpound_give",
    "name": "Morph",
    "description": "Spell casted by an item. If you're seeing this, then read this one instead:\n'Item provides an object used for selecting the morphing branch.'",
    "message": "",
    "flags": [ "SILENT" ],
    "valid_targets": [ "self" ],
    "effect": "spawn_item",
    "effect_str": "secro_power_armor_flesh_morph_fite_fleshpound",
    "min_duration": 300,
    "max_duration": 300,
    "base_casting_time": 1
  },
  {
    "type": "SPELL",
    "id": "secro_power_armor_flesh_morphed_fite_fleshpound_give",
    "name": "Morph",
    "description": "Spell casted by an item. If you're seeing this, then read this one instead:\n'Item provides the selected morphing branch.'",
    "message": "<color_light_green>Morphing successful!</color>",
    "flags": [ "SILENT", "RANDOM_DURATION" ],
    "valid_targets": [ "self" ],
    "effect": "spawn_item",
    "effect_str": "secro_power_armor_flesh_morphed_fite_fleshpound",
    "min_duration": 18000,
    "max_duration": 30000,
    "base_casting_time": 300
  },
  {
    "type": "SPELL",
    "id": "secro_power_armor_flesh_morph_fite_jawarms_give",
    "name": "Morph",
    "description": "Spell casted by an item. If you're seeing this, then read this one instead:\n'Item provides an object used for selecting the morphing branch.'",
    "message": "",
    "flags": [ "SILENT" ],
    "valid_targets": [ "self" ],
    "effect": "spawn_item",
    "effect_str": "secro_power_armor_flesh_morph_fite_jawarms",
    "min_duration": 300,
    "max_duration": 300,
    "base_casting_time": 1
  },
  {
    "type": "SPELL",
    "id": "secro_power_armor_flesh_morphed_fite_jawarms_give",
    "name": "Morph",
    "description": "Spell casted by an item. If you're seeing this, then read this one instead:\n'Item provides the selected morphing branch.'",
    "message": "<color_light_green>Morphing successful!</color>",
    "flags": [ "SILENT", "RANDOM_DURATION" ],
    "valid_targets": [ "self" ],
    "effect": "spawn_item",
    "effect_str": "secro_power_armor_flesh_morphed_fite_jawarms",
    "min_duration": 18000,
    "max_duration": 30000,
    "base_casting_time": 300
  },
  {
    "type": "SPELL",
    "id": "secro_power_armor_flesh_morph_gun_spit_give",
    "name": "Morph",
    "description": "Spell casted by an item. If you're seeing this, then read this one instead:\n'Item provides an object used for selecting the morphing branch.'",
    "message": "",
    "flags": [ "SILENT" ],
    "valid_targets": [ "self" ],
    "effect": "spawn_item",
    "effect_str": "secro_power_armor_flesh_morph_gun_spit",
    "min_duration": 300,
    "max_duration": 300,
    "base_casting_time": 1
  },
  {
    "type": "SPELL",
    "id": "secro_power_armor_flesh_morphed_gun_spit_give",
    "name": "Morph",
    "description": "Spell casted by an item. If you're seeing this, then read this one instead:\n'Item provides the selected morphing branch.'",
    "message": "<color_light_green>Morphing successful!</color>",
    "flags": [ "SILENT", "RANDOM_DURATION" ],
    "valid_targets": [ "self" ],
    "effect": "spawn_item",
    "effect_str": "secro_power_armor_flesh_morphed_gun_spit",
    "min_duration": 18000,
    "max_duration": 30000,
    "base_casting_time": 300
  },
  {
    "type": "SPELL",
    "id": "secro_power_armor_flesh_morph_gun_bonelance_give",
    "name": "Morph",
    "description": "Spell casted by an item. If you're seeing this, then read this one instead:\n'Item provides an object used for selecting the morphing branch.'",
    "message": "",
    "flags": [ "SILENT" ],
    "valid_targets": [ "self" ],
    "effect": "spawn_item",
    "effect_str": "secro_power_armor_flesh_morph_gun_bonelance",
    "min_duration": 300,
    "max_duration": 300,
    "base_casting_time": 1
  },
  {
    "type": "SPELL",
    "id": "secro_power_armor_flesh_morphed_gun_bonelance_give",
    "name": "Morph",
    "description": "Spell casted by an item. If you're seeing this, then read this one instead:\n'Item provides the selected morphing branch.'",
    "message": "<color_light_green>Morphing successful!</color>",
    "flags": [ "SILENT", "RANDOM_DURATION" ],
    "valid_targets": [ "self" ],
    "effect": "spawn_item",
    "effect_str": "secro_power_armor_flesh_morphed_gun_bonelance",
    "min_duration": 18000,
    "max_duration": 30000,
    "base_casting_time": 300
  },
  {
    "type": "SPELL",
    "id": "secro_power_armor_flesh_morph_jugg_bonespikes_give",
    "name": "Morph",
    "description": "Spell casted by an item. If you're seeing this, then read this one instead:\n'Item provides an object used for selecting the morphing branch.'",
    "message": "",
    "flags": [ "SILENT" ],
    "valid_targets": [ "self" ],
    "effect": "spawn_item",
    "effect_str": "secro_power_armor_flesh_morph_jugg_bonespikes",
    "min_duration": 300,
    "max_duration": 300,
    "base_casting_time": 1
  },
  {
    "type": "SPELL",
    "id": "secro_power_armor_flesh_morphed_jugg_bonespikes_give",
    "name": "Morph",
    "description": "Spell casted by an item. If you're seeing this, then read this one instead:\n'Item provides the selected morphing branch.'",
    "message": "<color_light_green>Morphing successful!</color>",
    "flags": [ "SILENT", "RANDOM_DURATION" ],
    "valid_targets": [ "self" ],
    "effect": "spawn_item",
    "effect_str": "secro_power_armor_flesh_morphed_jugg_bonespikes",
    "min_duration": 18000,
    "max_duration": 30000,
    "base_casting_time": 300
  },
  {
    "type": "SPELL",
    "id": "secro_power_armor_flesh_morph_coward_powerlegs_give",
    "name": "Morph",
    "description": "Spell casted by an item. If you're seeing this, then read this one instead:\n'Item provides an object used for selecting the morphing branch.'",
    "message": "",
    "flags": [ "SILENT" ],
    "valid_targets": [ "self" ],
    "effect": "spawn_item",
    "effect_str": "secro_power_armor_flesh_morph_coward_powerlegs",
    "min_duration": 300,
    "max_duration": 300,
    "base_casting_time": -1
  },
  {
    "type": "SPELL",
    "id": "secro_power_armor_flesh_morphed_coward_powerlegs_give",
    "name": "Morph",
    "description": "Spell casted by an item. If you're seeing this, then read this one instead:\n'Item provides the selected morphing branch.'",
    "message": "<color_light_green>Morphing successful!</color>",
    "flags": [ "SILENT", "RANDOM_DURATION" ],
    "valid_targets": [ "self" ],
    "effect": "spawn_item",
    "effect_str": "secro_power_armor_flesh_morphed_coward_powerlegs",
    "min_duration": 18000,
    "max_duration": 30000,
    "base_casting_time": 300
  },
  {
    "type": "SPELL",
    "id": "secro_power_armor_flesh_create_fite_bspear_give",
    "name": "Form",
    "description": "Spell casted by an item. If you're seeing this, then read this one instead:\n'Item provides an object used for selecting the forming branch.'",
    "message": "",
    "flags": [ "SILENT" ],
    "valid_targets": [ "self" ],
    "effect": "spawn_item",
    "effect_str": "secro_power_armor_flesh_create_fite_bspear",
    "min_duration": 300,
    "max_duration": 300,
    "base_casting_time": 1
  },
  {
    "type": "SPELL",
    "id": "secro_power_armor_flesh_created_fite_bspear_give",
    "name": "Form",
    "description": "Spell casted by an item. If you're seeing this, then read this one instead:\n'Item provides the selected forming branch.'",
    "message": "<color_light_green>Forming successful!</color>",
    "flags": [ "SILENT", "RANDOM_DURATION" ],
    "valid_targets": [ "self" ],
    "effect": "spawn_item",
    "effect_str": "secro_power_armor_flesh_created_fite_bspear",
    "min_duration": 60000,
    "max_duration": 90000,
    "base_casting_time": 1300
  },
  {
    "type": "SPELL",
    "id": "secro_power_armor_flesh_create_gun_bonerifle_give",
    "name": "Form",
    "description": "Spell casted by an item. If you're seeing this, then read this one instead:\n'Item provides an object used for selecting the forming branch.'",
    "message": "",
    "flags": [ "SILENT" ],
    "valid_targets": [ "self" ],
    "effect": "spawn_item",
    "effect_str": "secro_power_armor_flesh_create_gun_bonerifle",
    "min_duration": 300,
    "max_duration": 300,
    "base_casting_time": 1
  },
  {
    "type": "SPELL",
    "id": "secro_power_armor_flesh_created_gun_bonerifle_give",
    "name": "Form",
    "description": "Spell casted by an item. If you're seeing this, then read this one instead:\n'Item provides the selected forming branch.'",
    "message": "<color_light_green>Forming successful!</color>",
    "flags": [ "SILENT", "RANDOM_DURATION" ],
    "valid_targets": [ "self" ],
    "effect": "spawn_item",
    "effect_str": "secro_power_armor_flesh_created_gun_bonerifle",
    "min_duration": 60000,
    "max_duration": 90000,
    "base_casting_time": 4350
  },
  {
    "type": "SPELL",
    "id": "secro_power_armor_flesh_created_gun_bonerifle_ammo_give",
    "name": "Form",
    "description": "Spell casted by an item. If you're seeing this, then read this one instead:\n'Item provides the selected forming branch.'",
    "message": "<color_light_green>Forming successful!</color>",
    "extra_effects": [ { "id": "secro_power_armor_flesh_created_gun_bonerifle_cost_random" } ],
    "flags": [ "SILENT", "RANDOM_DURATION" ],
    "valid_targets": [ "self" ],
    "effect": "spawn_item",
    "effect_str": "secro_flesh_boneneedle",
    "min_duration": 60000,
    "max_duration": 90000,
    "base_casting_time": 800
  },
  {
    "type": "SPELL",
    "id": "secro_power_armor_flesh_create_jugg_bpick_give",
    "name": "Form",
    "description": "Spell casted by an item. If you're seeing this, then read this one instead:\n'Item provides an object used for selecting the forming branch.'",
    "message": "",
    "flags": [ "SILENT" ],
    "valid_targets": [ "self" ],
    "effect": "spawn_item",
    "effect_str": "secro_power_armor_flesh_create_jugg_bpick",
    "min_duration": 300,
    "max_duration": 300,
    "base_casting_time": 1
  },
  {
    "type": "SPELL",
    "id": "secro_power_armor_flesh_created_jugg_bpick_give",
    "name": "Form",
    "description": "Spell casted by an item. If you're seeing this, then read this one instead:\n'Item provides the selected forming branch.'",
    "message": "<color_light_green>Forming successful!</color>",
    "flags": [ "SILENT", "RANDOM_DURATION" ],
    "valid_targets": [ "self" ],
    "effect": "spawn_item",
    "effect_str": "secro_power_armor_flesh_created_jugg_bpick",
    "min_duration": 60000,
    "max_duration": 90000,
    "base_casting_time": 2500
  },
  {
    "id": "secro_power_armor_flesh_morphed_fite_blades_lowcut",
    "type": "SPELL",
    "name": "Slash",
    "description": "Spell casted by an item. If you're seeing this, then read this one instead:\n'User performs a basic slash at their target, dealing small cutting damage .'",
    "message": "",
    "flags": [ "SILENT", "RANDOM_DAMAGE" ],
    "valid_targets": [ "hostile" ],
    "effect": "target_attack",
    "min_damage": 7,
    "max_damage": 14,
    "min_range": 1,
    "max_range": 1,
    "damage_type": "cut"
  },
  {
    "id": "secro_power_armor_flesh_morphed_fite_blades_highcut",
    "type": "SPELL",
    "name": "Slice",
    "description": "Spell casted by an item. If you're seeing this, then read this one instead:\n'User performs a high momentum slash at their target, dealing cutting damage .'",
    "message": "",
    "flags": [ "SILENT", "RANDOM_DAMAGE" ],
    "valid_targets": [ "hostile" ],
    "effect": "target_attack",
    "min_damage": 14,
    "max_damage": 28,
    "min_range": 1,
    "max_range": 1,
    "damage_type": "cut"
  },
  {
    "id": "secro_power_armor_flesh_morphed_fite_tentacles_lowstab",
    "type": "SPELL",
    "name": "Inject",
    "description": "Spell casted by an item. If you're seeing this, then read this one instead:\n'Flesh vessel's twisted veins pierces at the target, dealing small stabbing damage and slightly enslows them.'",
    "message": "",
    "flags": [ "SILENT", "RANDOM_DAMAGE", "RANDOM_DURATION" ],
    "valid_targets": [ "hostile" ],
    "effect": "projectile_attack",
    "effect_str": "secro_power_armor_flesh_morphed_fite_tentacles_eff",
    "min_damage": 3,
    "max_damage": 6,
    "min_range": 3,
    "max_range": 3,
    "damage_type": "stab",
    "min_duration": 75,
    "max_duration": 125
  },
  {
    "id": "secro_power_armor_flesh_morphed_fite_tentacles_highstab",
    "type": "SPELL",
    "name": "Inject",
    "description": "Spell casted by an item. If you're seeing this, then read this one instead:\n'Flesh vessel's twisted veins inject a target, dealing stabbing damage and enslows them.'",
    "message": "",
    "flags": [ "SILENT", "RANDOM_DAMAGE", "RANDOM_DURATION", "RANDOM_TARGET" ],
    "valid_targets": [ "hostile" ],
    "effect": "projectile_attack",
    "effect_str": "secro_power_armor_flesh_morphed_fite_tentacles_eff",
    "min_damage": 8,
    "max_damage": 12,
    "min_range": 3,
    "max_range": 3,
    "damage_type": "stab",
    "min_duration": 500,
    "max_duration": 650
  },
  {
    "type": "SPELL",
    "id": "secro_power_armor_flesh_morphed_fite_tentacles_random",
    "name": "a spell",
    "description": "Target spell casted by an item. If you're seeing this, then read this one instead:\n'Caster locks its line of sight onto the target, then randomly casts one of the Spell(s).'",
    "message": "Your tentacles writhe violently!",
    "extra_effects": [ { "id": "secro_power_armor_flesh_morphed_fite_tentacles_highstab" } ],
    "flags": [ "SILENT", "WONDER", "RANDOM_DAMAGE", "RANDOM_TARGET" ],
    "valid_targets": [ "hostile" ],
    "effect": "target_attack",
    "effect_str": "secro_magic_target",
    "energy_source": "STAMINA",
    "base_energy_cost": 1000,
    "min_damage": 5,
    "max_damage": 8,
    "min_range": 3,
    "max_range": 3,
    "min_duration": 1,
    "max_duration": 1,
    "base_casting_time": 1250
  },
  {
    "id": "secro_power_armor_flesh_morphed_gun_spit_cs",
    "type": "SPELL",
    "name": "Crimson Shower",
    "description": "Flesh vessel's spitter armanent sends a stream of blood acid, dealing small acid damage and creating blood acid fields.",
    "message": "",
    "flags": [ "SILENT", "RANDOM_DAMAGE", "RANDOM_DURATION" ],
    "valid_targets": [ "hostile", "ground" ],
    "effect": "cone_attack",
    "effect_str": "secro_blood_acid",
    "min_damage": 5,
    "max_damage": 10,
    "min_range": 4,
    "max_range": 4,
    "damage_type": "acid",
    "min_duration": 125,
    "max_duration": 250,
    "min_aoe": 45,
    "max_aoe": 45,
    "field_id": "fd_blood_acid",
    "field_chance": 2,
    "min_field_intensity": 1,
    "max_field_intensity": 1,
    "base_casting_time": 900
  },
  {
    "id": "secro_power_armor_flesh_morphed_gun_spit_as_note",
    "type": "SPELL",
    "name": "a note",
    "description": "Note spell casted by a monster. If you're seeing this, then read this one instead:\n'Provides a notice about the casted spell's result.'",
    "message": "",
    "flags": [ "SILENT" ],
    "valid_targets": [ "self" ],
    "effect": "projectile_attack",
    "effect_str": "secro_power_armor_flesh_morphed_gun_spit_as_YES",
    "min_duration": 1,
    "max_duration": 1
  },
  {
    "id": "secro_power_armor_flesh_morphed_gun_spit_as",
    "type": "SPELL",
    "name": "Acid Spit",
    "description": "Spell casted by an item. If you're seeing this, then read this one instead:\n'Flesh vessel's spitter armanent shoots a glob of blood acid at the target, dealing acid damage.'",
    "message": "",
    "flags": [ "SILENT", "RANDOM_DAMAGE", "RANDOM_DURATION", "RANDOM_TARGET" ],
    "valid_targets": [ "hostile" ],
    "extra_effects": [ { "id": "secro_power_armor_flesh_morphed_gun_spit_as_note", "hit_self": true } ],
    "effect": "projectile_attack",
    "effect_str": "secro_blood_acid",
    "min_damage": 4,
    "max_damage": 8,
    "min_range": 9,
    "max_range": 9,
    "damage_type": "acid",
    "min_duration": 75,
    "max_duration": 175
  },
  {
    "id": "secro_power_armor_flesh_morphed_gun_spit_as_target",
    "type": "SPELL",
    "name": "a spell",
    "description": "Target spell casted by an item. If you're seeing this, then read this one instead:\n'Caster locks its line of sight onto the target, then randomly casts one of the Spell(s).'",
    "message": "",
    "flags": [ "SILENT" ],
    "valid_targets": [ "self" ],
    "extra_effects": [ { "id": "secro_power_armor_flesh_morphed_gun_spit_as" } ],
    "effect": "projectile_attack",
    "effect_str": "secro_magic_target",
    "min_duration": 1,
    "max_duration": 1
  },
  {
    "id": "secro_power_armor_flesh_morphed_gun_bonelance_bonespike",
    "type": "SPELL",
    "name": "Bone Spike",
    "description": "Spell casted by an item. If you're seeing this, then read this one instead:\n'Flesh vessel's bone launcher armanent spews a chunk of calcified material onto the target.'",
    "message": "",
    "flags": [ "SILENT", "RANDOM_DAMAGE", "RANDOM_DURATION", "RANDOM_TARGET" ],
    "valid_targets": [ "hostile" ],
    "effect": "projectile_attack",
    "effect_str": "stunned",
    "min_damage": 4,
    "max_damage": 8,
    "min_range": 9,
    "max_range": 9,
    "damage_type": "acid",
    "min_duration": 25,
    "max_duration": 100
  },
  {
    "type": "SPELL",
    "id": "secro_power_armor_flesh_morphed_gun_bonelance_random",
    "name": "a spell",
    "description": "Target spell casted by an item. If you're seeing this, then read this one instead:\n'Caster locks its line of sight onto the target, then randomly casts one of the Spell(s).'",
    "message": "",
    "extra_effects": [ { "id": "secro_power_armor_flesh_morphed_gun_bonelance_bonespike" } ],
    "flags": [ "SILENT", "WONDER", "RANDOM_DAMAGE" ],
    "valid_targets": [ "hostile" ],
    "effect": "target_attack",
    "effect_str": "secro_magic_target",
    "min_damage": 2,
    "max_damage": 3,
    "min_range": 12,
    "max_range": 12,
    "min_duration": 1,
    "max_duration": 1
  },
  {
    "id": "secro_power_armor_flesh_morphed_jugg_bonespikes_lowstab",
    "type": "SPELL",
    "name": "React",
    "description": "Spell casted by an item. If you're seeing this, then read this one instead:\n'Flesh vessel's bone spike reacts, dealing stab damage to th attacker.'",
    "message": "",
    "flags": [ "SILENT", "RANDOM_DAMAGE" ],
    "valid_targets": [ "hostile" ],
    "effect": "target_attack",
    "min_damage": 3,
    "max_damage": 5,
    "min_range": 1,
    "max_range": 1,
    "damage_type": "stab"
  },
  {
    "id": "secro_power_armor_flesh_morphed_jugg_bonespikes_highstab",
    "type": "SPELL",
    "name": "Retaliate",
    "description": "Spell casted by an item. If you're seeing this, then read this one instead:\n'Flesh vessel's bone spike viciously reacts, dealing stab damage and stunning the attacker.'",
    "message": "",
    "flags": [ "SILENT", "RANDOM_DAMAGE" ],
    "valid_targets": [ "hostile" ],
    "effect_str": "stunned",
    "effect": "target_attack",
    "min_damage": 6,
    "max_damage": 10,
    "min_range": 1,
    "max_range": 1,
    "damage_type": "stab",
    "min_duration": 75,
    "max_duration": 175
  },
  {
    "id": "secro_power_armor_flesh_morphed_jugg_bonespikes_skeletaloutburst",
    "type": "SPELL",
    "name": "Skeletal Outburst",
    "description": "Spell casted by an item. If you're seeing this, then read this one instead:\n'User channels its flesh vessel. After some moments, the bone spikes grow and protrudes outward, impaling nearby targets. Inaccurate, yet deadly.'",
    "message": "",
    "flags": [ "SILENT", "RANDOM_DAMAGE", "RANDOM_TARGET" ],
    "valid_targets": [ "ground", "hostile" ],
    "effect_str": "stunned",
    "effect": "target_attack",
    "min_damage": 10,
    "max_damage": 20,
    "min_range": 1,
    "max_range": 1,
    "damage_type": "stab",
    "min_duration": 50,
    "max_duration": 150,
    "base_casting_time": 750
  },
  {
    "type": "SPELL",
    "id": "secro_power_armor_flesh_morphed_jugg_bonespikes_skeletaloutburst_random",
    "name": "a spell",
    "description": "Target spell casted by an item. If you're seeing this, then read this one instead:\n'Caster locks its line of sight onto the target, then randomly casts one of the Spell(s).'",
    "message": "",
    "extra_effects": [ { "id": "secro_power_armor_flesh_morphed_jugg_bonespikes_skeletaloutburst" } ],
    "flags": [ "SILENT", "WONDER", "RANDOM_DAMAGE" ],
    "valid_targets": [ "hostile" ],
    "effect": "target_attack",
    "effect_str": "secro_magic_target",
    "min_damage": 6,
    "max_damage": 12,
    "min_range": 1,
    "max_range": 1,
    "min_duration": 1,
    "max_duration": 1
  },
  {
    "id": "secro_power_armor_flesh_morphed_jugg_bonespikes_skeletaloutburst_pay",
    "type": "SPELL",
    "name": "Cost",
    "description": "Spell casted by an item. If you're seeing this, then read this one instead:\n'\"PAY THE PRICE!!!\".'",
    "message": "<color_light_green>Several bone spike bursts out of your vessel!</color>",
    "flags": [ "SILENT" ],
    "valid_targets": [ "self" ],
    "extra_effects": [ { "id": "secro_power_armor_flesh_morphed_jugg_bonespikes_skeletaloutburst_random" } ],
    "effect_str": "secro_power_armor_flesh_morphed_jugg_bonespikes_skeletaloutburst_cost",
    "affected_body_parts": [ "HEAD", "TORSO", "ARM_R", "ARM_L", "LEG_R", "LEG_L" ],
    "effect": "target_attack",
    "min_duration": 1,
    "max_duration": 1
  },
  {
    "id": "secro_power_armor_flesh_morphed_fite_fleshpound_powpunch",
    "type": "SPELL",
    "name": "Powerpunch",
    "description": "Spell casted by an item. If you're seeing this, then read this one instead:\n'Flesh vessel's fleshpound delivers a devastating blow, dealing massive bash damage and applies stun for sveral turns.'",
    "message": "",
    "flags": [ "SILENT", "RANDOM_DAMAGE" ],
    "valid_targets": [ "ground", "hostile" ],
    "effect": "target_attack",
    "effect_str": "stunned",
    "min_damage": 25,
    "max_damage": 50,
    "min_range": 1,
    "max_range": 1,
    "min_duration": 1,
    "max_duration": 1,
    "damage_type": "bash"
  },
  {
    "id": "secro_power_armor_flesh_morphed_coward_powerlegs_powkick",
    "type": "SPELL",
    "name": "Powerkick",
    "description": "Spell casted by an item. If you're seeing this, then read this one instead:\n'User performs a devastating kick at the target, dealing massive bashing damage and applies stun for several turns .'",
    "message": "",
    "flags": [ "SILENT", "RANDOM_DAMAGE" ],
    "valid_targets": [ "hostile" ],
    "effect": "target_attack",
    "effect_str": "stunned",
    "min_damage": 25,
    "max_damage": 50,
    "min_range": 1,
    "max_range": 1,
    "min_duration": 1,
    "max_duration": 1,
    "damage_type": "bash"
  },
  {
    "id": "secro_power_armor_flesh_morphed_fite_jawarms_lowdmg",
    "type": "SPELL",
    "name": "Bite",
    "description": "Spell casted by an item. If you're seeing this, then read this one instead:\n'Flesh vessel's jawed biter bites at the target, dealing stabbing damage.'",
    "message": "",
    "flags": [ "SILENT", "RANDOM_DAMAGE" ],
    "valid_targets": [ "hostile" ],
    "effect": "target_attack",
    "min_damage": 8,
    "max_damage": 12,
    "min_range": 1,
    "max_range": 1,
    "damage_type": "stab"
  },
  {
    "id": "secro_power_armor_flesh_morphed_fite_jawarms_highdmg",
    "type": "SPELL",
    "name": "Crunch",
    "description": "Spell casted by an item. If you're seeing this, then read this one instead:\n'Flesh vessel's jawed biter ferociously bites at the target, dealing high stabbing damage.'",
    "message": "",
    "flags": [ "SILENT", "RANDOM_DAMAGE" ],
    "valid_targets": [ "hostile" ],
    "effect": "target_attack",
    "min_damage": 12,
    "max_damage": 20,
    "min_range": 1,
    "max_range": 1,
    "damage_type": "stab"
  },
  {
    "id": "secro_power_armor_flesh_created_gun_bonerifle_pay_head",
    "type": "SPELL",
    "name": "Cost",
    "description": "Spell casted by an item. If you're seeing this, then read this one instead:\n'\"PAY THE PRICE!!!\".'",
    "message": "",
    "flags": [ "SILENT" ],
    "valid_targets": [ "self" ],
    "effect_str": "secro_power_armor_flesh_created_gun_bonerifle_cost",
    "affected_body_parts": [ "HEAD" ],
    "effect": "target_attack",
    "min_duration": 1,
    "max_duration": 1
  },
  {
    "id": "secro_power_armor_flesh_created_gun_bonerifle_pay_torso",
    "type": "SPELL",
    "name": "Cost",
    "description": "Spell casted by an item. If you're seeing this, then read this one instead:\n'\"PAY THE PRICE!!!\".'",
    "message": "",
    "flags": [ "SILENT" ],
    "valid_targets": [ "self" ],
    "effect_str": "secro_power_armor_flesh_created_gun_bonerifle_cost",
    "affected_body_parts": [ "TORSO" ],
    "effect": "target_attack",
    "min_duration": 1,
    "max_duration": 1
  },
  {
    "id": "secro_power_armor_flesh_created_gun_bonerifle_pay_larm",
    "type": "SPELL",
    "name": "Cost",
    "description": "Spell casted by an item. If you're seeing this, then read this one instead:\n'\"PAY THE PRICE!!!\".'",
    "message": "",
    "flags": [ "SILENT" ],
    "valid_targets": [ "self" ],
    "effect_str": "secro_power_armor_flesh_created_gun_bonerifle_cost",
    "affected_body_parts": [ "ARM_L" ],
    "effect": "target_attack",
    "min_duration": 1,
    "max_duration": 1
  },
  {
    "id": "secro_power_armor_flesh_created_gun_bonerifle_pay_rarm",
    "type": "SPELL",
    "name": "Cost",
    "description": "Spell casted by an item. If you're seeing this, then read this one instead:\n'\"PAY THE PRICE!!!\".'",
    "message": "",
    "flags": [ "SILENT" ],
    "valid_targets": [ "self" ],
    "effect_str": "secro_power_armor_flesh_created_gun_bonerifle_cost",
    "affected_body_parts": [ "ARM_R" ],
    "effect": "target_attack",
    "min_duration": 1,
    "max_duration": 1
  },
  {
    "id": "secro_power_armor_flesh_created_gun_bonerifle_pay_lleg",
    "type": "SPELL",
    "name": "Cost",
    "description": "Spell casted by an item. If you're seeing this, then read this one instead:\n'\"PAY THE PRICE!!!\".'",
    "message": "",
    "flags": [ "SILENT" ],
    "valid_targets": [ "self" ],
    "effect_str": "secro_power_armor_flesh_created_gun_bonerifle_cost",
    "affected_body_parts": [ "LEG_L" ],
    "effect": "target_attack",
    "min_duration": 1,
    "max_duration": 1
  },
  {
    "id": "secro_power_armor_flesh_created_gun_bonerifle_pay_rleg",
    "type": "SPELL",
    "name": "Cost",
    "description": "Spell casted by an item. If you're seeing this, then read this one instead:\n'\"PAY THE PRICE!!!\".'",
    "message": "",
    "flags": [ "SILENT" ],
    "valid_targets": [ "self" ],
    "effect_str": "secro_power_armor_flesh_created_gun_bonerifle_cost",
    "affected_body_parts": [ "LEG_R" ],
    "effect": "target_attack",
    "min_duration": 1,
    "max_duration": 1
  },
  {
    "type": "SPELL",
    "id": "secro_power_armor_flesh_created_gun_bonerifle_cost_random",
    "name": "a spell",
    "description": "Target spell casted by an item. If you're seeing this, then read this one instead:\n'Caster locks its line of sight onto the target, then randomly casts one of the Spell(s).'",
    "message": "",
    "extra_effects": [
      { "id": "secro_power_armor_flesh_created_gun_bonerifle_pay_head", "hit_self": true },
      { "id": "secro_power_armor_flesh_created_gun_bonerifle_pay_torso", "hit_self": true },
      { "id": "secro_power_armor_flesh_created_gun_bonerifle_pay_larm", "hit_self": true },
      { "id": "secro_power_armor_flesh_created_gun_bonerifle_pay_rarm", "hit_self": true },
      { "id": "secro_power_armor_flesh_created_gun_bonerifle_pay_lleg", "hit_self": true },
      { "id": "secro_power_armor_flesh_created_gun_bonerifle_pay_rleg", "hit_self": true }
    ],
    "flags": [ "SILENT", "WONDER" ],
    "valid_targets": [ "hostile" ],
    "effect": "target_attack",
    "effect_str": "secro_magic_target",
    "min_damage": 1,
    "max_damage": 1
  },
  {
    "type": "SPELL",
    "id": "secro_flesh_splicer_target",
    "name": "a spell",
    "description": "Target spell casted by an item. If you're seeing this, then read this one instead:\n'Caster locks its line of sight onto the target, then casts the Spell(s).'",
    "message": "<color_dark_gray>The bio-organic splicer's tentacles start to writhe violently...\n<color_light_green>The bio-organic splicer rakes %3$s!",
    "extra_effects": [
      { "id": "secro_flesh_splicer_zombie_blade" },
      { "id": "secro_flesh_splicer_zombie_WALKINGPOTATO" },
      { "id": "secro_flesh_splicer_zombie_mouth" },
      { "id": "secro_flesh_splicer_zombie_tendril" },
      { "id": "secro_flesh_splicer_zombie_titan" },
      { "id": "secro_flesh_splicer_zombie_unify" }
    ],
    "flags": [ "SILENT" ],
    "valid_targets": [ "ally", "hostile" ],
    "targeted_monster_ids": [
      "mon_zombie_blade",
      "mon_zombie_sharpblade",
      "mon_zombie_serratedblade",
      "mon_zombie_razor",
      "mon_zombie_WALKINGPOTATO",
      "mon_zombie_zawk",
      "mon_zombie_zoth",
      "mon_zombie_nightwail",
      "mon_zombie_mouth",
      "mon_zombie_bellymouth",
      "mon_zombie_omouth",
      "mon_zombie_suctionmouth",
      "mon_zombie_tendrils",
      "mon_zombie_thicktendrils",
      "mon_zombie_tendricles",
      "mon_zombie_tentawraith",
      "mon_zombie_titan",
      "mon_zombie_blacktitan",
      "mon_zombie_unify",
      "mon_zombie_unity",
      "mon_zombie_hemo"
    ],
    "effect": "target_attack",
    "effect_str": "secro_magic_target",
    "min_range": 1,
    "max_range": 1,
    "min_duration": 1,
    "max_duration": 1
  },
  {
    "id": "secro_flesh_splicer_zombie_blade",
    "type": "SPELL",
    "name": "Scan",
    "description": "Spell casted by an item. If you're seeing this, then read this one instead:\n'Item scans the target...'",
    "flags": [ "SILENT", "RANDOM_DAMAGE" ],
    "valid_targets": [ "hostile" ],
    "targeted_monster_ids": [ "mon_zombie_blade", "mon_zombie_sharpblade", "mon_zombie_serratedblade", "mon_zombie_razor" ],
    "extra_effects": [ { "id": "secro_flesh_splicer_zombie_blade_yeah" } ],
    "effect": "target_attack",
    "min_damage": 5,
    "max_damage": 10
  },
  {
    "type": "SPELL",
    "id": "secro_flesh_splicer_zombie_blade_yeah",
    "name": "Collect",
    "description": "Spell casted by an item. If you're seeing this, then read this one instead:\n'Provides the specific DNA.'",
    "flags": [ "SILENT", "PERMANENT", "RANDOM_TARGET" ],
    "valid_targets": [ "hostile" ],
    "targeted_monster_ids": [ "mon_zombie_blade", "mon_zombie_sharpblade", "mon_zombie_serratedblade", "mon_zombie_razor" ],
    "min_damage": 1,
    "max_damage": 1,
    "min_range": 1,
    "max_range": 1,
    "effect": "spawn_item",
    "effect_str": "secro_flesh_splicer_zombie_blade_dna"
  },
  {
    "id": "secro_flesh_splicer_zombie_WALKINGPOTATO",
    "type": "SPELL",
    "name": "Scan",
    "description": "Spell casted by an item. If you're seeing this, then read this one instead:\n'Item scans the target...'",
    "flags": [ "SILENT", "RANDOM_DAMAGE" ],
    "valid_targets": [ "hostile" ],
    "targeted_monster_ids": [ "mon_zombie_WALKINGPOTATO", "mon_zombie_zawk", "mon_zombie_zoth", "mon_zombie_nightwail" ],
    "extra_effects": [ { "id": "secro_flesh_splicer_zombie_WALKINGPOTATO_yeah" } ],
    "effect": "target_attack",
    "min_damage": 5,
    "max_damage": 10
  },
  {
    "type": "SPELL",
    "id": "secro_flesh_splicer_zombie_WALKINGPOTATO_yeah",
    "name": "Collect",
    "description": "Spell casted by an item. If you're seeing this, then read this one instead:\n'Provides the specific DNA.'",
    "flags": [ "SILENT", "PERMANENT", "RANDOM_TARGET" ],
    "valid_targets": [ "hostile" ],
    "targeted_monster_ids": [ "mon_zombie_WALKINGPOTATO", "mon_zombie_zawk", "mon_zombie_zoth", "mon_zombie_nightwail" ],
    "min_damage": 1,
    "max_damage": 1,
    "min_range": 1,
    "max_range": 1,
    "effect": "spawn_item",
    "effect_str": "secro_flesh_splicer_zombie_WALKINGPOTATO_dna"
  },
  {
    "id": "secro_flesh_splicer_zombie_mouth",
    "type": "SPELL",
    "name": "Scan",
    "description": "Spell casted by an item. If you're seeing this, then read this one instead:\n'Item scans the target...'",
    "flags": [ "SILENT", "RANDOM_DAMAGE" ],
    "valid_targets": [ "hostile" ],
    "targeted_monster_ids": [ "mon_zombie_mouth", "mon_zombie_bellymouth", "mon_zombie_omouth", "mon_zombie_suctionmouth" ],
    "extra_effects": [ { "id": "secro_flesh_splicer_zombie_mouth_yeah" } ],
    "effect": "target_attack",
    "min_damage": 5,
    "max_damage": 10
  },
  {
    "type": "SPELL",
    "id": "secro_flesh_splicer_zombie_mouth_yeah",
    "name": "Collect",
    "description": "Spell casted by an item. If you're seeing this, then read this one instead:\n'Provides the specific DNA.'",
    "flags": [ "SILENT", "PERMANENT", "RANDOM_TARGET" ],
    "valid_targets": [ "hostile" ],
    "targeted_monster_ids": [ "mon_zombie_mouth", "mon_zombie_bellymouth", "mon_zombie_omouth", "mon_zombie_suctionmouth" ],
    "min_damage": 1,
    "max_damage": 1,
    "min_range": 1,
    "max_range": 1,
    "effect": "spawn_item",
    "effect_str": "secro_flesh_splicer_zombie_mouth_dna"
  },
  {
    "id": "secro_flesh_splicer_zombie_tendril",
    "type": "SPELL",
    "name": "Scan",
    "description": "Spell casted by an item. If you're seeing this, then read this one instead:\n'Item scans the target...'",
    "flags": [ "SILENT", "RANDOM_DAMAGE" ],
    "valid_targets": [ "hostile" ],
    "targeted_monster_ids": [ "mon_zombie_tendrils", "mon_zombie_thicktendrils", "mon_zombie_tendricles", "mon_zombie_tentawraith" ],
    "extra_effects": [ { "id": "secro_flesh_splicer_zombie_tendril_yeah" } ],
    "effect": "target_attack",
    "min_damage": 5,
    "max_damage": 10
  },
  {
    "type": "SPELL",
    "id": "secro_flesh_splicer_zombie_tendril_yeah",
    "name": "Collect",
    "description": "Spell casted by an item. If you're seeing this, then read this one instead:\n'Provides the specific DNA.'",
    "flags": [ "SILENT", "PERMANENT", "RANDOM_TARGET" ],
    "valid_targets": [ "hostile" ],
    "targeted_monster_ids": [ "mon_zombie_tendrils", "mon_zombie_thicktendrils", "mon_zombie_tendricles", "mon_zombie_tentawraith" ],
    "min_damage": 1,
    "max_damage": 1,
    "min_range": 1,
    "max_range": 1,
    "effect": "spawn_item",
    "effect_str": "secro_flesh_splicer_zombie_tendril_dna"
  },
  {
    "id": "secro_flesh_splicer_zombie_titan",
    "type": "SPELL",
    "name": "Scan",
    "description": "Spell casted by an item. If you're seeing this, then read this one instead:\n'Item scans the target...'",
    "flags": [ "SILENT", "RANDOM_DAMAGE" ],
    "valid_targets": [ "hostile" ],
    "targeted_monster_ids": [ "mon_zombie_titan", "mon_zombie_blacktitan" ],
    "extra_effects": [ { "id": "secro_flesh_splicer_zombie_titan_yeah" } ],
    "effect": "target_attack",
    "min_damage": 5,
    "max_damage": 10
  },
  {
    "type": "SPELL",
    "id": "secro_flesh_splicer_zombie_titan_yeah",
    "name": "Collect",
    "description": "Spell casted by an item. If you're seeing this, then read this one instead:\n'Provides the specific DNA.'",
    "flags": [ "SILENT", "PERMANENT", "RANDOM_TARGET" ],
    "valid_targets": [ "hostile" ],
    "targeted_monster_ids": [ "mon_zombie_titan", "mon_zombie_blacktitan" ],
    "min_damage": 1,
    "max_damage": 1,
    "min_range": 1,
    "max_range": 1,
    "effect": "spawn_item",
    "effect_str": "secro_flesh_splicer_zombie_titan_dna"
  },
  {
    "id": "secro_flesh_splicer_zombie_unify",
    "type": "SPELL",
    "name": "Scan",
    "description": "Spell casted by an item. If you're seeing this, then read this one instead:\n'Item scans the target...'",
    "flags": [ "SILENT", "RANDOM_DAMAGE" ],
    "valid_targets": [ "hostile" ],
    "targeted_monster_ids": [ "mon_zombie_unify", "mon_zombie_unity", "mon_zombie_hemo" ],
    "extra_effects": [ { "id": "secro_flesh_splicer_zombie_unify_yeah" } ],
    "effect": "target_attack",
    "min_damage": 5,
    "max_damage": 10
  },
  {
    "type": "SPELL",
    "id": "secro_flesh_splicer_zombie_unify_yeah",
    "name": "Collect",
    "description": "Spell casted by an item. If you're seeing this, then read this one instead:\n'Provides the specific DNA.'",
    "flags": [ "SILENT", "PERMANENT", "RANDOM_TARGET" ],
    "valid_targets": [ "hostile" ],
    "targeted_monster_ids": [ "mon_zombie_unify", "mon_zombie_unity", "mon_zombie_hemo" ],
    "min_damage": 1,
    "max_damage": 1,
    "min_range": 1,
    "max_range": 1,
    "effect": "spawn_item",
    "effect_str": "secro_flesh_splicer_zombie_unify_dna"
  },
  {
    "id": "secro_flesh_transmitter_commands",
    "type": "SPELL",
    "name": "a spell",
    "description": "Target spell casted by an item. If you're seeing this, then read this one instead:\n'Caster locks its line of sight onto the target, then randomly casts one of the Spell(s).'",
    "message": "",
    "flags": [ "SILENT" ],
    "valid_targets": [ "self" ],
    "extra_effects": [
      { "id": "secro_flesh_transmitter_command_follow_item" },
      { "id": "secro_flesh_transmitter_command_followall_item" },
      { "id": "secro_flesh_transmitter_command_attack_item" },
      { "id": "secro_flesh_transmitter_command_attackall_item" }
    ],
    "effect": "projectile_attack",
    "effect_str": "secro_magic_target",
    "min_duration": 1,
    "max_duration": 1
  },
  {
    "type": "SPELL",
    "id": "secro_flesh_transmitter_command_follow_item",
    "name": "Item Command",
    "description": "Spell casted by an item. If you're seeing this, then read this one instead:\n'Provides the item command.'",
    "flags": [ "SILENT" ],
    "valid_targets": [ "self" ],
    "min_damage": 1,
    "max_damage": 1,
    "effect": "spawn_item",
    "effect_str": "secro_flesh_amalgam_transmitter_follow",
    "min_duration": 300,
    "max_duration": 300
  },
  {
    "type": "SPELL",
    "id": "secro_flesh_transmitter_command_follow",
    "name": "Follow",
    "description": "Spell casted by an item. If you're seeing this, then read this one instead:\n'The amalgam starts to follow you .'",
    "message": "The transmitter writhes wildly!",
    "flags": [ "SILENT" ],
    "valid_targets": [ "ally", "hostile" ],
    "targeted_monster_ids": [ "mon_sflesh_hatchery_amalgam" ],
    "min_range": 10,
    "max_range": 10,
    "effect": "target_attack",
    "effect_str": "controlled",
    "min_duration": 100000,
    "max_duration": 100000
  },
  {
    "type": "SPELL",
    "id": "secro_flesh_transmitter_command_followall_item",
    "name": "Item Command",
    "description": "Spell casted by an item. If you're seeing this, then read this one instead:\n'Provides the item command.'",
    "flags": [ "SILENT" ],
    "valid_targets": [ "self" ],
    "min_damage": 1,
    "max_damage": 1,
    "effect": "spawn_item",
    "effect_str": "secro_flesh_amalgam_transmitter_followall",
    "min_duration": 300,
    "max_duration": 300
  },
  {
    "type": "SPELL",
    "id": "secro_flesh_transmitter_command_followall",
    "name": "Follow",
    "description": "Spell casted by an item. If you're seeing this, then read this one instead:\n'All nearby amalgam starts to follow you .'",
    "message": "The transmitter writhes wildly!",
    "flags": [ "SILENT" ],
    "valid_targets": [ "ally", "hostile" ],
    "targeted_monster_ids": [ "mon_sflesh_hatchery_amalgam" ],
    "min_aoe": 10,
    "max_aoe": 10,
    "effect": "target_attack",
    "effect_str": "controlled",
    "min_duration": 100000,
    "max_duration": 100000
  },
  {
    "type": "SPELL",
    "id": "secro_flesh_transmitter_command_attack_item",
    "name": "Item Command",
    "description": "Spell casted by an item. If you're seeing this, then read this one instead:\n'Provides the item command.'",
    "flags": [ "SILENT" ],
    "valid_targets": [ "self" ],
    "min_damage": 1,
    "max_damage": 1,
    "effect": "spawn_item",
    "effect_str": "secro_flesh_amalgam_transmitter_attack",
    "min_duration": 300,
    "max_duration": 300
  },
  {
    "type": "SPELL",
    "id": "secro_flesh_transmitter_command_attack",
    "name": "Attack",
    "description": "Spell casted by an item. If you're seeing this, then read this one instead:\n'The amalgam starts will patrol and attack nearby hostiles .'",
    "message": "The transmitter writhes wildly!",
    "flags": [ "SILENT" ],
    "valid_targets": [ "ally", "hostile" ],
    "targeted_monster_ids": [ "mon_sflesh_hatchery_amalgam" ],
    "min_range": 10,
    "max_range": 10,
    "effect": "target_attack",
    "effect_str": "secro_flesh_transmit_attack",
    "min_duration": 100,
    "max_duration": 100
  },
  {
    "type": "SPELL",
    "id": "secro_flesh_transmitter_command_attackall_item",
    "name": "Item Command",
    "description": "Spell casted by an item. If you're seeing this, then read this one instead:\n'Provides the item command.'",
    "flags": [ "SILENT" ],
    "valid_targets": [ "self" ],
    "min_damage": 1,
    "max_damage": 1,
    "effect": "spawn_item",
    "effect_str": "secro_flesh_amalgam_transmitter_attackall",
    "min_duration": 300,
    "max_duration": 300
  },
  {
    "type": "SPELL",
    "id": "secro_flesh_transmitter_command_attackall",
    "name": "Attack",
    "description": "Spell casted by an item. If you're seeing this, then read this one instead:\n'All nearby amalgam starts to attack hostiles .'",
    "message": "The transmitter writhes wildly!",
    "flags": [ "SILENT" ],
    "valid_targets": [ "ally", "hostile" ],
    "targeted_monster_ids": [ "mon_sflesh_hatchery_amalgam" ],
    "min_aoe": 10,
    "max_aoe": 10,
    "effect": "target_attack",
    "effect_str": "secro_flesh_transmit_attack",
    "min_duration": 100,
    "max_duration": 100
  },
  {
    "id": "secro_flesh_mod_tendril_ench_sweep",
    "type": "SPELL",
    "name": "Sweep",
    "description": "Spell casted by an item. If you're seeing this, then read this one instead:\n'The modded weapon unleashes several tendrils, swinging wildly into the vicinity that deals bashing damage.'",
    "message": "",
    "flags": [ "SILENT", "RANDOM_DAMAGE", "RANDOM_TARGET" ],
    "valid_targets": [ "hostile", "ground" ],
    "effect": "cone_attack",
    "min_damage": 6,
    "max_damage": 12,
    "min_aoe": 15,
    "max_aoe": 30,
    "min_range": 2,
    "max_range": 2,
    "damage_type": "bash"
  },
  {
    "id": "secro_flesh_mod_tendril_ench_target",
    "type": "SPELL",
    "name": "a spell",
    "description": "Target spell casted by an item. If you're seeing this, then read this one instead:\n'Caster locks its line of sight onto the target, then randomly casts one of the Spell(s).'",
    "message": "",
    "flags": [ "SILENT", "WONDER" ],
    "valid_targets": [ "hostile" ],
    "extra_effects": [
      { "id": "secro_flesh_mod_tendril_ench_sweep" }
    ],
    "effect": "projectile_attack",
    "min_damage": 2,
    "max_damage": 3,
    "min_range": 2,
    "max_range": 2
  },
  {
    "id": "secro_flesh_mod_tendril_ench_slam",
    "type": "SPELL",
    "name": "Slam",
    "description": "Spell casted by an item. If you're seeing this, then read this one instead:\n'The modded weapon's tendrils compresses, then slams into the target, dealing bashing damage and applying stun.'",
    "message": "",
    "flags": [ "SILENT", "RANDOM_DAMAGE" ],
    "valid_targets": [ "hostile" ],
    "effect": "projectile_attack",
    "min_damage": 8,
    "max_damage": 16,
    "min_range": 1,
    "max_range": 1,
    "damage_type": "bash",
    "effect_str": "stunned",
    "min_duration": 125,
    "max_duration": 125
  },
  {
    "id": "secro_flesh_mod_tendril_ench_thrust",
    "type": "SPELL",
    "name": "Thrust",
    "description": "Spell casted by an item. If you're seeing this, then read this one instead:\n'The modded weapon's tendrils thrust at the target, dealing stabbing damage and applying stun.'",
    "message": "",
    "flags": [ "SILENT", "RANDOM_DAMAGE" ],
    "valid_targets": [ "hostile" ],
    "effect": "projectile_attack",
    "min_damage": 10,
    "max_damage": 20,
    "min_range": 1,
    "max_range": 1,
    "damage_type": "stab",
    "effect_str": "stunned",
    "min_duration": 300,
    "max_duration": 300
  },
  {
    "id": "secro_power_armor_module_electric_act_shockdischarge",
    "type": "SPELL",
    "name": "Electric Discharge",
    "description": "Spell casted by an item. If you're seeing this, then read this one instead:\n'User's power gloves generate a high current electricity on impact, dealing small electric damage and zaps them of their tracks.'",
    "message": "",
    "flags": [ "SILENT", "RANDOM_DAMAGE" ],
    "valid_targets": [ "hostile" ],
    "effect": "target_attack",
    "effect_str": "zapped",
    "min_damage": 2,
    "max_damage": 5,
    "min_range": 1,
    "max_range": 1,
    "damage_type": "electric",
    "min_duration": 100,
    "max_duration": 100
  },
  {
    "id": "secro_power_armor_module_electric_act_highshockdischarge",
    "type": "SPELL",
    "name": "Overcharged Shock",
    "description": "Spell casted by an item. If you're seeing this, then read this one instead:\n'User's power gloves generate an extremely high-powered electric current, randomly arching through the vicinity that deals electric damage and zaps affected targets.'",
    "message": "",
    "flags": [ "SILENT", "RANDOM_DAMAGE", "RANDOM_TARGET" ],
    "valid_targets": [ "hostile", "ground" ],
    "effect": "line_attack",
    "effect_str": "zapped",
    "min_damage": 5,
    "max_damage": 10,
    "min_range": 3,
    "max_range": 3,
    "damage_type": "electric",
    "min_duration": 25,
    "max_duration": 25,
    "min_aoe": 2,
    "max_aoe": 2,
    "field_id": "fd_electricity",
    "min_field_intensity": 2,
    "max_field_intensity": 2
  },
  {
    "type": "SPELL",
    "id": "secro_power_armor_module_electric_act_random",
    "name": "a spell",
    "description": "Target spell casted by an item. If you're seeing this, then read this one instead:\n'Caster locks its line of sight onto the target, then randomly casts one of the Spell(s).'",
    "message": "",
    "extra_effects": [ { "id": "secro_power_armor_module_electric_act_highshockdischarge" } ],
    "flags": [ "SILENT", "WONDER", "RANDOM_DAMAGE" ],
    "valid_targets": [ "hostile" ],
    "effect": "target_attack",
    "effect_str": "secro_magic_target",
    "energy_source": "BIONIC",
    "base_energy_cost": 10,
    "min_damage": 5,
    "max_damage": 10,
    "min_range": 3,
    "max_range": 3,
    "min_duration": 1,
    "max_duration": 1
  },
  {
    "id": "secro_power_armor_module_pulsar_act_pulse",
    "type": "SPELL",
    "name": "Pulse",
    "description": "Spell casted by an item. If you're seeing this, then read this one instead:\n'User's shockwave generators create a shockwave pulse.'",
    "message": "",
    "effect": "area_push",
    "effect_filter": [ "hostile" ],
    "flags": [ "SILENT" ],
    "valid_targets": [ "self" ],
    "min_aoe": 2,
    "max_aoe": 2
  }
]
