[
  {
    "id": "secro_flesh_splicer",
    "type": "TOOL",
    "name": { "str": "bio-organic splicer" },
    "description": "A disk-shaped bio-organic device used in DNA extraction suitable on living (or undead) subjects.",
    "weight": "1330 g",
    "volume": "640 ml",
    "price": 100,
    "to_hit": -3,
    "material": [ "flesh", "bone" ],
    "symbol": ":",
    "color": "light_red",
    "ammo": "secro_flesh",
    "charges_per_use": 1,
    "use_action": { "type": "cast_spell", "spell_id": "secro_flesh_splicer_target", "no_fail": true, "level": 0 },
    "flags": [ "NONCONDUCTIVE" ],
    "max_charges": 10
  },
  {
    "type": "GENERIC",
    "id": "secro_flesh_splicer_zombie_blade_dna",
    "category": "secro_dna",
    "material": "flesh",
    "symbol": "◦",
    "color": "light_red",
    "name": { "str": "<color_red>spliced DNA</color> (blade zombie)", "str_pl": "<color_red>spliced DNAs</color> (blade zombie)" },
    "description": "A chunk of flesh infused with the genetic structure of a blade zombie.",
    "price": 10,
    "price_postapoc": 20,
    "weight": "200 g",
    "volume": "40 ml"
  },
  {
    "type": "GENERIC",
    "id": "secro_flesh_splicer_zombie_WALKINGPOTATO_dna",
    "category": "secro_dna",
    "material": "flesh",
    "symbol": "◦",
    "color": "light_red",
    "name": { "str": "<color_red>spliced DNA</color> (lying body)", "str_pl": "<color_red>spliced DNAs</color> (lying body)" },
    "description": "A chunk of flesh infused with the genetic structure of a lying body.",
    "price": 10,
    "price_postapoc": 20,
    "weight": "200 g",
    "volume": "40 ml"
  },
  {
    "type": "GENERIC",
    "id": "secro_flesh_splicer_zombie_mouth_dna",
    "category": "secro_dna",
    "material": "flesh",
    "symbol": "◦",
    "color": "light_red",
    "name": {
      "str": "<color_red>spliced DNA</color> (mouthswell zombie)",
      "str_pl": "<color_red>spliced DNAs</color> (mouthswell zombie)"
    },
    "description": "A chunk of flesh infused with the genetic structure of a mouthswell zombie.",
    "price": 10,
    "price_postapoc": 20,
    "weight": "200 g",
    "volume": "40 ml"
  },
  {
    "type": "GENERIC",
    "id": "secro_flesh_splicer_zombie_tendril_dna",
    "category": "secro_dna",
    "material": "flesh",
    "symbol": "◦",
    "color": "light_red",
    "name": {
      "str": "<color_red>spliced DNA</color> (tendril zombie)",
      "str_pl": "<color_red>spliced DNAs</color> (tendril zombie)"
    },
    "description": "A chunk of flesh infused with the genetic structure of a tendril zombie.",
    "price": 10,
    "price_postapoc": 20,
    "weight": "200 g",
    "volume": "40 ml"
  },
  {
    "type": "GENERIC",
    "id": "secro_flesh_splicer_zombie_titan_dna",
    "category": "secro_dna",
    "material": "flesh",
    "symbol": "◦",
    "color": "light_red",
    "name": { "str": "<color_red>spliced DNA</color> (titan)", "str_pl": "<color_red>spliced DNAs</color> (titan)" },
    "description": "A chunk of flesh infused with the genetic structure of a titan.",
    "price": 10,
    "price_postapoc": 20,
    "weight": "200 g",
    "volume": "40 ml"
  },
  {
    "type": "GENERIC",
    "id": "secro_flesh_splicer_zombie_unify_dna",
    "category": "secro_dna",
    "material": "flesh",
    "symbol": "◦",
    "color": "light_red",
    "name": {
      "str": "<color_red>spliced DNA</color> (unifier zombie)",
      "str_pl": "<color_red>spliced DNAs</color> (unifier zombie)"
    },
    "description": "A chunk of flesh infused with the genetic structure of a titan.",
    "price": 10,
    "price_postapoc": 20,
    "weight": "200 g",
    "volume": "40 ml"
  },
  {
    "type": "GENERIC",
    "id": "secro_flesh_splicer_zombie_blade_ccore",
    "category": "secro_ccore",
    "material": "flesh",
    "symbol": "◉",
    "color": "light_green",
    "name": { "str": "<color_light_green>core</color> (blade zombie)", "str_pl": "<color_light_green>cores</color> (blade zombie)" },
    "description": "A heavily compressed flesh of a blade zombie. Contains a potent DNA suitable for replication.",
    "price": 30,
    "price_postapoc": 50,
    "weight": "370 g",
    "volume": "120 ml"
  },
  {
    "type": "GENERIC",
    "id": "secro_flesh_splicer_zombie_WALKINGPOTATO_ccore",
    "category": "secro_ccore",
    "material": "flesh",
    "symbol": "◉",
    "color": "light_green",
    "name": { "str": "<color_light_green>core</color> (lying body)", "str_pl": "<color_light_green>cores</color> (lying body)" },
    "description": "A heavily compressed flesh of a lying body. Contains a potent DNA suitable for replication.",
    "price": 30,
    "price_postapoc": 50,
    "weight": "370 g",
    "volume": "120 ml"
  },
  {
    "type": "GENERIC",
    "id": "secro_flesh_splicer_zombie_mouth_ccore",
    "category": "secro_ccore",
    "material": "flesh",
    "symbol": "◉",
    "color": "light_green",
    "name": {
      "str": "<color_light_green>core</color> (mouthswell zombie)",
      "str_pl": "<color_light_green>cores</color> (mouthswell zombie)"
    },
    "description": "A heavily compressed flesh of a mouthswell zombie. Contains a potent DNA suitable for replication.",
    "price": 30,
    "price_postapoc": 50,
    "weight": "370 g",
    "volume": "120 ml"
  },
  {
    "type": "GENERIC",
    "id": "secro_flesh_splicer_zombie_tendril_ccore",
    "category": "secro_ccore",
    "material": "flesh",
    "symbol": "◉",
    "color": "light_green",
    "name": {
      "str": "<color_light_green>core</color> (tendril zombie)",
      "str_pl": "<color_light_green>cores</color> (tendril zombie)"
    },
    "description": "A heavily compressed flesh of a tendril zombie. Contains a potent DNA suitable for replication.",
    "price": 30,
    "price_postapoc": 50,
    "weight": "370 g",
    "volume": "120 ml"
  },
  {
    "type": "GENERIC",
    "id": "secro_flesh_splicer_zombie_titan_ccore",
    "category": "secro_ccore",
    "material": "flesh",
    "symbol": "◉",
    "color": "light_green",
    "name": { "str": "<color_light_green>core</color> (titan)", "str_pl": "<color_light_green>cores</color> (titan)" },
    "description": "A heavily compressed flesh of a titan. Contains a potent DNA suitable for replication.",
    "price": 30,
    "price_postapoc": 50,
    "weight": "370 g",
    "volume": "120 ml"
  },
  {
    "type": "GENERIC",
    "id": "secro_flesh_splicer_zombie_unify_ccore",
    "category": "secro_ccore",
    "material": "flesh",
    "symbol": "◉",
    "color": "light_green",
    "name": {
      "str": "<color_light_green>core</color> (unifier zombie)",
      "str_pl": "<color_light_green>cores</color> (unifier zombie)"
    },
    "description": "A heavily compressed flesh of a unifier zombie. Contains a potent DNA suitable for replication.",
    "price": 30,
    "price_postapoc": 50,
    "weight": "370 g",
    "volume": "120 ml"
  }
]
