[{
        "id": "laser_rifle_secro",
        "copy-from": "laser_rifle",
        "type": "GUN",
        "reload_noise_volume": 10,
        "name": "SS laser rifle",
        "description": "Thought it was known inferior to other laser rifles, SS laser rifle displays efficiency in barraging shots for cheap UPS charges, along with reduced weight and volume.",
        "weight": 520,
        "volume": 3,
        "price": 710000,
        "to_hit": -2,
        "bashing": 5,
        "material": ["steel", "plastic"],
        "symbol": "(",
        "color": "magenta",
        "skill": "rifle",
        "range": 40,
        "ranged_damage": { "damage_type": "stab", "amount": 7, "armor_penetration": 13 },
        "dispersion": 185,
        "durability": 6,
        "loudness": 7,
        "sight_dispersion": 200,
        "ups_charges": 9,
        "reload": 200,
        "valid_mod_locations": [
            ["accessories", 4],
            ["emitter", 1],
            ["grip", 1],
            ["lens", 1],
            ["rail", 1],
            ["sights", 1],
            ["stock", 1],
            ["underbarrel", 1]
        ],
        "ammo_effects": ["LASER", "INCENDIARY"],
        "flags": ["NEVER_JAMS", "NO_UNLOAD"]
    }, {
        "note": "VERY WIP, CURRENTLY UNOBTAINABLE. NEEDS MORE IDEAL FIXING BEFORE USE, ESP. ITS AMMO.",
        "id": "SS_grenade_launcher",
        "type": "GUN",
        "name": "SS grenade launcher",
        "description": "A simple grenade launcher for the use of exceptional SS grenades.",
        "weight": 2654,
        "volume": 6,
        "price": 522000,
        "to_hit": -1,
        "bashing": 12,
        "material": ["steel"],
        "symbol": ")",
        "color": "light_red",
        "ammo": "SSgrenade",
        "skill": "launcher",
        "range": 30,
        "dispersion": 40,
        "sight_dispersion": 45,
        "recoil": 35,
        "durability": 8,
        "clip_size": 5,
        "reload": 500,
        "valid_mod_locations": [["accessories", 1]],
        "ammo_effects": ["DRAW_AS_LINE", "NO_EMBED"],
        "flags": ["NEVER_JAMS", "RELOAD_ONE"]
    },
    {
        "id": "cheytac",
        "copy-from": "rifle_base",
        "type": "GUN",
        "name": "CheyTac M200",
        "name_plural": "CheyTac M200",
        "description": "A large, high precision anti-personnel sniper rifle.  Its large size, recoil, and noise is offset by its damage and range.",
        "weight": 12878,
        "volume": 14,
        "price": 1266500,
        "to_hit": -1,
        "bashing": 12,
        "material": "steel",
        "ammo": "50",
        "range": 50,
        "ranged_damage": { "damage_type": "stab", "amount": -15 },
        "note": "A weaker version of Barrett.",
        "dispersion": 92,
        "durability": 8,
        "barrel_length": 5,
        "default_mods": ["bipod", "rifle_scope"],
        "magazine_well": 1,
        "magazines": [["50", ["cheytacmag"]]],
        "flags": ["NEVER_JAMS"]
    }, {
        "id": "cheytacmag",
        "type": "MAGAZINE",
        "name": "CheyTac magazine",
        "description": "Standard 7-round box magazine for a CheyTac M200 sniper rifle.",
        "weight": 727,
        "volume": 2,
        "price": 10000,
        "material": "steel",
        "symbol": "#",
        "color": "light_gray",
        "looks_like": "8x40_50_mag",
        "ammo_type": "50",
        "capacity": 7,
        "reliability": 9,
        "reload_time": 130,
        "flags": ["MAG_BULKY"]
    }, {
        "id": "hecate",
        "copy-from": "rifle_base",
        "type": "GUN",
        "name": "Hecate II",
        "name_plural": "Hecate II",
        "description": "A large and heavy anti-material sniper rifle. Its large size, recoil, and noise is offset by its damage and range.",
        "weight": 13807,
        "volume": 16,
        "price": 790900,
        "note": "IDK how this gun became cheap on the market. Its effing powerful, so WTF PPL!",
        "to_hit": -1,
        "bashing": 12,
        "material": "steel",
        "ammo": "50",
        "range": 50,
        "ranged_damage": { "damage_type": "stab", "amount": 0 },
        "dispersion": 80,
        "durability": 8,
        "barrel_length": 6,
        "default_mods": ["bipod", "hecate_muzzle_brake", "rifle_scope"],
        "magazine_well": 1,
        "magazines": [["50", ["hecatemag"]]],
        "flags": ["NEVER_JAMS"]
    }, {
        "id": "hecate_muzzle_brake",
        "type": "GUNMOD",
        "name": "Hecate II muzzle brake",
        "description": "A box-shaped muzzle brake distinct to Hecate II sniper rifle. It greatly reduces perceived recoil, but increases both bulk and generated noise.",
        "weight": 420,
        "volume": 1,
        "price": 84000,
        "material": ["steel"],
        "symbol": ":",
        "color": "light_gray",
        "location": "muzzle",
        "mod_targets": ["rifle", "shotgun"],
        "dispersion_modifier": 10,
        "handling_modifier": 5,
        "loudness_modifier": 15,
        "min_skills": [["weapon", 2]]
    }, {
        "id": "hecatemag",
        "type": "MAGAZINE",
        "name": "Hecate II magazine",
        "description": "Standard 7-round box magazine for a Hecate II sniper rifle.",
        "weight": 727,
        "volume": 2,
        "price": 10000,
        "material": "steel",
        "symbol": "#",
        "color": "light_gray",
        "looks_like": "8x40_50_mag",
        "ammo_type": "50",
        "capacity": 7,
        "reliability": 9,
        "reload_time": 130,
        "flags": ["MAG_BULKY"]
    }, {
        "id": "kacc",
        "copy-from": "rifle_auto",
        "type": "GUN",
        "name": "KAC ChainSAW",
        "description": "The KAC ChainSAW is a light weight machine gun designed to be fired from the hip. It is named before the chainsaw, as if the user is actually wielding an actual chainsaw.",
        "weight": 4586,
        "note": "IDK if they're joking with this -_-.",
        "volume": 10,
        "price": 1467520,
        "to_hit": -1,
        "bashing": 10,
        "material": ["steel", "plastic"],
        "symbol": "(",
        "color": "dark_gray",
        "ammo": "223",
        "dispersion": 215,
        "durability": 8,
        "reload": 420,
        "ranged_damage": { "damage_type": "stab", "amount": 2 },
        "modes": [["DEFAULT", "auto", 50]],
        "valid_mod_locations": [["accessories", 4]],
        "magazines": [
            ["223", ["belt223"]],
            ["308", ["belt308"]]
        ]
    }, {
        "id": "psg1",
        "copy-from": "rifle_semi",
        "type": "GUN",
        "name": "PSG-1",
        "name_plural": "PSG-1",
        "description": "The PSG-1 is popular for its performance towards long range acquisition and was commonly used in counter-terrorism for police forces.",
        "weight": 7420,
        "volume": 10,
        "price": 1388500,
        "to_hit": -1,
        "bashing": 10,
        "material": ["steel", "wood"],
        "symbol": "(",
        "color": "light_gray",
        "ammo": "223",
        "range": 40,
        "ranged_damage": { "damage_type": "stab", "amount": 8 },
        "dispersion": 85,
        "durability": 8,
        "barrel_length": 2,
        "valid_mod_locations": [["accessories", 4], ["barrel", 1], ["bore", 1], ["mechanism", 4], ["muzzle", 1], ["sights", 1]],
        "magazines": [
            ["223", ["stanag30", "stanag10", "stanag50", "survivor223mag"]]
        ],
        "note": "Since its magazine is similar to stanags, we'd use them too. As a sniper rifle, it can also use drum magazines!"
    }, {
        "id": "walther2000",
        "copy-from": "rifle_base",
        "type": "GUN",
        "name": "Walther 2000",
        "name_plural": "Walther 2000",
        "description": "A semi-automatic bullpup sniper rifle. The usage of .300 winchester magnum made it particularly accurate in extreme distances. Its rarity in the market was crazed by gun nuts as collectibles.",
        "weight": 6962,
        "volume": 10,
        "price": 1829000,
        "note": "The price was actually a wooping 75,000$. IDK if that's true, but lets bend the rules of money here -_-.",
        "to_hit": -1,
        "bashing": 12,
        "material": "steel",
        "ammo": "300",
        "range": 50,
        "ranged_damage": { "damage_type": "stab", "amount": 10 },
        "dispersion": 80,
        "durability": 8,
        "barrel_length": 4,
        "default_mods": ["bipod", "rifle_scope"],
        "magazine_well": 1,
        "magazines": [["300", ["walther2000mag"]]],
        "flags": ["NEVER_JAMS"]
    }, {
        "id": "walther2000mag",
        "type": "MAGAZINE",
        "name": "Walther 2000 magazine",
        "description": "Standard 6-round box magazine for a Walther 2000 sniper rifle.",
        "weight": 727,
        "volume": 2,
        "price": 10000,
        "material": "steel",
        "symbol": "#",
        "color": "light_gray",
        "looks_like": "8x40_50_mag",
        "ammo_type": "300",
        "capacity": 7,
        "reliability": 9,
        "reload_time": 130,
        "flags": ["MAG_BULKY"]
    }, {
        "note": "Also a hip-fired weapon, but with barrel-rotation.",
        "id": "xm556",
        "copy-from": "rifle_auto",
        "type": "GUN",
        "name": "XM556",
        "description": "The XM556 Microgun is a light-weight machine gun designed to be fired from the hip. It uses a large sum of UPS to function, if so, its electrically-driven gatling system barrages a vast amount of projectile at a glance.",
        "weight": 6240,
        "volume": 10,
        "price": 2144000,
        "to_hit": -1,
        "bashing": 12,
        "ups_charges": 120,
        "material": ["steel"],
        "symbol": "(",
        "color": "dark_gray",
        "ammo": "223",
        "dispersion": 200,
        "durability": 8,
        "reload": 400,
        "modes": [["DEFAULT", "auto", 80]],
        "built_in_mods": ["bipod"],
        "valid_mod_locations": [["accessories", 4]],
        "magazines": [
            ["223", ["belt223"]],
            ["308", ["belt308"]]
        ]
    }, {
        "id": "xm8",
        "copy-from": "rifle_auto",
        "type": "GUN",
        "name": "XM8",
        "description": "A lightweight assault rifle, with shared similarities to the G36 rifle. It is known accurate and modifiable, but requires sustained attention to prevent malfunctions.",
        "weight": 3560,
        "volume": 7,
        "price": 197000,
        "to_hit": -1,
        "bashing": 12,
        "material": ["steel", "plastic"],
        "symbol": "(",
        "color": "dark_gray",
        "ammo": "223",
        "ranged_damage": { "damage_type": "stab", "amount": 0 },
        "dispersion": 170,
        "durability": 6,
        "burst": 10,
        "magazines": [
            ["223", ["stanag30", "stanag10", "stanag50", "survivor223mag"]],
            ["308", ["g3mag", "g3bigmag"]]
        ]
    },
	{
	    "id": "zx1sniper",
		"copy-from": "rifle_base",
		"type": "GUN",
		"name": "ZX-1 Sniper Rifle",
		"skill": "rifle",
		"description": "Anti-material sniper rifle, designed for anti-personnel against armored terrorist. capable of piercing even the most thickest metal of armor, this weapon will surely put zombies down to bits, although it requires the user to reload the bullet one by one as it doesn't have magazine system like others.",
		"weight": 4550,
		"volume": 8,
		"price": 455000,
		"to_hit": -1,
		"bashing": 11,
		"material": "steel",
		"symbol": "(",
		"color": "dark_gray",
		"ammo": "50",
		"range": 60,
		"ranged_damage": { "damage_type": "stab", "amount": 90 },
		"dispersion": 180,
		"durability": 8,
		"clip_size": 3,
		"reload": 100,
		"default_mods": [ "rifle_scope" ],
		"flags": [ "NEVER_JAMS", "RELOAD_ONE" ]
	},
	{
	    "id": "lmilaser",
		"type": "GUN",
		"name": "LMI Laser Rifle",
		"skill": "rifle",
		"description": "Sleek, futuristic laser rifle, the LMI stands for Living Matter Incinerator, and as the name suggest, capable of delivering superheated laser energy towards zombies and humans. the only warning this weapon has is to not aim it at your eyes.",
		"weight": 3800,
		"volume": 7,
		"price": 395000,
		"to-hit": -1,
		"bashing": 11,
		"material": [ "steel", "plastic" ],
		"symbol": "(",
		"color": "yellow",
		"range": 40,
		"ranged_damage": { "damage_type": "stab", "amount": 35, "armor_penetration": 15 },
		"dispersion": 20,
		"durability": 9,
		"modes": [ [ "SINGLE", "semi-auto", 1 ], [ "BURST", "auto", 3 ] ],
		"loudness": 20,
		"ups_charges": 20,
		"reload": 100,
		"valid_mod_locations": [ 
		[ "emitter", 1 ],
        [ "grip", 1 ],
        [ "rail", 1 ],
        [ "sights", 1 ],
		[ "stock", 1 ]
		],
		"ammo_effects": [ "PLASMA", "INCENDIARY" ],
		"flags": [ "NEVER_JAMS", "NO_UNLOAD", "NON-FOULING", "NEEDS_NO_LUBE" ]
	}
]
