{
    "note": "All of these turrets uses their health as ammunition.",
    "id": "mon_secro_laserturret_mod",
    "type": "MONSTER",
    "name": { "str": "laser beam turret" },
    "description": "SDP-L1, also known as Secronom Defense Project Type \"Laser\", is an advanced laser turret based from the miniature TX-5LR Cerberus. Its autonomous laser cannon fires a concentrated beam of pure heat that pierces through targets. It uses a modified storage battery that allows the turret to operate on its own.",
    "default_faction": "secro_defense_bot",
    "species": [ "ROBOT" ],
    "diff": 20,
    "volume": "60000 ml",
    "weight": "172 kg",
    "hp": 30,
    "speed": 100,
    "material": [ "steel" ],
    "symbol": "2",
    "color": "light_red",
    "aggression": 100,
    "morale": 100,
    "armor_bash": 10,
    "armor_cut": 10,
    "armor_stab": 10,
    "luminance": 5,
    "vision_day": 15,
    "vision_night": 5,
    "revert_to_itype": "bot_secro_laserturret_mod",
    "special_attacks": [
      {
        "type": "spell",
        "spell_data": { "id": "mon_secro_laserturret_mod_heatray" },
        "cooldown": 5,
        "monster_message": "<color_yellow>%1$s shoots a ray of heat at %3$s!</color>"
      }
    ],
    "death_drops": {  },
    "death_function": [ "BROKEN" ],
    "flags": [ "SEES", "NOHEAD", "ELECTRIC", "ELECTRONIC", "COLDPROOF", "IMMOBILE", "NO_BREATHE" ]
  }