[
  {
    "type": "item_group",
    "subtype": "collection",
    "id": "secrodrag_drops",
    "note": "drops implanted weapons, as well as some ammunition too.",
    "entries": [
      { "item": "laser_rifle_secro", "prob": 70 },
      { "item": "m240", "prob": 50 },
      { "item": "308", "prob": 100, "count": [ 2, 4 ] }
    ]
  },
  {
    "id": "mon_secrodragon_sleep",
    "type": "MONSTER",
    "name": "secronom dragon",
    "description": "An inactive cyber dragon, caged in an indestructible tube filled with greenish liquid. Its chainlocked mouth growls, whilst constant beeping noise underneath it is barely heard.",
    "default_faction": "bot",
    "species": [ "SECRODRAG" ],
    "harvest": "secrodragon_harvest",
    "volume": "1300 L",
    "weight": 463000,
    "hp": 2325,
    "speed": 0,
    "material": [ "steel", "flesh" ],
    "symbol": "☬",
    "color": "white",
    "aggression": 50,
    "morale": 50,
    "melee_skill": 0,
    "melee_dice": 0,
    "melee_dice_sides": 0,
    "melee_cut": 0,
    "armor_cut": 999,
    "armor_bash": 999,
    "armor_stab": 999,
    "armor_acid": 999,
    "armor_fire": 999,
    "vision_day": 0,
    "starting_ammo": { "308": 400 },
    "path_settings": { "max_dist": 20 },
    "death_drops": { "groups": [ [ "robots", 100 ], [ "secrodrag_drops", 80 ] ] },
    "death_function": [ "NORMAL" ],
    "upgrades": { "half_life": 22, "into": "mon_secrodragon_woke" },
    "note": "Might wake up in approximately 1 year.",
    "flags": [ "IMMOBILE", "WARM", "POISON", "NO_BREATHE", "BONES", "ELECTRIC", "FIREPROOF" ]
  },
  {
    "id": "mon_secrodragon_woke",
    "type": "MONSTER",
    "name": "secronom dragon",
    "description": "This massively armored reptilian has its own purpose: ERADICATION.\nIt's the product of technological advancements using mere bionics, altogether with vast weaponry installations to form the \"SAVIOR\".",
    "default_faction": "bot",
    "species": [ "SECRODRAG" ],
    "harvest": "secrodragon_harvest",
    "volume": "1300 L",
    "weight": 463000,
    "hp": 2325,
    "speed": 60,
    "material": [ "steel", "flesh" ],
    "emit_fields": [ "emit_down_immunity" ],
    "symbol": "☬",
    "color": "white_red",
    "aggression": 100,
    "morale": 100,
    "melee_skill": 10,
    "melee_dice": 6,
    "melee_dice_sides": 10,
    "melee_cut": 6,
    "armor_cut": 44,
    "armor_bash": 38,
    "armor_stab": 40,
    "armor_acid": 100,
    "armor_fire": 100,
    "vision_day": 50,
    "starting_ammo": { "308": 400 },
    "path_settings": { "max_dist": 20 },
    "special_attacks": [
      [ "SMASH", 42 ],
      [ "secrodragon_SSLRatk", 2 ],
      [ "secrodragon_M240atk", 5 ],
      [ "secrodragon_SSGLatk", 15 ],
      [ "secrodragon_pershieldatk", 10 ],
      {
        "type": "spell",
        "spell_data": { "id": "mon_secrodragon_target_random" },
        "cooldown": 25,
        "monster_message": "<color_yellow>%1$s growls...</color>"
      }
    ],
    "death_drops": { "groups": [ [ "robots", 100 ], [ "secrodrag_drops", 80 ] ] },
    "death_function": [ "NORMAL" ],
    "flags": [
      "SEES",
      "HEARS",
      "SMELLS",
      "STUN_IMMUNE",
      "FLIES",
      "WARM",
      "DESTROYS",
      "POISON",
      "NO_BREATHE",
      "BONES",
      "FAT",
      "ELECTRIC"
    ],
    "note": "IT IS NOT YOUR FAMILY-FRIENDLY ROBOT. HACKING UNAVAILABLE."
  }
]
