[
  {
    "id": "mon_bot_secroinforcer",
    "type": "MONSTER",
    "name": "reinforcer bot",
    "description": "A large, disk shaped hovering bot. It has various combat robots in its internal space, periodically activating and deploying them into the fields.",
    "default_faction": "bot",
    "species": [ "ROBOT" ],
    "volume": "92500 ml",
    "weight": 120000,
    "hp": 135,
    "speed": 45,
    "material": [ "steel" ],
    "harvest": "exempt",
    "symbol": "O",
    "color": "white",
    "aggression": 5,
    "morale": 0,
    "melee_skill": 0,
    "melee_dice": 0,
    "melee_dice_sides": 0,
    "melee_cut": 0,
    "armor_cut": 24,
    "armor_bash": 18,
    "armor_stab": 24,
    "armor_acid": 20,
    "armor_fire": 20,
    "vision_day": 50,
    "starting_ammo": { "bot_secroshocker": 15, "bot_secroriflewalker": 10, "bot_secrolauncher": 3 },
    "path_settings": { "max_dist": 20 },
    "special_attacks": [ [ "GRENADIER_ELITE", 20 ], [ "SUICIDE", 750 ] ],
    "note": "SHOULD DIE IN AMMO DEPLETION",
    "death_drops": "robots",
    "death_function": [ "EXPLODE", "DISINTEGRATE" ],
    "flags": [ "POISON", "NO_BREATHE", "FLIES", "NOHEAD", "FIREPROOF", "INTERIOR_AMMO", "SEES", "ELECTRIC", "PATH_AVOID_DANGER_1" ]
  },
  {
    "id": "mon_bot_secroshocker",
    "type": "MONSTER",
    "name": "shocker bot",
    "description": "A gyrocoptic ball, enveloped in crackling visual electrical discharges attached with sawblades beneath its metallic body.",
    "default_faction": "bot",
    "species": [ "ROBOT" ],
    "volume": "30000 ml",
    "weight": 40750,
    "emit_fields": [ "emit_shockerbot_crakle" ],
    "hp": 35,
    "speed": 105,
    "material": [ "steel" ],
    "symbol": "o",
    "harvest": "exempt",
    "color": "white",
    "aggression": 100,
    "morale": 100,
    "melee_damage": [ { "damage_type": "electric", "amount": 4 }, { "damage_type": "cut", "amount": 8 } ],
    "special_when_hit": [ "ZAPBACK", 30 ],
    "melee_skill": 2,
    "melee_dice": 2,
    "melee_dice_sides": 2,
    "melee_cut": 4,
    "armor_cut": 5,
    "armor_bash": 3,
    "armor_stab": 5,
    "armor_acid": 8,
    "armor_fire": 10,
    "luminance": 2,
    "vision_day": 50,
    "path_settings": { "max_dist": 15 },
    "death_drops": "robots",
    "death_function": [ "EXPLODE", "DISINTEGRATE" ],
    "flags": [ "POISON", "NO_BREATHE", "FLIES", "NOHEAD", "FIREPROOF", "SEES", "ELECTRIC", "ELECTRONIC", "PATH_AVOID_DANGER_1" ]
  },
  {
    "id": "mon_bot_secroriflewalker",
    "type": "MONSTER",
    "name": "walker bot",
    "description": "A four legged, riot suppressing bot with an automated M4A1 rifle mounted as its head. Its feet are tipped with tazers for close combat and/or subduing targets.",
    "default_faction": "bot",
    "species": [ "ROBOT" ],
    "volume": "30000 ml",
    "weight": 40750,
    "hp": 45,
    "speed": 100,
    "material": [ "steel" ],
    "symbol": "x",
    "color": "white",
    "aggression": 100,
    "harvest": "exempt",
    "morale": 100,
    "melee_skill": 2,
    "melee_dice": 1,
    "melee_dice_sides": 2,
    "melee_cut": 2,
    "armor_cut": 2,
    "armor_bash": 2,
    "armor_stab": 3,
    "armor_acid": 8,
    "armor_fire": 10,
    "vision_day": 50,
    "path_settings": { "max_dist": 15 },
    "starting_ammo": { "556": 70 },
    "special_attacks": [
      [ "TAZER", 8 ],
      {
        "type": "gun",
        "cooldown": 1,
        "move_cost": 100,
        "gun_type": "m4a1",
        "ammo_type": "556",
        "fake_skills": [ [ "gun", 3 ] ],
        "fake_str": 13,
        "fake_dex": 13,
        "fake_per": 18,
        "max_ammo": 1000,
        "ranges": [ [ 7, 16, "DEFAULT" ] ],
        "targeting_cost": 200,
        "targeting_sound": "The walker bot takes aim!",
        "targeting_volume": 25,
        "description": "The walker bot fires its M4A1!",
        "no_ammo_sound": "Click."
      }
    ],
    "death_drops": "robots",
    "death_function": [ "EXPLODE", "DISINTEGRATE" ],
    "flags": [ "POISON", "NO_BREATHE", "NOHEAD", "FIREPROOF", "SEES", "ELECTRIC", "ELECTRONIC", "PATH_AVOID_DANGER_1" ]
  },
  {
    "id": "mon_bot_secrolauncher",
    "type": "MONSTER",
    "name": "launcher bot",
    "description": "An automated missile deploying helidrone. It launches a homing missile from its hatch, activating them upon release.",
    "default_faction": "bot",
    "species": [ "ROBOT" ],
    "volume": "30000 ml",
    "weight": 40750,
    "hp": 50,
    "speed": 90,
    "material": [ "steel" ],
    "symbol": "H",
    "color": "white",
    "aggression": 5,
    "morale": 0,
    "melee_skill": 0,
    "melee_dice": 0,
    "melee_dice_sides": 0,
    "melee_cut": 0,
    "armor_cut": 4,
    "armor_bash": 2,
    "armor_stab": 3,
    "harvest": "exempt",
    "armor_acid": 8,
    "armor_fire": 10,
    "vision_day": 50,
    "path_settings": { "max_dist": 15 },
    "starting_ammo": { "bot_secromissile": 25 },
    "special_attacks": [ [ "GRENADIER_ELITE", 30 ] ],
    "death_drops": "robots",
    "death_function": [ "EXPLODE", "DISINTEGRATE" ],
    "flags": [ "POISON", "NO_BREATHE", "FLIES", "NOHEAD", "FIREPROOF", "SEES", "ELECTRIC", "ELECTRONIC", "PATH_AVOID_DANGER_1" ]
  },
  {
    "id": "mon_bot_secromissile",
    "note": "goes BOOM to the target when nearby fire.",
    "type": "MONSTER",
    "name": "SS homing missile",
    "description": "A heat-seeking missile, on its way to explode on its helpless target.",
    "default_faction": "bot",
    "species": [ "ROBOT" ],
    "volume": "750 ml",
    "weight": 1000,
    "hp": 20,
    "speed": 200,
    "material": [ "steel" ],
    "symbol": "!",
    "color": "white",
    "aggression": -20,
    "emit_fields": [ "secro_secromissile_fire" ],
    "morale": 0,
    "melee_skill": 0,
    "harvest": "exempt",
    "melee_dice": 0,
    "melee_dice_sides": 0,
    "melee_cut": 0,
    "dodge": 5,
    "vision_day": 50,
    "starting_ammo": { "SSimpactgrenade": 1 },
    "anger_triggers": [ "FIRE" ],
    "special_attacks": [ [ "KAMIKAZE", 0 ] ],
    "death_function": [ "DISINTEGRATE" ],
    "flags": [ "POISON", "NO_BREATHE", "FLIES", "NOHEAD", "FIREPROOF", "SEES", "ELECTRIC", "ELECTRONIC", "PATH_AVOID_DANGER_1" ]
  }
]
