[{
    "id": "mon_secro_laserturret",
    "type": "MONSTER",
    "name": { "str": "laser beam turret" },
    "description": "SDP-L1, also known as Secronom Defense Project Type \"Laser\", is an advanced laser turret based from the miniature TX-5LR Cerberus. Its autonomous laser cannon fires a concentrated beam of pure heat that pierces through targets. Every shot requires an immensive power from its source.",
    "default_faction": "secro_defense_bot",
    "species": [ "ROBOT" ],
    "diff": 20,
    "volume": "60000 ml",
    "weight": "172 kg",
    "hp": 50,
    "speed": 100,
    "material": [ "steel" ],
    "symbol": "2",
    "color": "light_red",
    "aggression": 100,
    "morale": 100,
    "armor_bash": 10,
    "armor_cut": 10,
    "armor_stab": 10,
    "luminance": 5,
    "vision_day": 15,
    "vision_night": 5,
    "special_attacks": [
      {
        "type": "spell",
        "spell_data": { "id": "mon_secro_laserturret_heatray" },
        "cooldown": 5,
        "monster_message": "<color_yellow>%1$s shoots a ray of heat at %3$s!</color>"
      }
    ],
    "death_drops": {  },
    "death_function": [ "BROKEN" ],
    "flags": [ "SEES", "NOHEAD", "ELECTRIC", "ELECTRONIC", "COLDPROOF", "IMMOBILE", "NO_BREATHE" ]
  },
  {
    "id": "mon_secro_electurret",
    "type": "MONSTER",
    "name": { "str": "electroshock turret" },
    "description": "SDP-E3, a highly modified turret developed for immobilizing nearby creatures with the use of its electrifying tesla-coil. Its 360 degree AI sensor cam allows it to identify foes and discharge the turret automatically. Firmly embedded to the terrain, it requires a huge amount of power from its source to operate.",
    "default_faction": "secro_defense_bot",
    "species": [ "ROBOT" ],
    "diff": 20,
    "volume": "60000 ml",
    "weight": "172 kg",
    "hp": 50,
    "speed": 100,
    "material": [ "steel" ],
    "symbol": "2",
    "color": "cyan",
    "aggression": 100,
    "morale": 100,
    "armor_bash": 12,
    "armor_cut": 12,
    "armor_stab": 12,
    "luminance": 5,
    "vision_day": 5,
    "vision_night": 5,
    "special_attacks": [
      {
        "type": "spell",
        "spell_data": { "id": "mon_secro_electurret_target" },
        "cooldown": 3,
        "monster_message": "<color_yellow>%1$s sends an electric current!</color>"
      }
    ],
    "death_drops": {  },
    "death_function": [ "BROKEN" ],
    "flags": [ "SEES", "NOHEAD", "ELECTRIC", "ELECTRONIC", "COLDPROOF", "IMMOBILE", "NO_BREATHE" ]
  },
  {
    "id": "mon_secro_gravturret",
    "type": "MONSTER",
    "name": { "str": "graviton turret" },
    "description": "SDP-G7P, a small turret that disorient movements of its target using strong magnetic fields that is generated under its large, gaping barrel. The turret is slow to recharge and the generated field doesn't last long, as it is a prototype version of its predecessor.",
    "default_faction": "secro_defense_bot",
    "species": [ "ROBOT" ],
    "diff": 20,
    "volume": "30000 ml",
    "weight": "40750 g",
    "hp": 20,
    "speed": 100,
    "material": [ "steel" ],
    "symbol": "2",
    "color": "magenta",
    "aggression": 100,
    "morale": 100,
    "armor_bash": 7,
    "armor_cut": 7,
    "armor_stab": 7,
    "luminance": 5,
    "vision_day": 15,
    "vision_night": 5,
    "special_attacks": [
      {
        "type": "spell",
        "spell_data": { "id": "mon_secro_gravturret_energize" },
        "cooldown": 20,
        "monster_message": "<color_magenta>%1$s generates a energized field under %3$s!</color>"
      }
    ],
    "death_drops": {  },
    "death_function": [ "BROKEN" ],
    "flags": [ "SEES", "NOHEAD", "ELECTRIC", "ELECTRONIC", "COLDPROOF", "IMMOBILE", "NO_BREATHE" ]
  }
]