[
  {
    "type": "palette",
    "id": "cave_saddler_entrance",
    "terrain": {
      ".": [
        "t_grass",
        "t_grass",
        "t_dirt",
        "t_grass",
        "t_grass",
        "t_dirt",
        "t_grass",
        "t_grass",
        "t_dirt",
        "t_grass",
        "t_grass",
        "t_dirt",
        "t_grass",
        "t_grass",
        "t_dirt",
        "t_grass",
        "t_grass",
        "t_dirt",
        "t_grass",
        "t_grass",
        "t_dirt",
        "t_grass",
        "t_grass",
        "t_dirt",
        "t_grass",
        "t_grass",
        "t_dirt",
        "t_grass",
        "t_grass",
        "t_dirt",
        "t_grass",
        "t_grass",
        "t_dirt",
        "t_grass",
        "t_grass",
        "t_dirt",
        "t_grass",
        "t_grass",
        "t_dirt",
        "t_grass",
        "t_grass",
        "t_dirt",
        "t_grass",
        "t_grass",
        "t_dirt",
        "t_grass",
        "t_grass",
        "t_dirt",
        "t_grass",
        "t_grass",
        "t_dirt",
        "t_grass",
        "t_grass",
        "t_dirt",
        "t_tree_dead"
      ],
      "=": "t_rock",
      " ": "t_rock_floor",
      "-": [ "t_rock", "t_dirt", "t_dirt" ],
      "]": [ "t_rock", "t_rock_floor", "t_rock_floor" ],
      ">": "t_slope_down"
    }
  },
  {
    "method": "json",
    "object": {
      "fill_ter": "t_dirt",
      "rows": [
        "........................................................................",
        "........................................................................",
        "........................................................................",
        "........................................................................",
        "........................................................................",
        "........................................................................",
        "........................................................................",
        "........................................................................",
        "........................................................................",
        "........................................................................",
        "........................................................................",
        "........................................................................",
        "........................................................................",
        "........................................................................",
        "........................................................................",
        "........................................................................",
        "........................................................................",
        "........................................................................",
        "........................................................................",
        "........................................................................",
        "........................................................................",
        "........................................................................",
        "........................................................................",
        "........................................................................",
        ".......................................-................................",
        "...........................-..........-=---.............................",
        ".........................--=----.....--====---..........................",
        "........................-=======--.--=========----......................",
        "......................--==========-===]]]]]=======--....................",
        ".....................-=====]>>======]]     ]]   ]===--..................",
        "....................-=====]  ]===]]]   ]]     =   ====-.................",
        "....................-=====]  ===]        ]    ]==  ====-................",
        ".....................-=====]      ]=]]    ]    ]=====--.................",
        "......................--====]]]]]]====]]        ]====-..................",
        "........................-===============]]   ]  ]===-...................",
        ".........................---======--======]  ]   ]==-...................",
        "............................--=---.-=====]       ]==-...................",
        "..............................-....-===]]     ]]]==-....................",
        "..................................-====]  ]]]]====-.....................",
        ".................................-====]  ]=====---......................",
        "..................................--=]  ]=====-.........................",
        "....................................-. ]====--..........................",
        "......................................-===--............................",
        "......................................-=--..............................",
        ".......................................-................................",
        "........................................................................",
        "........................................................................",
        "........................................................................",
        "........................................................................",
        "........................................................................",
        "........................................................................",
        "........................................................................",
        "........................................................................",
        "........................................................................",
        "........................................................................",
        "........................................................................",
        "........................................................................",
        "........................................................................",
        "........................................................................",
        "........................................................................",
        "........................................................................",
        "........................................................................",
        "........................................................................",
        "........................................................................",
        "........................................................................",
        "........................................................................",
        "........................................................................",
        "........................................................................",
        "........................................................................",
        "........................................................................",
        "........................................................................",
        "........................................................................"
      ],
      "palettes": [ "cave_saddler_entrance" ]
    },
    "om_terrain": [
      [ "saddler_cave_entrance_3", "saddler_cave_entrance_2", "saddler_cave_entrance_1" ],
      [ "saddler_cave_entrance_6", "saddler_cave_entrance_5", "saddler_cave_entrance_4" ],
      [ "saddler_cave_entrance_9", "saddler_cave_entrance_8", "saddler_cave_entrance_7" ]
    ],
    "type": "mapgen",
    "weight": 1000
  }
]
