[
  {
    "type": "monstergroup",
    "name": "GROUP_ZOMBIE",
    "monsters": [
      { "monster": "mon_zombie_swarmer_weak", "freq": 1, "cost_multiplier": 8, "pack_size": [ 11, 22 ] },
      { "monster": "mon_zombie_swarmer_segway", "freq": 1, "cost_multiplier": 10, "pack_size": [ 4, 12 ] },
      { "monster": "mon_zombie_swarmer_weak", "freq": 1, "cost_multiplier": 15, "pack_size": [ 22, 44 ] },
      {
        "monster": "mon_zombie_swarmer_weak",
        "freq": 1,
        "cost_multiplier": 23,
        "pack_size": [ 44, 88 ],
        "starts": 4380
      },
      {
        "note": "Lets fill the streets with these!",
        "monster": "mon_zombie_swarmer_weak",
        "freq": 1,
        "cost_multiplier": 40,
        "pack_size": [ 88, 176 ],
        "starts": 8760
      },
      { "monster": "mon_zombie_swarmer_weak", "freq": 100, "cost_multiplier": 0, "pack_size": [ 3, 5 ] },
      { "monster": "mon_zombie_blade", "freq": 10, "cost_multiplier": 4 },
      { "monster": "mon_zombie_spoder", "freq": 10, "cost_multiplier": 4, "pack_size": [ 1, 2 ] },
      { "monster": "mon_zombie_tendrils", "freq": 8, "cost_multiplier": 4 },
      { "monster": "mon_zombie_mouth", "freq": 8, "cost_multiplier": 4 },
      { "monster": "mon_zombie_translucent", "freq": 7, "cost_multiplier": 4 },
      { "monster": "mon_zombie_WALKINGPOTATO", "freq": 15, "cost_multiplier": 3 },
      { "monster": "mon_zombie_charger", "freq": 20, "cost_multiplier": 3 },
      { "monster": "mon_zombie_scourge", "freq": 10, "cost_multiplier": 3, "pack_size": [ 1, 2 ] },
      { "monster": "mon_zombie_revenant", "freq": 5, "cost_multiplier": 3 },
      { "monster": "mon_zombie_skittyweavy", "freq": 1, "cost_multiplier": 10, "pack_size": [ 2, 3 ] },
      { "monster": "mon_zombieworm_noxeater", "freq": 1, "cost_multiplier": 20 },
      {
        "monster": "mon_zombie_nocturne",
        "freq": 1,
        "cost_multiplier": 40,
        "starts": 4380,
        "conditions": [ "DUSK", "NIGHT" ]
      },
      { "monster": "mon_zombie_nix", "freq": 1, "cost_multiplier": 25, "starts": 4380 },
      { "monster": "mon_zombie_fleshmonger", "freq": 1, "cost_multiplier": 40, "starts": 4380 },
      { "monster": "mon_zombie_gorepit", "freq": 1, "cost_multiplier": 65, "starts": 8760 },
      { "monster": "mon_zombie_cordev", "freq": 1, "cost_multiplier": 55, "starts": 8760 },
      { "monster": "mon_zombie_fleshysnaky", "freq": 1, "cost_multiplier": 125, "starts": 10950 },
      { "monster": "mon_zombie_akin", "freq": 1, "cost_multiplier": 30, "starts": 10950 },
      { "monster": "mon_zombie_equinox", "freq": 1, "cost_multiplier": 80, "starts": 10950 },
      { "monster": "mon_zombie_relinquish", "freq": 1, "cost_multiplier": 110, "starts": 10950 }
    ]
  },
  {
    "name": "GROUP_MALL",
    "type": "monstergroup",
    "monsters": [ { "monster": "mon_zombie_disser", "freq": 1, "cost_multiplier": 8 } ]
  },
  {
    "type": "monstergroup",
    "name": "GROUP_SMALL_STATION",
    "monsters": [ { "monster": "mon_zombie_jolt", "freq": 1, "cost_multiplier": 10 } ]
  },
  {
    "type": "monstergroup",
    "name": "GROUP_LARGE_STATION",
    "monsters": [ { "monster": "mon_zombie_jolt", "freq": 1, "cost_multiplier": 10 } ]
  },
  {
    "type": "monstergroup",
    "name": "GROUP_ELECTRO",
    "monsters": [ { "monster": "mon_zombie_jolt", "freq": 1, "cost_multiplier": 8 } ]
  },
  {
    "type": "monstergroup",
    "name": "GROUP_PREPPER_HOUSE",
    "monsters": [
      { "monster": "mon_zombie_fake_ichorus", "freq": 1, "cost_multiplier": 35 },
      { "monster": "mon_zombie_fake_psyrus", "freq": 1, "cost_multiplier": 35 }
    ]
  },
  {
    "name": "GROUP_PANICROOM",
    "type": "monstergroup",
    "monsters": [
      { "monster": "mon_zombie_fake_ichorus", "freq": 1, "cost_multiplier": 35 },
      { "monster": "mon_zombie_fake_psyrus", "freq": 1, "cost_multiplier": 35 }
    ]
  },
  {
    "type": "monstergroup",
    "name": "GROUP_HOUSE",
    "monsters": [
      { "monster": "mon_zombie_fake_ichorus", "freq": 1, "cost_multiplier": 35 },
      { "monster": "mon_zombie_fake_psyrus", "freq": 1, "cost_multiplier": 35 }
    ]
  },
  {
    "type": "monstergroup",
    "name": "GROUP_CHURCH_ZOMBIE",
    "monsters": [ { "monster": "mon_zombie_uruxis", "freq": 1, "cost_multiplier": 25 } ]
  },
  {
    "name": "GROUP_VETS",
    "type": "monstergroup",
    "monsters": [ { "monster": "mon_zombie_cling", "freq": 1, "cost_multiplier": 6 } ]
  },
  {
    "type": "monstergroup",
    "name": "DUMP_ZOMBIES",
    "monsters": [ { "monster": "mon_zombie_fleshmonger", "freq": 1, "cost_multiplier": 30, "starts": 4380 } ]
  },
  {
    "note": "Spawn random secrolab and vanilla creatures. Scientist are common here, followed by failed specimens.",
    "type": "monstergroup",
    "name": "GROUP_SECROLAB_ALL",
    "default": "mon_null",
    "monsters": [
      { "monster": "mon_zombie_scientist", "freq": 50, "cost_multiplier": 0 },
      { "monster": "mon_zedfail_seeker", "freq": 25, "cost_multiplier": 1 },
      { "monster": "mon_zedfail_floral", "freq": 30, "cost_multiplier": 1 },
      { "monster": "mon_zedfail_twistcrawl", "freq": 15, "cost_multiplier": 1 },
      { "monster": "mon_zedfail_chomp", "freq": 25, "cost_multiplier": 1 },
      { "monster": "mon_zedfail_squirtler", "freq": 50, "cost_multiplier": 2 },
      { "monster": "mon_zedbow_kaxix", "freq": 1, "cost_multiplier": 5 },
      { "monster": "mon_zedbow_axxuros", "freq": 1, "cost_multiplier": 6 },
      { "monster": "mon_zedbow_exios", "freq": 1, "cost_multiplier": 7 },
      { "monster": "mon_zedbow_drexx", "freq": 1, "cost_multiplier": 8 },
      { "monster": "mon_zedbow_epixo", "freq": 1, "cost_multiplier": 10 }
    ]
  },
  {
    "note": "Spawn random secrolab specimens. Failed specimens are common here",
    "type": "monstergroup",
    "name": "GROUP_SECROLAB_SPECIMENS",
    "default": "mon_null",
    "monsters": [
      { "monster": "mon_zedfail_seeker", "freq": 40, "cost_multiplier": 0 },
      { "monster": "mon_zedfail_floral", "freq": 30, "cost_multiplier": 0 },
      { "monster": "mon_zedfail_twistcrawl", "freq": 25, "cost_multiplier": 0 },
      { "monster": "mon_zedfail_chomp", "freq": 35, "cost_multiplier": 0 },
      { "monster": "mon_zedfail_squirtler", "freq": 10, "cost_multiplier": 0 },
      { "monster": "mon_zedbow_kaxix", "freq": 1, "cost_multiplier": 5 },
      { "monster": "mon_zedbow_axxuros", "freq": 1, "cost_multiplier": 6 },
      { "monster": "mon_zedbow_exios", "freq": 1, "cost_multiplier": 7 },
      { "monster": "mon_zedbow_drexx", "freq": 1, "cost_multiplier": 8 },
      { "monster": "mon_zedbow_epixo", "freq": 1, "cost_multiplier": 10 }
    ]
  },
  {
    "note": "Spawn random secrolab failed specimens.",
    "type": "monstergroup",
    "name": "GROUP_SECROLAB_FAILEDSPECIMENS",
    "default": "mon_null",
    "monsters": [
      { "monster": "mon_zedfail_seeker", "freq": 20, "cost_multiplier": 0 },
      { "monster": "mon_zedfail_floral", "freq": 25, "cost_multiplier": 0 },
      { "monster": "mon_zedfail_twistcrawl", "freq": 20, "cost_multiplier": 0 },
      { "monster": "mon_zedfail_chomp", "freq": 30, "cost_multiplier": 0 },
      { "monster": "mon_zedfail_squirtler", "freq": 5, "cost_multiplier": 0 }
    ]
  },
  {
    "note": "Spawn random secrolab BOWs",
    "type": "monstergroup",
    "name": "GROUP_SECROLAB_BOWSPECIMENS",
    "default": "mon_null",
    "monsters": [
      { "monster": "mon_zedbow_kaxix", "freq": 70, "cost_multiplier": 0 },
      { "monster": "mon_zedbow_axxuros", "freq": 95, "cost_multiplier": 0 },
      { "monster": "mon_zedbow_exios", "freq": 15, "cost_multiplier": 1 },
      { "monster": "mon_zedbow_drexx", "freq": 1, "cost_multiplier": 3 },
      { "monster": "mon_zedbow_epixo", "freq": 1, "cost_multiplier": 10 }
    ]
  },
  {
    "type": "monstergroup",
    "name": "GROUP_SEWER",
    "note": "Break the law and let this appear in sewers!",
    "is_animal": false,
    "monsters": [ { "monster": "mon_zombie_nautilus", "freq": 125, "cost_multiplier": 10 } ]
  },
  {
    "type": "monstergroup",
    "name": "GROUP_FOREST",
    "monsters": [
      { "monster": "mon_ayenel", "freq": 1, "cost_multiplier": 60 },
      { "monster": "mon_fleshweaver", "freq": 1, "cost_multiplier": 45 },
      { "monster": "mon_maneater", "freq": 1, "cost_multiplier": 50 },
      { "monster": "mon_shifter_zombie", "freq": 1, "cost_multiplier": 90 },
      { "monster": "mon_shifter_zombie_rot", "freq": 1, "cost_multiplier": 90 }
    ]
  },
  {
    "type": "monstergroup",
    "name": "GROUP_SWAMP",
    "monsters": [
      { "monster": "mon_ayenel", "freq": 1, "cost_multiplier": 60 },
      { "monster": "mon_fleshweaver", "freq": 1, "cost_multiplier": 45 },
      { "monster": "mon_maneater", "freq": 1, "cost_multiplier": 50 },
      { "monster": "mon_shifter_zombie", "freq": 1, "cost_multiplier": 90 },
      { "monster": "mon_shifter_zombie_rot", "freq": 1, "cost_multiplier": 90 }
    ]
  },
  {
    "type": "monstergroup",
    "name": "GROUP_CARRIONS",
    "default": "mon_null",
    "monsters": [
      { "monster": "mon_carrion", "freq": 5, "cost_multiplier": 1 },
      { "monster": "mon_carrion_dismantler", "freq": 15, "cost_multiplier": 1 },
      { "monster": "mon_carrion_orifice", "freq": 20, "cost_multiplier": 1 }
    ]
  },
  {
    "type": "monstergroup",
    "name": "GROUP_VECTORS",
    "default": "mon_null",
    "monsters": [
      { "monster": "mon_vector_sprig", "freq": 5, "cost_multiplier": 1 },
      { "monster": "mon_vector_sprout", "freq": 10, "cost_multiplier": 1 },
      { "monster": "mon_vector", "freq": 20, "cost_multiplier": 1 },
      { "monster": "mon_vector_seedler", "freq": 30, "cost_multiplier": 1 },
      { "monster": "mon_vector_stinger", "freq": 35, "cost_multiplier": 1 },
      { "monster": "mon_vector_tree", "freq": 50, "cost_multiplier": 1 }
    ]
  },
  {
    "type": "monstergroup",
    "name": "GROUP_VECTOR_BIOME",
    "default": "mon_null",
    "monsters": [
      { "monster": "mon_vector_sprig", "freq": 5, "cost_multiplier": 1 },
      { "monster": "mon_vector_sprout", "freq": 10, "cost_multiplier": 1 },
      { "monster": "mon_vector", "freq": 20, "cost_multiplier": 1 },
      { "monster": "mon_vector_seedler", "freq": 30, "cost_multiplier": 1 },
      { "monster": "mon_vector_stinger", "freq": 35, "cost_multiplier": 1 }
    ]
  },
  {
    "type": "monstergroup",
    "name": "GROUP_VECTOR_SEEDLING",
    "default": "mon_null",
    "monsters": [
      { "monster": "mon_vector_spore", "freq": 10, "cost_multiplier": 1 },
      { "monster": "mon_vector_sprig", "freq": 100, "cost_multiplier": 1 }
    ]
  },
  {
    "type": "monstergroup",
    "name": "GROUP_JOLT_BOLTS",
    "default": "mon_null",
    "monsters": [
      { "monster": "mon_zombie_jolt_bolt_smol", "freq": 10, "cost_multiplier": 1 },
      { "monster": "mon_zombie_jolt_bolt_big", "freq": 100, "cost_multiplier": 1 }
    ]
  },
  {
    "type": "monstergroup",
    "name": "GROUP_GORE_TENT",
    "default": "mon_zombie_gorepit_tent"
  },
  {
    "type": "monstergroup",
    "name": "GROUP_EQUINOX_CRAWLIES",
    "default": "mon_null",
    "monsters": [
      { "monster": "mon_zombie_equinox_necros", "freq": 75, "cost_multiplier": 0 },
      { "monster": "mon_zombie_equinox_necros_stab", "freq": 25, "cost_multiplier": 1 },
      { "monster": "mon_zombie_equinox_necros_cut", "freq": 25, "cost_multiplier": 1 },
      { "monster": "mon_zombie_equinox_necros_emit", "freq": 10, "cost_multiplier": 2 }
    ]
  },
  {
    "type": "monstergroup",
    "name": "GROUP_SADDLER",
    "default": "mon_insect_saddler",
    "monsters": [
      { "monster": "mon_insect_saddler_baby", "freq": 40, "cost_multiplier": 0 },
      { "monster": "mon_insect_saddler_brute", "freq": 90, "cost_multiplier": 5 },
      { "monster": "mon_insect_saddler_scout", "freq": 90, "cost_multiplier": 5 },
      { "monster": "mon_insect_saddler_brood", "freq": 0, "cost_multiplier": 0 },
      { "monster": "mon_saddler_infected", "freq": 1, "cost_multiplier": 40 },
      { "monster": "mon_saddler_infected_brute", "freq": 1, "cost_multiplier": 50 },
      { "monster": "mon_saddler_infected_scout", "freq": 1, "cost_multiplier": 50 },
      { "monster": "mon_zombie_saddler_infected", "freq": 1, "cost_multiplier": 10 },
      { "monster": "mon_zombie_saddler_infected_brute", "freq": 1, "cost_multiplier": 15 },
      { "monster": "mon_zombie_saddler_infected_scout", "freq": 1, "cost_multiplier": 15 }
    ]
  },
  {
    "type": "monstergroup",
    "name": "GROUP_SADDLER_ENTRANCE",
    "default": "mon_null",
    "monsters": [
      { "monster": "mon_insect_saddler", "freq": 75, "cost_multiplier": 0 },
      { "monster": "mon_insect_saddler_brute", "freq": 1, "cost_multiplier": 7 },
      { "monster": "mon_insect_saddler_scout", "freq": 1, "cost_multiplier": 7 },
      { "monster": "mon_saddler_infected", "freq": 1, "cost_multiplier": 25 },
      { "monster": "mon_saddler_infected_brute", "freq": 1, "cost_multiplier": 35 },
      { "monster": "mon_saddler_infected_scout", "freq": 1, "cost_multiplier": 35 },
      { "monster": "mon_zombie_saddler_infected", "freq": 1, "cost_multiplier": 8 },
      { "monster": "mon_zombie_saddler_infected_brute", "freq": 1, "cost_multiplier": 12 },
      { "monster": "mon_zombie_saddler_infected_scout", "freq": 1, "cost_multiplier": 12 }
    ]
  },
  {
    "type": "monstergroup",
    "name": "GROUP_SADDLER_DETACH",
    "default": "mon_insect_saddler"
  },
  {
    "type": "monstergroup",
    "name": "GROUP_SADDLER_BRUTE_DETACH",
    "default": "mon_insect_saddler_brute"
  },
  {
    "type": "monstergroup",
    "name": "GROUP_SADDLER_SCOUT_DETACH",
    "default": "mon_insect_saddler_scout"
  },
  {
    "type": "monstergroup",
    "name": "GROUP_RELINQUISH_REVIVE",
    "default": "mon_zombie_relinquish_revived"
  },
  {
    "type": "monstergroup",
    "name": "GROUP_FLESH_SPAWN_TENDRIL",
    "default": "mon_sflesh_tendril"
  },
  {
    "type": "monstergroup",
    "name": "GROUP_FLESH_SPAWN_JAW",
    "default": "mon_sflesh_jaw"
  },
  {
    "type": "monstergroup",
    "name": "GROUP_FLESH_SACK",
    "default": "mon_sflesh_parasyte"
  },
  {
    "type": "monstergroup",
    "name": "GROUP_FLESH_TENTCLUS",
    "default": "mon_null",
    "monsters": [
      { "monster": "mon_sflesh_vbeast", "freq": 75, "cost_multiplier": 0 },
      { "monster": "mon_sflesh_vrumbler", "freq": 50, "cost_multiplier": 0 }
    ]
  },
  {
    "type": "monstergroup",
    "name": "GROUP_FF_SURFACE",
    "default": "mon_sflesh_sack"
  },
  {
    "type": "monstergroup",
    "name": "GROUP_FF_INSIDE",
    "default": "mon_sflesh_taken"
  },
  {
    "type": "monstergroup",
    "name": "GROUP_FLESH_TAKEN",
    "default": "mon_sflesh_taken_zombie",
    "monsters": [
      { "monster": "mon_sflesh_taken_bear", "freq": 10, "cost_multiplier": 0 },
      { "monster": "mon_sflesh_taken_rat", "freq": 125, "cost_multiplier": 0 },
      { "monster": "mon_sflesh_taken_cougar", "freq": 25, "cost_multiplier": 0 },
      { "monster": "mon_sflesh_taken_moose", "freq": 5, "cost_multiplier": 0 }
    ]
  },
  {
    "type": "monstergroup",
    "name": "GROUP_FLESH_WALL",
    "default": "mon_sflesh_flesh_wall"
  },
  {
    "type": "monstergroup",
    "name": "GROUP_FLESH_CITY",
    "default": "mon_sflesh_taken_zombie",
    "monsters": [
      { "monster": "mon_sflesh_zombie_turret", "freq": 10, "cost_multiplier": 5 },
      { "monster": "mon_sflesh_taken_zombie", "freq": 1, "cost_multiplier": 7, "pack_size": [ 5, 20 ] },
      { "monster": "mon_sflesh_taken_zombie", "freq": 1, "cost_multiplier": 13, "pack_size": [ 15, 40 ] },
      { "monster": "mon_sflesh_taken_zombie", "freq": 1, "cost_multiplier": 20, "pack_size": [ 25, 60 ] },
      { "monster": "mon_sflesh_taken_zombie", "freq": 75, "cost_multiplier": 0 },
      { "monster": "mon_sflesh_zombie_fat", "freq": 75, "cost_multiplier": 2 },
      { "monster": "mon_sflesh_zombie_fat", "freq": 3, "cost_multiplier": 7, "pack_size": [ 3, 5 ] },
      { "monster": "mon_sflesh_zombie_tough", "freq": 75, "cost_multiplier": 3 },
      { "monster": "mon_sflesh_zombie_child", "freq": 75, "cost_multiplier": 1 },
      { "monster": "mon_sflesh_zombie_crawler", "freq": 25, "cost_multiplier": 3 },
      { "monster": "mon_sflesh_zombie_dog", "freq": 20, "cost_multiplier": 2 },
      { "monster": "mon_sflesh_zombie_dog", "freq": 1, "cost_multiplier": 4, "pack_size": [ 3, 5 ] },
      { "monster": "mon_sflesh_zombie_dog", "freq": 1, "cost_multiplier": 16, "pack_size": [ 5, 8 ] },
      { "monster": "mon_sflesh_zombie_dog", "freq": 1, "cost_multiplier": 24, "pack_size": [ 8, 12 ] },
      { "monster": "mon_sflesh_dog_zombie_cop", "freq": 5, "cost_multiplier": 4 },
      { "monster": "mon_sflesh_dog_zombie_rot", "freq": 5, "cost_multiplier": 5 },
      { "monster": "mon_sflesh_zombie_soldier", "freq": 10, "cost_multiplier": 2 },
      { "monster": "mon_sflesh_zombie_static", "freq": 10, "cost_multiplier": 5 },
      { "monster": "mon_sflesh_zombie_survivor", "freq": 1, "cost_multiplier": 25 },
      { "monster": "mon_sflesh_zombie_survivor_elite", "freq": 1, "cost_multiplier": 25, "starts": 1440 },
      { "monster": "mon_sflesh_zombie_brainless", "freq": 65, "cost_multiplier": 1 }
    ]
  },
  {
    "type": "monstergroup",
    "name": "GROUP_FLESH_HEAP",
    "default": "mon_sflesh_taken_zombie"
  },
  {
    "type": "monstergroup",
    "name": "GROUP_SHIFTER",
    "default": "mon_shifter"
  },
  {
    "type": "monstergroup",
    "name": "GROUP_VEINSTALK",
    "default": "mon_sflesh_veinstalk"
  },
  {
    "type": "monstergroup",
    "name": "GROUP_VEINSTALK_CRAWLER",
    "default": "mon_sflesh_veinstalk_crawly"
  },
  {
    "type": "monstergroup",
    "name": "GROUP_FLESHLING",
    "default": "mon_sflesh_fleshling_tiny"
  },
  {
    "type": "monstergroup",
    "name": "GROUP_FLESHLING_CHILDREN",
    "default": "mon_sflesh_fleshling_stingy",
    "monsters": [
      { "monster": "mon_sflesh_fleshling_ravagy", "freq": 90, "cost_multiplier": 0 },
      { "monster": "mon_sflesh_fleshling_scavengy", "freq": 120, "cost_multiplier": 0 }
    ]
  },
  {
    "type": "monstergroup",
    "name": "GROUP_FLESHLING_SCAVENGY_FORMS",
    "default": "mon_sflesh_fleshling_scavengy_sticky",
    "monsters": [
      { "monster": "mon_sflesh_fleshling_scavengy_explosive", "freq": 85, "cost_multiplier": 0 },
      { "monster": "mon_sflesh_fleshling_scavengy_tent", "freq": 100, "cost_multiplier": 0 }
    ]
  }
]
