[
  {
    "type": "monstergroup",
    "name": "GROUP_ZOMBIE_BRUTE",
    "default": "mon_zombie_brute",
    "monsters": [ { "monster": "mon_zombie_titan", "freq": 110, "cost_multiplier": 50 } ]
  },
  {
    "type": "monstergroup",
    "name": "GROUP_ZOMBIE_UPGRADE",
    "default": "mon_zombie_tough",
    "monsters": [
      { "monster": "mon_zombie_blade", "freq": 25, "cost_multiplier": 5 },
      { "monster": "mon_zombie_tendrils", "freq": 20, "cost_multiplier": 5 },
      { "monster": "mon_zombie_spoder", "freq": 30, "cost_multiplier": 5 },
      { "monster": "mon_zombie_mouth", "freq": 20, "cost_multiplier": 5 },
      { "monster": "mon_zombie_translucent", "freq": 5, "cost_multiplier": 5 },
      { "monster": "mon_zombie_WALKINGPOTATO", "freq": 50, "cost_multiplier": 2 },
      { "monster": "mon_zombie_charger", "freq": 10, "cost_multiplier": 5 },
      { "monster": "mon_zombie_scourge", "freq": 45, "cost_multiplier": 3 },
      { "monster": "mon_zombie_grubby", "freq": 50, "cost_multiplier": 7 },
      { "monster": "mon_zombie_lick", "freq": 30, "cost_multiplier": 6 },
      { "monster": "mon_zombie_unify", "freq": 40, "cost_multiplier": 6 }
    ]
  },
  {
    "name": "GROUP_SWARMERSEGWAY_UPGRADE",
    "type": "monstergroup",
    "default": "mon_null",
    "monsters": [
      { "monster": "mon_zombie_translucent", "freq": 1, "cost_multiplier": 1 },
      { "monster": "mon_zombie_mouth", "freq": 1, "cost_multiplier": 1 },
      { "monster": "mon_zombie_tendrils", "freq": 1, "cost_multiplier": 1 },
      { "monster": "mon_zombie_spoder", "freq": 1, "cost_multiplier": 1 },
      { "monster": "mon_zombie_blade", "freq": 1, "cost_multiplier": 1 },
      { "monster": "mon_zombie_WALKINGPOTATO", "freq": 1, "cost_multiplier": 2 },
      { "monster": "mon_zombie_charger", "freq": 1, "cost_multiplier": 2 }
    ]
  },
  {
    "name": "GROUP_EZTARVING_UPGRADE",
    "type": "monstergroup",
    "default": "mon_null",
    "monsters": [
      { "monster": "mon_zombie_swarmer_evo_starving", "freq": 100, "cost_multiplier": 0 },
      { "monster": "mon_zombie_swarmer_evo_savage", "freq": 10, "cost_multiplier": 0 },
      { "monster": "mon_zombie_swarmer_evo_virulent", "freq": 1, "cost_multiplier": 0 }
    ]
  },
  {
    "name": "GROUP_TENDRILS_UPGRADE",
    "type": "monstergroup",
    "default": "mon_null",
    "monsters": [
      { "monster": "mon_zombie_thicktendrils", "freq": 80, "cost_multiplier": 1 },
      { "monster": "mon_zombie_tendricles", "freq": 100, "cost_multiplier": 1 }
    ]
  },
  {
    "name": "GROUP_TENDRILS_UPGRADEX",
    "note": "Cycle the evolution until it hits the final upgrade.",
    "type": "monstergroup",
    "default": "mon_null",
    "monsters": [
      { "monster": "mon_zombie_thicktendrils", "freq": 20, "cost_multiplier": 1 },
      { "monster": "mon_zombie_tendricles", "freq": 25, "cost_multiplier": 1 },
      { "monster": "mon_zombie_tentawraith", "freq": 100, "cost_multiplier": 10 }
    ]
  },
  {
    "name": "GROUP_BLADED_UPGRADE",
    "type": "monstergroup",
    "default": "mon_null",
    "monsters": [
      { "monster": "mon_zombie_sharpblade", "freq": 80, "cost_multiplier": 1 },
      { "monster": "mon_zombie_serratedblade", "freq": 100, "cost_multiplier": 1 }
    ]
  },
  {
    "name": "GROUP_BLADED_UPGRADEX",
    "type": "monstergroup",
    "default": "mon_null",
    "monsters": [
      { "monster": "mon_zombie_sharpblade", "freq": 20, "cost_multiplier": 1 },
      { "monster": "mon_zombie_serratedblade", "freq": 25, "cost_multiplier": 1 },
      { "monster": "mon_zombie_razor", "freq": 100, "cost_multiplier": 10 }
    ]
  },
  {
    "name": "GROUP_ZSPIDER_UPGRADE",
    "type": "monstergroup",
    "default": "mon_null",
    "monsters": [
      { "monster": "mon_zombie_spoderhug", "freq": 80, "cost_multiplier": 1 },
      { "monster": "mon_zombie_spodertickle", "freq": 100, "cost_multiplier": 1 }
    ]
  },
  {
    "name": "GROUP_ZSPIDER_UPGRADEX",
    "type": "monstergroup",
    "default": "mon_null",
    "monsters": [
      { "monster": "mon_zombie_spodertickle", "freq": 25, "cost_multiplier": 1 },
      { "monster": "mon_zombie_spoderhug", "freq": 20, "cost_multiplier": 1 },
      { "monster": "mon_zombie_arachnia", "freq": 100, "cost_multiplier": 10 }
    ]
  },
  {
    "name": "GROUP_MOUTH_UPGRADE",
    "type": "monstergroup",
    "default": "mon_null",
    "monsters": [
      { "monster": "mon_zombie_bellymouth", "freq": 80, "cost_multiplier": 1 },
      { "monster": "mon_zombie_omouth", "freq": 100, "cost_multiplier": 1 }
    ]
  },
  {
    "name": "GROUP_MOUTH_UPGRADEX",
    "type": "monstergroup",
    "default": "mon_null",
    "monsters": [
      { "monster": "mon_zombie_bellymouth", "freq": 20, "cost_multiplier": 1 },
      { "monster": "mon_zombie_omouth", "freq": 25, "cost_multiplier": 1 },
      { "monster": "mon_zombie_suctionmouth", "freq": 100, "cost_multiplier": 10 }
    ]
  },
  {
    "name": "GROUP_LYING_UPGRADE",
    "type": "monstergroup",
    "default": "mon_null",
    "monsters": [
      { "monster": "mon_zombie_zawk", "freq": 80, "cost_multiplier": 1 },
      { "monster": "mon_zombie_zoth", "freq": 100, "cost_multiplier": 1 }
    ]
  },
  {
    "name": "GROUP_LYING_UPGRADEX",
    "type": "monstergroup",
    "default": "mon_null",
    "monsters": [
      { "monster": "mon_zombie_zawk", "freq": 20, "cost_multiplier": 1 },
      { "monster": "mon_zombie_zoth", "freq": 25, "cost_multiplier": 1 },
      { "monster": "mon_zombie_nightwail", "freq": 100, "cost_multiplier": 10 }
    ]
  },
  {
    "name": "GROUP_CHARGER_UPGRADE",
    "type": "monstergroup",
    "default": "mon_null",
    "monsters": [
      { "monster": "mon_zombie_charger_spike", "freq": 80, "cost_multiplier": 1 },
      { "monster": "mon_zombie_charger_plate", "freq": 100, "cost_multiplier": 1 }
    ]
  },
  {
    "name": "GROUP_CHARGER_UPGRADEX",
    "type": "monstergroup",
    "default": "mon_null",
    "monsters": [
      { "monster": "mon_zombie_charger_spike", "freq": 20, "cost_multiplier": 1 },
      { "monster": "mon_zombie_charger_plate", "freq": 25, "cost_multiplier": 1 },
      { "monster": "mon_zombie_charger_vanguard", "freq": 100, "cost_multiplier": 10 }
    ]
  },
  {
    "name": "GROUP_SCOURGE_UPGRADEX",
    "type": "monstergroup",
    "default": "mon_null",
    "monsters": [
      { "monster": "mon_zombie_defile", "freq": 25, "cost_multiplier": 1 },
      { "monster": "mon_zombie_leptiosa", "freq": 100, "cost_multiplier": 10 }
    ]
  },
  {
    "name": "GROUP_UNIFIER_UPGRADEX",
    "type": "monstergroup",
    "default": "mon_null",
    "monsters": [
      { "monster": "mon_zombie_unity", "freq": 25, "cost_multiplier": 1 },
      { "monster": "mon_zombie_hemo", "freq": 100, "cost_multiplier": 10 }
    ]
  },
  {
    "name": "GROUP_GRUBBY_UPGRADEX",
    "type": "monstergroup",
    "default": "mon_null",
    "monsters": [
      { "monster": "mon_zombie_slimy", "freq": 25, "cost_multiplier": 1 },
      { "monster": "mon_zombie_glut", "freq": 100, "cost_multiplier": 10 }
    ]
  },
  {
    "name": "GROUP_NOX_UPGRADE",
    "type": "monstergroup",
    "default": "mon_null",
    "monsters": [
      { "monster": "mon_zombieworm_gravedigger", "freq": 1, "cost_multiplier": 2 },
      { "monster": "mon_zombieworm_wriggly", "freq": 1, "cost_multiplier": 3 },
      { "monster": "mon_zombieworm_mawy", "freq": 1, "cost_multiplier": 5 }
    ]
  },
  {
    "name": "GROUP_BOW_KAXIX",
    "type": "monstergroup",
    "default": "mon_null",
    "monsters": [
      { "monster": "mon_zedbow_kaxix", "freq": 5, "cost_multiplier": 1 },
      { "monster": "mon_zedbow_kaxix_armed", "freq": 100, "cost_multiplier": 15 }
    ]
  },
  {
    "name": "GROUP_BOW_AXXUROS",
    "type": "monstergroup",
    "default": "mon_null",
    "monsters": [
      { "monster": "mon_zedbow_axxuros", "freq": 5, "cost_multiplier": 1 },
      { "monster": "mon_zedbow_axxuros_armed", "freq": 100, "cost_multiplier": 15 }
    ]
  },
  {
    "name": "GROUP_BOW_EXIOS",
    "type": "monstergroup",
    "default": "mon_null",
    "monsters": [
      { "monster": "mon_zedbow_exios", "freq": 5, "cost_multiplier": 1 },
      { "monster": "mon_zedbow_exios_armed", "freq": 100, "cost_multiplier": 15 }
    ]
  },
  {
    "name": "GROUP_BOW_DREXX",
    "type": "monstergroup",
    "default": "mon_null",
    "monsters": [
      { "monster": "mon_zedbow_drexx", "freq": 5, "cost_multiplier": 1 },
      { "monster": "mon_zedbow_drexx_armed", "freq": 100, "cost_multiplier": 15 }
    ]
  },
  {
    "name": "GROUP_BOW_EPIXO",
    "type": "monstergroup",
    "default": "mon_null",
    "monsters": [
      { "monster": "mon_zedbow_epixo", "freq": 5, "cost_multiplier": 1 },
      { "monster": "mon_zedbow_epixo_armed", "freq": 100, "cost_multiplier": 15 }
    ]
  },
  {
    "name": "GROUP_STRAY_ELEMENT",
    "type": "monstergroup",
    "default": "mon_null",
    "monsters": [
      { "monster": "mon_zombie_stray_w_leaf_weak", "freq": 100, "cost_multiplier": 1 },
      { "monster": "mon_zombie_stray_w_acid_weak", "freq": 100, "cost_multiplier": 1 }
    ]
  },
  {
    "name": "GROUP_VECTOR_GROW",
    "type": "monstergroup",
    "default": "mon_null",
    "monsters": [
      { "monster": "mon_vector", "freq": 5, "cost_multiplier": 1 },
      { "monster": "mon_vector_seedler", "freq": 40, "cost_multiplier": 5 },
      { "monster": "mon_vector_stinger", "freq": 15, "cost_multiplier": 3 }
    ]
  },
  {
    "type": "monstergroup",
    "name": "GROUP_VECTOR_GROW1",
    "default": "mon_vector"
  },
  {
    "type": "monstergroup",
    "name": "GROUP_VECTOR_GROW2",
    "default": "mon_vector_sprout"
  }
]
