{
  "id": "secrodragon_harvest",
  "note": "Choosing dissection is worthless, since it has a huge amount of edible meat, unless you aim to get it.",
  "message": "With effort, you attempt to collect some worthy byproducts out of the dragon.",
  "type": "harvest",
  "entries": [
    { "drop": "bio_power_storage_mkII", "type": "bionic" },
    { "drop": "bionics_op", "type": "bionic_group" },
    { "drop": "meat", "type": "flesh", "mass_ratio": 0.35 },
    { "drop": "meat_scrap", "type": "flesh", "mass_ratio": 0.02 },
    { "drop": "lung", "type": "flesh", "mass_ratio": 0.004 },
    { "drop": "liver", "type": "offal", "mass_ratio": 0.01 },
    { "drop": "brain", "type": "flesh", "mass_ratio": 0.005 },
    { "drop": "sweetbread", "type": "flesh", "mass_ratio": 0.002 },
    { "drop": "kidney", "type": "offal", "mass_ratio": 0.002 },
    { "drop": "stomach_large", "scale_num": [ 1, 1 ], "max": 1, "type": "offal" },
    { "drop": "bone", "type": "bone", "mass_ratio": 0.15 },
    { "drop": "sinew", "type": "bone", "mass_ratio": 0.00035 },
    { "drop": "fat", "type": "flesh", "mass_ratio": 0.07 }
  ]
}