[
  {
    "note": "Common secronom zeds such as tendril and spider zombies.",
    "type": "SPECIES",
    "id": "SECROZED_1",
    "description": "a secronom mutant"
  },
  {
    "note": "Rare secronom zeds such as nautilus, nix and dissonant screamer.",
    "type": "SPECIES",
    "id": "SECROZED_2",
    "description": "an elite secronom mutant"
  },
  {
    "note": "Exceptional secronom zeds. Titan, nocturne and final formed zed such as wraith fall to this specie.",
    "type": "SPECIES",
    "id": "SECROZED_3",
    "description": "a deadly secronom mutant"
  },
  {
    "note": "End-game secronom zeds. Few fall to this specie, as they are nearly impossible to kill w/o high dps weapons.",
    "type": "SPECIES",
    "id": "SECROZED_ULTIMATE",
    "description": "a catastrophic secronom mutant"
  },
  {
    "type": "SPECIES",
    "id": "SECROSPEC",
    "description": "a secronom specimen"
  },
  {
    "type": "SPECIES",
    "id": "SECROWORM",
    "description": "a secronom worm mutant"
  },
  {
    "type": "SPECIES",
    "id": "SECRODRAG",
    "description": "a cyber-dragon"
  },
  {
    "type": "SPECIES",
    "id": "SFLESH",
    "description": "a crimson horror"
  },
  {
    "type": "SPECIES",
    "id": "SSADDLER",
    "description": "a insectoid"
  }
]
