[
  {
    "type": "MONSTER_FACTION",
    "name": "unknown"
  },
  {
    "type": "MONSTER_FACTION",
    "name": "saddler",
    "neutral": [ "bot" ]
  },
  {
    "type": "MONSTER_FACTION",
    "name": "ayenel"
  },
  {
    "type": "MONSTER_FACTION",
    "name": "fleshweaver",
    "note": "Only befriends natural (those who are composed of pure flesh) lifeforms like you and wild animals.",
    "friendly": [ "human", "animal", "insect" ],
    "neutral": [ "zombie", "zombie_aquatic", "blob", "nether", "bot", "plant" ]
  },
  {
    "type": "MONSTER_FACTION",
    "name": "human",
    "friendly": [ "fleshweaver" ]
  },
  {
    "type": "MONSTER_FACTION",
    "name": "animal",
    "friendly": [ "fleshweaver" ],
    "neutral": [ "small_animal" ]
  },
  {
    "type": "MONSTER_FACTION",
    "name": "insect",
    "friendly": [ "fleshweaver" ],
    "neutral": [ "military", "defense_bot", "utility_bot", "zombie" ],
    "by_mood": "insect"
  },
  {
    "type": "MONSTER_FACTION",
    "name": "maneater"
  },
  {
    "type": "MONSTER_FACTION",
    "name": "carrion"
  },
  {
    "type": "MONSTER_FACTION",
    "name": "vector"
  },
  {
    "type": "MONSTER_FACTION",
    "name": "secro_flesh",
    "friendly": [ "secro_flesh2", "secro_flesh3" ]
  },
  {
    "note": "For crimson horrors like a fleshling, which are pacifists and only attack with abilities.",
    "type": "MONSTER_FACTION",
    "name": "secro_flesh2",
    "by_mood": "secro_flesh",
    "friendly": [ "secro_flesh3" ]
  },
  {
    "note": "Given faction to a monster to prevent them from being attacked by #2.",
    "type": "MONSTER_FACTION",
    "name": "secro_flesh3",
    "friendly": [ "secro_flesh", "secro_flesh2" ]
  },
  {
    "type": "MONSTER_FACTION",
    "name": "shifter"
  },
  {
    "type": "MONSTER_FACTION",
    "name": "secro_defense_bot",
    "base_faction": "bot",
    "neutral": [ "cop_bot", "defense_bot", "military", "utility_bot", "science", "small_animal" ],
    "friendly": [ "human" ]
  }
]
