[
  {
    "id": "secro_unifyblood_explode",
    "type": "emit",
    "field": "fd_blood",
    "intensity": 3,
    "qty": 100,
    "chance": 100
  },
  {
    "id": "secro_transluncent_acid",
    "type": "emit",
    "field": "fd_acid",
    "intensity": 1,
    "qty": 2,
    "chance": 10
  },
  {
    "id": "secro_zoth",
    "type": "emit",
    "field": "fd_toxic_gas",
    "intensity": 2,
    "qty": 10,
    "chance": 60
  },
  {
    "id": "emit_shockerbot_crakle",
    "type": "emit",
    "field": "fd_electricity",
    "qty": 1
  },
  {
    "id": "secro_secromissile_fire",
    "type": "emit",
    "field": "fd_fire",
    "qty": 1,
    "chance": 1
  },
  {
    "id": "secro_nstro3_ss",
    "type": "emit",
    "field": "fd_relax_gas",
    "qty": 15,
    "chance": 50
  },
  {
    "id": "secro_astro2_acid",
    "type": "emit",
    "field": "fd_acid",
    "intensity": 1,
    "qty": 25,
    "chance": 25
  },
  {
    "id": "secro_vector_small",
    "type": "emit",
    "field": "fd_vector_haze",
    "intensity": 1,
    "qty": 5,
    "chance": 15
  },
  {
    "id": "secro_vector_normal",
    "type": "emit",
    "field": "fd_vector_haze",
    "intensity": 3,
    "qty": 3,
    "chance": 20
  },
  {
    "id": "secro_vector_smol_seeding",
    "type": "emit",
    "note": "Very rare seeding for spores.",
    "field": "fd_vector_seed",
    "intensity": 3,
    "qty": 1,
    "chance": 1
  },
  {
    "id": "secro_vector_normal_seeding",
    "type": "emit",
    "field": "fd_vector_seed",
    "intensity": 3,
    "qty": 1,
    "chance": 2
  },
  {
    "id": "secro_vector_stream",
    "type": "emit",
    "note": "Stream of haze for bloomers.",
    "field": "fd_vector_haze",
    "intensity": 2,
    "qty": 20,
    "chance": 50
  },
  {
    "id": "secro_vector_seeding",
    "type": "emit",
    "note": "Rare seeding for bloomers.",
    "field": "fd_vector_seed",
    "intensity": 3,
    "qty": 1,
    "chance": 5
  },
  {
    "id": "secro_vector_tree_spread",
    "type": "emit",
    "note": "Big explosion of haze for trees.",
    "field": "fd_vector_haze",
    "intensity": 2,
    "qty": 100,
    "chance": 10
  },
  {
    "id": "secro_vector_tree_seeding",
    "type": "emit",
    "note": "Large seeding for trees.",
    "field": "fd_vector_seed",
    "intensity": 3,
    "qty": 5,
    "chance": 10
  },
  {
    "id": "secro_shout",
    "type": "emit",
    "field": "fd_disser_scream",
    "intensity": 1,
    "qty": 150,
    "chance": 15
  },
  {
    "id": "secro_scream",
    "type": "emit",
    "field": "fd_disser_scream",
    "intensity": 1,
    "qty": 30,
    "chance": 80
  },
  {
    "id": "emit_jolt_blanket",
    "type": "emit",
    "field": "fd_electricity",
    "qty": 30,
    "intensity": 2
  },
  {
    "id": "emit_jolt_ing",
    "type": "emit",
    "field": "fd_jolt_elec",
    "qty": 5,
    "intensity": 3
  },
  {
    "id": "emit_bolt_crackle_smol",
    "type": "emit",
    "field": "fd_electricity",
    "qty": 2,
    "intensity": 2
  },
  {
    "id": "emit_bolt_crackle_big",
    "type": "emit",
    "field": "fd_electricity",
    "qty": 6,
    "intensity": 3
  },
  {
    "id": "emit_urixis_aura",
    "type": "emit",
    "field": "fd_uruxis_normal",
    "qty": 10,
    "chance": 10,
    "intensity": 1
  },
  {
    "id": "emit_nix_pressence",
    "type": "emit",
    "field": "fd_nix_fear",
    "qty": 50,
    "intensity": 1
  },
  {
    "id": "emit_gorepit_main",
    "type": "emit",
    "field": "fd_gorepit_center",
    "qty": 1,
    "intensity": 1
  },
  {
    "id": "emit_gorepit_edge",
    "type": "emit",
    "field": "fd_gorepit_wall",
    "qty": 9,
    "intensity": 1
  },
  {
    "id": "emit_gorepit_passive_summon",
    "type": "emit",
    "field": "fd_gorepit_normal",
    "qty": 100,
    "intensity": 1
  },
  {
    "id": "emit_equinox_toxic_weak",
    "type": "emit",
    "field": "fd_toxic_gas",
    "qty": 45,
    "intensity": 1,
    "chance": 75
  },
  {
    "id": "emit_equinox_toxic_normal",
    "type": "emit",
    "field": "fd_toxic_gas",
    "qty": 20,
    "intensity": 2,
    "chance": 25
  },
  {
    "id": "emit_equinox_toxic_strong",
    "type": "emit",
    "field": "fd_toxic_gas",
    "qty": 10,
    "intensity": 3,
    "chance": 10
  },
  {
    "id": "emit_equinox_para",
    "type": "emit",
    "field": "fd_necros_para_gas",
    "qty": 50,
    "intensity": 1,
    "chance": 10
  },
  {
    "id": "emit_equinox_necros_para",
    "type": "emit",
    "field": "fd_necros_para_gas",
    "qty": 1,
    "intensity": 1,
    "chance": 5
  },
  {
    "id": "emit_equinox_necros_cut_para",
    "type": "emit",
    "field": "fd_necros_para_gas",
    "qty": 3,
    "intensity": 1,
    "chance": 20
  },
  {
    "id": "emit_equinox_necros_emit_weak_para",
    "type": "emit",
    "field": "fd_necros_para_gas",
    "qty": 10,
    "intensity": 1,
    "chance": 50
  },
  {
    "id": "emit_equinox_necros_emit_mode_para",
    "type": "emit",
    "field": "fd_necros_para_gas",
    "qty": 5,
    "intensity": 2,
    "chance": 25
  },
  {
    "id": "emit_equinox_necros_emit_stro_para",
    "type": "emit",
    "field": "fd_necros_para_gas",
    "qty": 2,
    "intensity": 3,
    "chance": 10
  },
  {
    "id": "emit_mawy_web_immunity",
    "type": "emit",
    "field": "fd_mawy_web_immune",
    "qty": 1,
    "intensity": 1
  },
  {
    "id": "emit_down_immunity",
    "type": "emit",
    "field": "fd_mon_down_immune",
    "qty": 1,
    "intensity": 1
  },
  {
    "id": "emit_revenant_trigger_immunity",
    "type": "emit",
    "field": "fd_revenant_trigger_immune",
    "qty": 1,
    "intensity": 1
  },
  {
    "id": "emit_revenant_allure_induce_immunity",
    "type": "emit",
    "field": "fd_revenant_allure_induce_immune",
    "qty": 1,
    "intensity": 1
  },
  {
    "id": "emit_fleshknot_gas_terrains",
    "type": "emit",
    "field": "fd_fleshknot_gas",
    "qty": 125,
    "intensity": 1
  },
  {
    "id": "emit_fleshknot_gas_weak",
    "type": "emit",
    "field": "fd_fleshknot_gas",
    "qty": 500,
    "intensity": 1
  },
  {
    "id": "emit_fleshknot_gas_mode",
    "type": "emit",
    "field": "fd_fleshknot_gas",
    "qty": 400,
    "intensity": 2
  },
  {
    "id": "emit_fleshknot_gas_stro",
    "type": "emit",
    "field": "fd_fleshknot_gas",
    "qty": 300,
    "intensity": 3
  },
  {
    "id": "emit_fleshknot_gas_vstro",
    "type": "emit",
    "field": "fd_fleshknot_gas",
    "qty": 200,
    "intensity": 4
  },
  {
    "id": "emit_saddler_biome",
    "type": "emit",
    "field": "fd_acid",
    "qty": 2,
    "intensity": 1,
    "chance": 1
  },
  {
    "id": "emit_resolute_grow",
    "type": "emit",
    "field": "fd_resolute_growth",
    "qty": 1,
    "intensity": 1
  },
  {
    "id": "emit_eye_spawn_tendril",
    "type": "emit",
    "field": "fd_sflesh_spawn_tendril",
    "qty": 30,
    "intensity": 1
  },
  {
    "id": "emit_eye_spawn_jaw",
    "type": "emit",
    "field": "fd_sflesh_spawn_jaw",
    "qty": 30,
    "intensity": 1
  },
  {
    "id": "emit_flesh_tree_grab",
    "type": "emit",
    "field": "fd_flesh_tree_grab",
    "note": "The flesh tree spreads its 'grabbing branches and stem' in 6 directions per turn",
    "qty": 7,
    "intensity": 1
  },
  {
    "id": "emit_flesh_sack_hatch",
    "type": "emit",
    "field": "fd_sflesh_sack",
    "qty": 1,
    "intensity": 1
  },
  {
    "id": "emit_flesh_sack_blind",
    "type": "emit",
    "field": "fd_sflesh_sack_maybe",
    "qty": 1,
    "intensity": 1,
    "chance": 50
  },
  {
    "id": "emit_flesh_taken_blind",
    "type": "emit",
    "field": "fd_sflesh_sack_maybe",
    "qty": 1,
    "intensity": 1,
    "chance": 40
  },
  {
    "id": "emit_flesh_tentclus",
    "type": "emit",
    "field": "fd_sflesh_tentclus",
    "qty": 1,
    "intensity": 1
  },
  {
    "id": "emit_flesh_bones",
    "type": "emit",
    "field": "fd_sflesh_bones",
    "qty": 1,
    "intensity": 1
  },
  {
    "id": "emit_flesh_tendrils",
    "type": "emit",
    "field": "fd_sflesh_tendrils",
    "qty": 1,
    "intensity": 1
  },
  {
    "id": "emit_flesh_taken_potent_blind",
    "type": "emit",
    "field": "fd_sflesh_sack_maybe",
    "qty": 1,
    "intensity": 1,
    "chance": 20
  },
  {
    "id": "emit_flesh_biome",
    "type": "emit",
    "field": "fd_flesh_biome",
    "qty": 500,
    "intensity": 1
  },
  {
    "id": "emit_flesh_biome_immunity",
    "type": "emit",
    "field": "fd_flesh_biome_immune",
    "qty": 1,
    "intensity": 1
  },
  {
    "id": "emit_flesh_wall",
    "type": "emit",
    "field": "fd_sflesh_wall",
    "qty": 1,
    "intensity": 1
  },
  {
    "id": "emit_flesh_wall_limitation",
    "type": "emit",
    "field": "fd_sflesh_wall_limit",
    "qty": 1,
    "intensity": 1
  },
  {
    "id": "emit_veinstalk_spawn",
    "type": "emit",
    "field": "fd_sflesh_veinstalk_popup",
    "qty": 9,
    "intensity": 1
  },
  {
    "id": "emit_veinstalk_limiter",
    "type": "emit",
    "field": "fd_sflesh_veinstalk_limiter",
    "qty": 1,
    "intensity": 1
  },
  {
    "id": "emit_veinstalk_crawler",
    "type": "emit",
    "field": "fd_sflesh_veinstalk_crawler",
    "qty": 1,
    "intensity": 1
  },
  {
    "id": "emit_petty",
    "type": "emit",
    "field": "fd_mon_pet",
    "qty": 1,
    "intensity": 1
  },
  {
    "id": "emit_shifter_illu_limiter",
    "type": "emit",
    "field": "fd_shifter_illu_limiter",
    "qty": 1,
    "intensity": 1
  },
  {
    "id": "emit_secro_power_armor_flesh_link",
    "type": "emit",
    "field": "fd_secro_power_armor_flesh_link",
    "qty": 1,
    "intensity": 1
  },
  {
    "id": "emit_sflesh_fleshling_maybe",
    "type": "emit",
    "field": "fd_sflesh_fleshling",
    "qty": 1,
    "intensity": 1
  },
  {
    "id": "emit_sflesh_fleshling_birth",
    "type": "emit",
    "field": "fd_sflesh_fleshling_birth",
    "qty": 1,
    "intensity": 1,
    "chance": 1
  },
  {
    "id": "emit_sflesh_fleshling_scavengy_forms",
    "type": "emit",
    "field": "fd_sflesh_fleshling_scavengy_forms",
    "qty": 1,
    "intensity": 1,
    "chance": 10
  },
  {
    "id": "emit_sflesh_fleshling_scavengy_forms_limit",
    "type": "emit",
    "field": "fd_sflesh_fleshling_scavengy_forms_limit",
    "qty": 1,
    "intensity": 1
  }
]
