[
  {
    "type": "speech",
    "speaker": "mon_fleshweaver",
    "sound": "claws grinding!",
    "volume": 20
  },
  {
    "type": "speech",
    "speaker": "mon_fleshweaver",
    "sound": "screeches of claws!",
    "volume": 20
  },
  {
    "type": "speech",
    "speaker": "mon_fleshweaver",
    "sound": "a harsh, screeching voice!",
    "volume": 30
  },
  {
    "note": "In half-life, scientists with head crabs beg for help, but they speak backwards (heard only when near them). It was an easter egg too!",
    "type": "speech",
    "speaker": [ "mon_saddler_infected", "mon_saddler_infected_brute", "mon_saddler_infected_scout" ],
    "sound": "\"...em pleh\"",
    "volume": 2
  },
  {
    "type": "speech",
    "speaker": [ "mon_saddler_infected", "mon_saddler_infected_brute", "mon_saddler_infected_scout" ],
    "sound": "\"...efil ym dne\"",
    "volume": 2
  },
  {
    "type": "speech",
    "speaker": [ "mon_saddler_infected", "mon_saddler_infected_brute", "mon_saddler_infected_scout" ],
    "sound": "\"...efil ym ot dne na tup esaelp\"",
    "volume": 2
  },
  {
    "type": "speech",
    "speaker": [ "mon_saddler_infected", "mon_saddler_infected_brute", "mon_saddler_infected_scout" ],
    "sound": "\"...resolc pets tnod\"",
    "volume": 2
  },
  {
    "type": "speech",
    "speaker": [ "mon_saddler_infected", "mon_saddler_infected_brute", "mon_saddler_infected_scout" ],
    "sound": "\"...ti llik\"",
    "volume": 2
  },
  {
    "type": "speech",
    "speaker": [ "mon_saddler_infected", "mon_saddler_infected_brute", "mon_saddler_infected_scout" ],
    "sound": "\"...ouy geb I\"",
    "volume": 2
  },
  {
    "type": "speech",
    "speaker": [ "mon_saddler_infected", "mon_saddler_infected_brute", "mon_saddler_infected_scout" ],
    "sound": "inaudible mumbling.",
    "volume": 5
  },
  {
    "type": "speech",
    "speaker": [ "mon_saddler_infected", "mon_saddler_infected_brute", "mon_saddler_infected_scout" ],
    "sound": "inaudible screeching voice.",
    "volume": 5
  }
]
