[{
    "id": "SECRO_TENDRIL_TENT_THRESHOLD_weapon",
    "type": "GENERIC",
    "symbol": "?",
    "color": "red",
    "name": { "str": "tendril whip" },
    "description": "Your tendril in its swollen, fleshy form, throbbing at unstable rate. You feel its power flowing through you.\n<color_white>Strength: <color_light_green>+2</color>\nBlock: <color_light_green>+2</color>\nAttack speed: <color_red>-5%</color></color>",
    "weight": 3328,
    "volume": 6,
    "price": 0,
    "material": [ "flesh" ],
    "flags": [ "REACH_ATTACK", "UNBREAKABLE_MELEE", "NO_DROP", "NO_UNWIELD", "UNARMED_WEAPON" ],
    "bashing": 12,
    "relic_data": {
      "passive_effects": [
        {
          "has": "WIELD",
          "condition": "ALWAYS",
          "values": [ { "value": "STRENGTH", "add": 1, "//": "Multiply by 2, and we'll get the result." }, { "value": "BONUS_BLOCK", "add": 1 }, { "value": "ATTACK_SPEED", "multiply": -0.025 } ]
        }
      ]
    },
    "category": "secro_cores"
  },
	{
    "id": "SECRO_BLADE_SHARP_THRESHOLD_item",
    "type": "GENERIC",
    "category": "secro_cores",
    "name": "<color_light_green>blade core</color>",
    "description": "This core provides temporary passive effects. Stacks with other cores.\n<color_white>Attack speed: <color_light_green>+3%</color>\nDamage: <color_light_green>+2%</color></color>",
    "weight": 0,
    "volume": 0,
    "price": 0,
    "material": [ "flesh" ],
    "symbol": "⬤",
    "color": "red",
    "relic_data": {
      "passive_effects": [
        {
          "condition": "ALWAYS",
          "values": [ { "value": "ATTACK_SPEED", "multiply": 0.015 }, { "value": "BONUS_DAMAGE", "multiply": 0.01 } ]
        }
      ]
    },
    "flags": [ "NO_DROP" ]
  },
  {
    "id": "SECRO_BLADE_SERRATED_THRESHOLD_item",
    "type": "GENERIC",
    "category": "secro_cores",
    "name": "<color_light_green>blade core</color>",
    "description": "This core provides temporary passive effects. Stacks with other cores.\n<color_white>Attack speed: <color_red>-3%</color>\nSpeed: <color_red>-2%</color>\nDodge: <color_red>-2</color>\nBlock: <color_light_green>2</color></color>",
    "weight": 0,
    "volume": 0,
    "price": 0,
    "material": [ "flesh" ],
    "symbol": "⬤",
    "color": "red",
    "relic_data": {
      "passive_effects": [
        {
          "condition": "ALWAYS",
          "values": [ { "value": "SPEED", "multiply": -0.01 }, { "value": "ATTACK_SPEED", "multiply": -0.015 }, { "value": "BONUS_DODGE", "add": -1 }, { "value": "BONUS_BLOCK", "add": 1 } ]
        }
      ]
    },
    "flags": [ "NO_DROP" ]
  }
]