[
  {
    "type": "SPELL",
    "id": "SECRO_TENDRIL_TENT_THRESHOLD_item",
    "name": "<color_light_red>Tendril Core</color>",
    "description": "Activate this core to temporarily morph your tendril into a powerful weapon.",
    "message": "Your tendril flows with immense power!",
    "flags": [ "SILENT", "RANDOM_DURATION" ],
    "valid_targets": [ "self" ],
    "effect": "spawn_item",
    "effect_str": "SECRO_TENDRIL_TENT_THRESHOLD_weapon",
    "energy_source": "STAMINA",
    "difficulty": 0,
    "base_energy_cost": 2000,
    "min_duration": 4500,
    "max_duration": 6000
  },
  {
    "type": "SPELL",
    "id": "SECRO_BLADE_SHARP_THRESHOLD_core",
    "name": "Core",
    "description": "Spell casted by a mutation or trait, either passive or active. If you're seeing this, then read this one instead:\n'Your blade core becomes active, providing passive effects.'",
    "flags": [ "SILENT", "RANDOM_DURATION" ],
    "valid_targets": [ "self" ],
    "effect": "spawn_item",
    "effect_str": "SECRO_BLADE_SHARP_THRESHOLD_item",
    "min_duration": 725,
    "max_duration": 1250
  },
  {
    "id": "SECRO_BLADE_SHARP_THRESHOLD_arcatk",
    "type": "SPELL",
    "name": "Arc Slash",
    "description": "Spell casted by a mutation or trait, either passive or active. If you're seeing this, then read this one instead:\n'Slashes through a wide arc, dealing cutting damage to all affected creatures.'",
    "flags": [ "SILENT", "RANDOM_DAMAGE" ],
    "valid_targets": [ "hostile" ],
    "effect": "cone_attack",
    "extra_effects": [ { "id": "SECRO_BLADE_SHARP_THRESHOLD_core", "hit_self": true } ],
    "min_damage": 4,
    "max_damage": 8,
    "min_aoe": 100,
    "max_aoe": 100,
    "min_range": 1,
    "max_range": 1,
    "damage_type": "cut"
  },
  {
    "type": "SPELL",
    "id": "SECRO_BLADE_SERRATED_THRESHOLD_core",
    "name": "Core",
    "description": "Spell casted by a mutation or trait, either passive or active. If you're seeing this, then read this one instead:\n'Your blade core becomes active, providing passive effects.'",
    "flags": [ "SILENT", "RANDOM_DURATION" ],
    "valid_targets": [ "self" ],
    "effect": "spawn_item",
    "effect_str": "SECRO_BLADE_SERRATED_THRESHOLD_item",
    "min_duration": 500,
    "max_duration": 1250
  },
  {
    "id": "SECRO_TITAN_spike",
    "type": "SPELL",
    "name": "Spikes",
    "description": "Spell casted by a mutation or trait, either passive or active. If you're seeing this, then read this one instead:\n'Your bone outgrowths harm the attacker, dealing light stabbing damage.'",
    "flags": [ "SILENT", "RANDOM_DAMAGE" ],
    "valid_targets": [ "hostile" ],
    "effect": "projectile_attack",
    "min_damage": 2,
    "max_damage": 6,
    "min_range": 2,
    "max_range": 2,
    "damage_type": "stab"
  },
  {
    "id": "SECRO_TITAN_NOTOK_spike",
    "type": "SPELL",
    "name": "Great Spikes",
    "description": "Spell casted by a mutation or trait, either passive or active. If you're seeing this, then read this one instead:\n'Your bone outgrowths harm the attacker, dealing stabbing damage.'",
    "flags": [ "SILENT", "RANDOM_DAMAGE" ],
    "valid_targets": [ "hostile" ],
    "effect": "projectile_attack",
    "min_damage": 4,
    "max_damage": 8,
    "min_range": 2,
    "max_range": 2,
    "damage_type": "stab"
  },
  {
    "id": "SECRO_LICKER_ATK_THRESHOLD_stabatk",
    "type": "SPELL",
    "name": "Lasher Thrust",
    "description": "Spell casted by a mutation or trait, either passive or active. If you're seeing this, then read this one instead:\n'User stretches its tongue towards the target, piercing through them that deals stabbing damage.'",
    "flags": [ "SILENT", "RANDOM_TARGET", "RANDOM_DAMAGE" ],
    "valid_targets": [ "hostile" ],
    "effect": "line_attack",
    "min_damage": 6,
    "max_damage": 12,
    "min_aoe": 1,
    "max_aoe": 1,
    "min_range": 2,
    "max_range": 2,
    "damage_type": "stab"
  },
  {
    "id": "SECRO_LICKER_DEF_THRESHOLD_effbashatk",
    "type": "SPELL",
    "name": "Lush Licks",
    "description": "Spell casted by a mutation or trait, either passive or active. If you're seeing this, then read this one instead:\n'User strikes the target with their tongue, dealng bashing damage and enslowing them.'",
    "flags": [ "SILENT", "RANDOM_DAMAGE", "RANDOM_DURATION" ],
    "valid_targets": [ "hostile" ],
    "effect": "target_attack",
    "effect_str": "SECRO_LICKER_DEF_THRESHOLD_effbashatk_slow",
    "min_damage": 6,
    "max_damage": 10,
    "min_range": 1,
    "max_range": 1,
    "min_duration": 300,
    "max_duration": 650,
    "damage_type": "bash"
  },
  {
    "id": "SECRO_UNKNOWN_HAIR_SUCK_succ",
    "type": "SPELL",
    "name": "Suck",
    "description": "Spell casted by a mutation or trait, either passive or active. If you're seeing this, then read this one instead:\n'User's proboscides shoot towards the target and suck them.'",
    "flags": [ "SILENT" ],
    "valid_targets": [ "ally", "hostile", "ground" ],
    "effect": "target_attack",
    "extra_effects": [ { "id": "SECRO_UNKNOWN_HAIR_SUCK_succ_er", "hit_self": true }, { "id": "SECRO_UNKNOWN_HAIR_SUCK_succ_ed" } ],
    "min_range": 2,
    "max_range": 2
  },
  {
    "id": "SECRO_UNKNOWN_HAIR_SUCK_succ_er",
    "type": "SPELL",
    "name": "Succ - Heal",
    "description": "Spell casted by a mutation or trait, either passive or active. If you're seeing this, then read this one instead:\n'You sucked the target, healing you by 2.'",
    "flags": [ "SILENT" ],
    "valid_targets": [ "self" ],
    "effect": "target_attack",
    "min_damage": -2,
    "max_damage": -2,
    "damage_type": "none"
  },
  {
    "id": "SECRO_UNKNOWN_HAIR_SUCK_succ_ed",
    "type": "SPELL",
    "name": "Succ - Damage",
    "description": "Spell casted by a mutation or trait, either passive or active. If you're seeing this, then read this one instead:\n'You sucked them - dealing 5 damage.'",
    "flags": [ "SILENT", "RANDOM_TARGET" ],
    "valid_targets": [ "hostile" ],
    "effect": "target_attack",
    "min_damage": 5,
    "max_damage": 5,
    "min_range": 2,
    "max_range": 2,
    "damage_type": "none"
  },
  {
    "id": "SECRONOM_FLESH_BIO_spread_near",
    "type": "SPELL",
    "name": "Devour",
    "description": "Spell casted by a monster. If you're seeing this, then read this one instead:\n'Caster guides the flesh to spread to nearby tiles.'",
    "flags": [ "SILENT", "IGNORE_WALLS" ],
    "valid_targets": [ "ground", "self" ],
    "effect": "ter_transform",
    "effect_str": "fv_flesh_spread",
    "min_aoe": 4,
    "max_aoe": 4
  },
  {
    "id": "SECRONOM_FLESH_BIO_spread_far",
    "type": "SPELL",
    "name": "Devour",
    "description": "Spell casted by a monster. If you're seeing this, then read this one instead:\n'Caster guides the flesh to spread to nearby tiles. This spreading reaches further.'",
    "flags": [ "SILENT", "IGNORE_WALLS" ],
    "valid_targets": [ "ground", "self" ],
    "effect": "ter_transform",
    "effect_str": "fv_flesh_spread",
    "min_aoe": 12,
    "max_aoe": 12
  },
  {
    "id": "SECRONOM_FLESH_BIO_spread_veryveryfar",
    "type": "SPELL",
    "name": "Devour",
    "description": "Spell casted by a monster. If you're seeing this, then read this one instead:\n'Caster guides the flesh to spread to nearby tiles. This spreading reaches further.'",
    "flags": [ "SILENT", "IGNORE_WALLS" ],
    "valid_targets": [ "ground", "self" ],
    "effect": "ter_transform",
    "effect_str": "fv_flesh_spread",
    "min_aoe": 36,
    "max_aoe": 36
  },
  {
    "id": "SECRONOM_FLESH_BIO_spreadier_near",
    "type": "SPELL",
    "name": "Devour",
    "description": "Spell casted by a monster. If you're seeing this, then read this one instead:\n'Caster guides the flesh to spread to nearby tiles.'",
    "flags": [ "SILENT", "IGNORE_WALLS" ],
    "valid_targets": [ "ground", "self" ],
    "effect": "ter_transform",
    "effect_str": "fv_flesh_spread",
    "min_aoe": 6,
    "max_aoe": 6
  },
  {
    "id": "SECRONOM_FLESH_BIO_spreadier_far",
    "type": "SPELL",
    "name": "Devour",
    "description": "Spell casted by a monster. If you're seeing this, then read this one instead:\n'Caster guides the flesh to spread to nearby tiles. This spreading reaches further.'",
    "flags": [ "SILENT", "IGNORE_WALLS" ],
    "valid_targets": [ "ground", "self" ],
    "effect": "ter_transform",
    "effect_str": "fv_flesh_spread",
    "min_aoe": 18,
    "max_aoe": 18
  },
  {
    "id": "SECRONOM_FLESH_BIO_spreadier_veryveryfar",
    "type": "SPELL",
    "name": "Devour",
    "description": "Spell casted by a monster. If you're seeing this, then read this one instead:\n'Caster guides the flesh to spread to nearby tiles. This spreading reaches further.'",
    "flags": [ "SILENT", "IGNORE_WALLS" ],
    "valid_targets": [ "ground", "self" ],
    "effect": "ter_transform",
    "effect_str": "fv_flesh_spread",
    "min_aoe": 54,
    "max_aoe": 54
  },
  {
    "id": "SECRONOM_FLESH_BIO_spreadiest_near",
    "type": "SPELL",
    "name": "Devour",
    "description": "Spell casted by a monster. If you're seeing this, then read this one instead:\n'Caster guides the flesh to spread to nearby tiles.'",
    "flags": [ "SILENT", "IGNORE_WALLS" ],
    "valid_targets": [ "ground", "self" ],
    "effect": "ter_transform",
    "effect_str": "fv_flesh_spread",
    "min_aoe": 8,
    "max_aoe": 8
  },
  {
    "id": "SECRONOM_FLESH_BIO_spreadiest_far",
    "type": "SPELL",
    "name": "Devour",
    "description": "Spell casted by a monster. If you're seeing this, then read this one instead:\n'Caster guides the flesh to spread to nearby tiles. This spreading reaches further.'",
    "flags": [ "SILENT", "IGNORE_WALLS" ],
    "valid_targets": [ "ground", "self" ],
    "effect": "ter_transform",
    "effect_str": "fv_flesh_spread",
    "min_aoe": 24,
    "max_aoe": 24
  },
  {
    "id": "SECRONOM_FLESH_BIO_spreadiest_veryveryfar",
    "type": "SPELL",
    "name": "Devour",
    "description": "Spell casted by a monster. If you're seeing this, then read this one instead:\n'Caster guides the flesh to spread to nearby tiles. This spreading reaches further.'",
    "flags": [ "SILENT", "IGNORE_WALLS" ],
    "valid_targets": [ "ground", "self" ],
    "effect": "ter_transform",
    "effect_str": "fv_flesh_spread",
    "min_aoe": 72,
    "max_aoe": 72
  },
  {
    "id": "SECRONOM_FLESH_BIO_disable",
    "type": "SPELL",
    "name": "Disable",
    "description": "Spell casted by a mutation or trait, either passive or active. If you're seeing this, then read this one instead:\n'You are nothing, but a mere builder...'",
    "flags": [ "SILENT", "PERMANENT" ],
    "valid_targets": [ "self" ],
    "effect": "target_attack",
    "effect_str": "blind"
  },
  {
    "id": "SECRONOM_FLESH_BIO_check",
    "type": "SPELL",
    "name": "Check Player",
    "description": "Spell casted by a mutation or trait, either passive or active. If you're seeing this, then read this one instead:\n'You check the player if they're adjacent to you.'",
    "flags": [ "SILENT", "RANDOM_TARGET" ],
    "valid_targets": [ "hostile", "ally", "self" ],
    "effect": "projectile_attack",
    "effect_str": "secro_flesh_isadjacent",
    "min_duration": 100,
    "max_duration": 100,
    "min_range": 1,
    "max_range": 1
  },
  {
    "type": "SPELL",
    "id": "SECRONOM_FLESH_BIO_check_random",
    "name": "a spell",
    "description": "Target spell casted by an item. If you're seeing this, then read this one instead:\n'Caster locks its line of sight onto the target, then randomly casts one of the Spell(s).'",
    "message": "",
    "extra_effects": [ { "id": "SECRONOM_FLESH_BIO_check" } ],
    "flags": [ "SILENT", "WONDER", "RANDOM_TARGET" ],
    "valid_targets": [ "hostile", "ally", "self" ],
    "effect": "target_attack",
    "effect_str": "secro_magic_target",
    "min_damage": 10,
    "max_damage": 10,
    "min_range": 1,
    "max_range": 1,
    "min_duration": 1,
    "max_duration": 1
  }
]
