[
  {
    "type": "effect_type",
    "id": "SECRO_LICKER_DEF_THRESHOLD_effbashatk_slow",
    "name": [ "Licked" ],
    "desc": [ "You were licked by a gruesome tongue!" ],
    "rating": "bad",
    "show_in_info": true,
    "base_mods": { "speed_mod": [ -35 ] }
  },
  {
    "type": "effect_type",
    "id": "SECRONOM_FLESH_STARTER_melt",
    "rating": "bad",
    "base_mods": { "hurt_min": [ 10 ], "hurt_tick": [ 100 ], "pain_min": [ 10 ], "pain_chance": [ 100 ] }
  },
  {
    "type": "effect_type",
    "id": "SECRONOM_FLESH_BIO_mobile_unstable",
    "rating": "bad",
    "base_mods": { "hurt_min": [ 50 ], "hurt_tick": [ 100 ], "pain_min": [ 10 ], "pain_chance": [ 100 ] }
  }
]