[
  {
    "id": "achievement_secronom_monkill_basictrio",
    "type": "achievement",
    "name": "<color_light_red>(Secronom)</color> The Basic Trio",
    "description": "Slay a blade zombie, a tendril zombie and a spider zombie.\n",
    "requirements": [
      { "event_statistic": "num_avatar_secronom_zombie_blade_kills", "is": ">=", "target": 1 },
      { "event_statistic": "num_avatar_secronom_zombie_tendrils_kills", "is": ">=", "target": 1 },
      { "event_statistic": "num_avatar_secronom_zombie_spoder_kills", "is": ">=", "target": 1 }
    ]
  },
  {
    "id": "achievement_secronom_monkill_noharmpotato",
    "type": "achievement",
    "name": "<color_light_red>(Secronom)</color> Harmless Potatoes",
    "description": "Slay 5 lying bodies.\n",
    "requirements": [
      { "event_statistic": "num_avatar_secronom_zombie_WALKINGPOTATO_kills", "is": ">=", "target": 5 }
    ]
  },
  {
    "id": "achievement_secronom_monkill_swarm",
    "type": "achievement",
    "name": "<color_light_red>(Secronom)</color> The Swarm",
    "description": "Slay 15 swarmers.\n",
    "requirements": [
      { "event_statistic": "num_avatar_secronom_zombie_swarmer_weak_kills", "is": ">=", "target": 15 }
    ]
  },
  {
    "id": "achievement_secronom_monkill_zombie_blade",
    "type": "achievement",
    "name": "<color_light_red>(Secronom)</color> Swords",
    "description": "Slay blade zombies along with its evolution.\n",
    "requirements": [
      { "event_statistic": "num_avatar_secronom_zombie_blade_kills", "is": ">=", "target": 100 },
      { "event_statistic": "num_avatar_secronom_zombie_sharpblade_kills", "is": ">=", "target": 25 },
      { "event_statistic": "num_avatar_secronom_zombie_serratedblade_kills", "is": ">=", "target": 25 },
      { "event_statistic": "num_avatar_secronom_zombie_razor_kills", "is": ">=", "target": 3 }
    ]
  },
  {
    "id": "achievement_secronom_monkill_zombie_tendrils",
    "type": "achievement",
    "name": "<color_light_red>(Secronom)</color> Whips",
    "description": "Slay tendril zombies along with its evolution.\n",
    "requirements": [
      { "event_statistic": "num_avatar_secronom_zombie_tendrils_kills", "is": ">=", "target": 100 },
      { "event_statistic": "num_avatar_secronom_zombie_thicktendrils_kills", "is": ">=", "target": 25 },
      { "event_statistic": "num_avatar_secronom_zombie_tendricles_kills", "is": ">=", "target": 25 },
      { "event_statistic": "num_avatar_secronom_zombie_tentawraith_kills", "is": ">=", "target": 3 }
    ]
  },
  {
    "id": "achievement_secronom_monkill_zombie_spoder",
    "type": "achievement",
    "name": "<color_light_red>(Secronom)</color> Claws",
    "description": "Slay spider zombies along with its evolution.\n",
    "requirements": [
      { "event_statistic": "num_avatar_secronom_zombie_spoder_kills", "is": ">=", "target": 100 },
      { "event_statistic": "num_avatar_secronom_zombie_spoderhug_kills", "is": ">=", "target": 25 },
      { "event_statistic": "num_avatar_secronom_zombie_spodertickle_kills", "is": ">=", "target": 25 }
    ]
  },
  {
    "id": "achievement_secronom_monkill_zombie_mouth",
    "type": "achievement",
    "name": "<color_light_red>(Secronom)</color> Orifices",
    "description": "Slay mouthswell zombies along with its evolution.\n",
    "requirements": [
      { "event_statistic": "num_avatar_secronom_zombie_mouth_kills", "is": ">=", "target": 100 },
      { "event_statistic": "num_avatar_secronom_zombie_bellymouth_kills", "is": ">=", "target": 25 },
      { "event_statistic": "num_avatar_secronom_zombie_omouth_kills", "is": ">=", "target": 25 },
      { "event_statistic": "num_avatar_secronom_zombie_suctionmouth_kills", "is": ">=", "target": 3 }
    ]
  },
  {
    "id": "achievement_secronom_monkill_zombie_charger",
    "type": "achievement",
    "name": "<color_light_red>(Secronom)</color> Impact",
    "description": "Slay charger zombies along with its evolution.\n",
    "requirements": [
      { "event_statistic": "num_avatar_secronom_zombie_charger_kills", "is": ">=", "target": 100 },
      { "event_statistic": "num_avatar_secronom_zombie_charger_spike_kills", "is": ">=", "target": 25 },
      { "event_statistic": "num_avatar_secronom_zombie_charger_plate_kills", "is": ">=", "target": 25 },
      { "event_statistic": "num_avatar_secronom_zombie_charger_vanguard_kills", "is": ">=", "target": 5 }
    ]
  },
  {
    "id": "achievement_secronom_monkill_zombie_traslucent",
    "type": "achievement",
    "name": "<color_light_red>(Secronom)</color> Corrosion",
    "description": "Slay translucent zombies along with its evolution.\n",
    "requirements": [
      { "event_statistic": "num_avatar_secronom_zombie_translucent_kills", "is": ">=", "target": 25 },
      { "event_statistic": "num_avatar_secronom_zombie_pellucid_kills", "is": ">=", "target": 5 }
    ]
  },
  {
    "id": "achievement_secronom_monkill_zombie_scourge",
    "type": "achievement",
    "name": "<color_light_red>(Secronom)</color> Infection",
    "description": "Slay scourge zombies along with its evolution.\n",
    "requirements": [
      { "event_statistic": "num_avatar_secronom_zombie_scourge_kills", "is": ">=", "target": 50 },
      { "event_statistic": "num_avatar_secronom_zombie_defile_kills", "is": ">=", "target": 20 },
      { "event_statistic": "num_avatar_secronom_zombie_leptiosa_kills", "is": ">=", "target": 5 }
    ]
  },
  {
    "id": "achievement_secronom_monkill_zombie_lick",
    "type": "achievement",
    "name": "<color_light_red>(Secronom)</color> Lashers",
    "description": "Slay licker zombies along with its evolution.\n",
    "requirements": [
      { "event_statistic": "num_avatar_secronom_zombie_lick_kills", "is": ">=", "target": 30 },
      { "event_statistic": "num_avatar_secronom_zombie_mlick_kills", "is": ">=", "target": 15 },
      { "event_statistic": "num_avatar_secronom_zombie_xlick_kills", "is": ">=", "target": 5 }
    ]
  },
  {
    "id": "achievement_secronom_monkill_zombie_WALKINGPOTATO",
    "type": "achievement",
    "name": "<color_light_red>(Secronom)</color> Wings",
    "description": "Slay lying bodies along with its evolution.\n",
    "requirements": [
      { "event_statistic": "num_avatar_secronom_zombie_WALKINGPOTATO_kills", "is": ">=", "target": 30 },
      { "event_statistic": "num_avatar_secronom_zombie_zawk_kills", "is": ">=", "target": 10 },
      { "event_statistic": "num_avatar_secronom_zombie_zoth_kills", "is": ">=", "target": 10 },
      { "event_statistic": "num_avatar_secronom_zombie_nightwail_kills", "is": ">=", "target": 3 }
    ]
  },
  {
    "id": "achievement_secronom_monkill_zombie_grubby",
    "type": "achievement",
    "name": "<color_light_red>(Secronom)</color> Parasites",
    "description": "Slay grubby zombies along with its evolution.\n",
    "requirements": [
      { "event_statistic": "num_avatar_secronom_zombie_grubby_kills", "is": ">=", "target": 30 },
      { "event_statistic": "num_avatar_secronom_zombie_slimy_kills", "is": ">=", "target": 10 },
      { "event_statistic": "num_avatar_secronom_zombie_glut_kills", "is": ">=", "target": 3 }
    ]
  },
  {
    "id": "achievement_secronom_monkill_zombie_unify",
    "type": "achievement",
    "name": "<color_light_red>(Secronom)</color> Hemomancy",
    "description": "Slay unifier zombies along with its evolution and minions.\n",
    "requirements": [
      { "event_statistic": "num_avatar_secronom_zombie_unify_kills", "is": ">=", "target": 30 },
      { "event_statistic": "num_avatar_secronom_zombie_unity_kills", "is": ">=", "target": 10 },
      { "event_statistic": "num_avatar_secronom_zombie_hemo_kills", "is": ">=", "target": 3 },
      { "event_statistic": "num_avatar_secronom_zombie_bloodvessel_kills", "is": ">=", "target": 50 },
      { "event_statistic": "num_avatar_secronom_zombie_bloodfiend_kills", "is": ">=", "target": 15 }
    ]
  },
  {
    "id": "achievement_secronom_monkill_zombie_skittyweavy",
    "type": "achievement",
    "name": "<color_light_red>(Secronom)</color> Healers",
    "description": "Slay skittering weavers along with its evolution.\n",
    "requirements": [
      { "event_statistic": "num_avatar_secronom_zombie_skittyweavy_kills", "is": ">=", "target": 50 },
      { "event_statistic": "num_avatar_secronom_zombie_skittyweavy_repleshy_kills", "is": ">=", "target": 10 },
      { "event_statistic": "num_avatar_secronom_zombie_skittyweavy_sickly_kills", "is": ">=", "target": 10 }
    ]
  },
  {
    "id": "achievement_secronom_monkill_zombie_revenant",
    "type": "achievement",
    "name": "<color_light_red>(Secronom)</color> Commanders",
    "description": "Slay revenants along with its evolution.\n",
    "requirements": [
      { "event_statistic": "num_avatar_secronom_zombie_revenant_kills", "is": ">=", "target": 50 },
      { "event_statistic": "num_avatar_secronom_zombie_revenant_forsaken_kills", "is": ">=", "target": 10 },
      { "event_statistic": "num_avatar_secronom_zombie_revenant_allure_kills", "is": ">=", "target": 10 }
    ]
  },
  {
    "id": "achievement_secronom_monkill_zombie_tita",
    "type": "achievement",
    "name": "<color_light_red>(Secronom)</color> Spikes",
    "description": "Slay titans along with its evolution.\n",
    "requirements": [
      { "event_statistic": "num_avatar_secronom_zombie_titan_kills", "is": ">=", "target": 5 },
      { "event_statistic": "num_avatar_secronom_zombie_blacktitan_kills", "is": ">=", "target": 1 }
    ]
  },
  {
    "id": "achievement_secronom_monkill_maxtier",
    "type": "achievement",
    "name": "<color_light_red>(Secronom)</color> They Evolve Bigger, I Become Powerful!",
    "description": "Show your progress by slaying all tier 3 mutants.\n",
    "requirements": [
      { "event_statistic": "num_avatar_secronom_zombie_razor_kills", "is": ">=", "target": 1 },
      { "event_statistic": "num_avatar_secronom_zombie_tentawraith_kills", "is": ">=", "target": 1 },
      { "event_statistic": "num_avatar_secronom_zombie_suctionmouth_kills", "is": ">=", "target": 1 },
      { "event_statistic": "num_avatar_secronom_zombie_charger_vanguard_kills", "is": ">=", "target": 1 },
      { "event_statistic": "num_avatar_secronom_zombie_leptiosa_kills", "is": ">=", "target": 1 },
      { "event_statistic": "num_avatar_secronom_zombie_xlick_kills", "is": ">=", "target": 1 },
      { "event_statistic": "num_avatar_secronom_zombie_nightwail_kills", "is": ">=", "target": 1 },
      { "event_statistic": "num_avatar_secronom_zombie_hemo_kills", "is": ">=", "target": 1 }
    ]
  },
  {
    "id": "achievement_secronom_monkill_trypophobia",
    "type": "achievement",
    "name": "<color_light_red>(Secronom)</color> Trypophobia",
    "description": "Slay 10 lepotitsas.\n",
    "requirements": [ { "event_statistic": "num_avatar_secronom_zombie_leptiosa_kills", "is": ">=", "target": 10 } ]
  },
  {
    "id": "achievement_secronom_monkill_sewerpredator",
    "type": "achievement",
    "name": "<color_light_red>(Secronom)</color> Sewerage Predator",
    "description": "Slay a nautilus.\n",
    "requirements": [ { "event_statistic": "num_avatar_secronom_zombie_nautilus_kills", "is": ">=", "target": 1 } ]
  },
  {
    "id": "achievement_secronom_monkill_hiddenself",
    "type": "achievement",
    "name": "<color_light_red>(Secronom)</color> Hidden Identity",
    "description": "Reveal then slay the fake zombies.\n",
    "requirements": [ 
	  { "event_statistic": "num_avatar_secronom_zombie_ichorus_kills", "is": ">=", "target": 2 },
	  { "event_statistic": "num_avatar_secronom_zombie_psyrus_kills", "is": ">=", "target": 2 },
	  { "event_statistic": "num_avatar_secronom_shifter_kills", "is": ">=", "target": 1 }
	]
  },
  {
    "id": "achievement_secronom_monkill_necromance",
    "type": "achievement",
    "name": "<color_light_red>(Secronom)</color> Necromancy",
    "description": "Slay an uruxis.\n",
    "requirements": [ { "event_statistic": "num_avatar_secronom_zombie_uruxis_kills", "is": ">=", "target": 1 } ]
  },
  {
    "id": "achievement_secronom_monkill_lonewolf",
    "type": "achievement",
    "name": "<color_light_red>(Secronom)</color> Lonewolf",
    "description": "Slay an ascended stray zombie of each element.\n",
    "requirements": [ 
	  { "event_statistic": "num_avatar_secronom_zombie_stray_w_leaf_stro3_kills", "is": ">=", "target": 1 },
	  { "event_statistic": "num_avatar_secronom_zombie_stray_w_acid_stro3_kills", "is": ">=", "target": 1 } 
	]
  },
  {
    "id": "achievement_secronom_monkill_bioweps",
    "type": "achievement",
    "name": "<color_light_red>(Secronom)</color> Bio Organic Weapons",
    "description": "Slay the BOWs of the lab.\n",
    "requirements": [ 
	  { "event_statistic": "num_avatar_secronom_zedbow_kaxix_kills", "is": ">=", "target": 8 },
	  { "event_statistic": "num_avatar_secronom_zedbow_axxuros_kills", "is": ">=", "target": 4 },
	  { "event_statistic": "num_avatar_secronom_zedbow_exios_kills", "is": ">=", "target": 4 },
	  { "event_statistic": "num_avatar_secronom_zedbow_drexx_kills", "is": ">=", "target": 2 },
	  { "event_statistic": "num_avatar_secronom_zedbow_epixo_kills", "is": ">=", "target": 1 }
	]
  },
  {
    "id": "achievement_secronom_monkill_wanderers",
    "type": "achievement",
    "name": "<color_light_red>(Secronom)</color> Wasteland Wanderers",
    "description": "Slay each wandering specimens.\n",
    "requirements": [ 
	  { "event_statistic": "num_avatar_secronom_ayenel_kills", "is": ">=", "target": 1 },
	  { "event_statistic": "num_avatar_secronom_maneater_kills", "is": ">=", "target": 1 },
	  { "event_statistic": "num_avatar_secronom_shifter_kills", "is": ">=", "target": 1 }
	]
  },
  {
    "id": "achievement_secronom_monkill_giantworms",
    "type": "achievement",
    "name": "<color_light_red>(Secronom)</color> Colossal Worms",
    "description": "Slay each of the mutant worms.\n",
    "requirements": [
	  { "event_statistic": "num_avatar_secronom_zombieworm_gravedigger_kills", "is": ">=", "target": 1 },
	  { "event_statistic": "num_avatar_secronom_zombieworm_wriggly_kills", "is": ">=", "target": 1 },
	  { "event_statistic": "num_avatar_secronom_zombieworm_mawy_kills", "is": ">=", "target": 1 }
	]
  },
  {
    "id": "achievement_secronom_monkill_saddlers",
    "type": "achievement",
    "name": "<color_light_red>(Secronom)</color> Head Crabs",
    "description": "Slay a saddler and its \"riding\" counterparts.\n",
    "requirements": [
	  { "event_statistic": "num_avatar_secronom_saddler_kills", "is": ">=", "target": 1 },
	  { "event_statistic": "num_avatar_secronom_zombie_saddler_infected_kills", "is": ">=", "target": 1 },
	  { "event_statistic": "num_avatar_secronom_saddler_infected_kills", "is": ">=", "target": 1 }
	]
  },
  {
    "id": "achievement_secronom_monkill_fleshybosses",
    "type": "achievement",
    "name": "<color_light_red>(Secronom)</color> Crimson Hiveminds",
    "description": "Slay the flesh each of its different variations.\n",
    "requirements": [
	  { "event_statistic": "num_avatar_secronom_sflesh_flesh_kills", "is": ">=", "target": 1 },
	  { "event_statistic": "num_avatar_secronom_sflesh_flesh_city_kills", "is": ">=", "target": 1 }
	]
  },
  {
    "id": "achievement_secronom_monkill_pandemonium",
    "type": "achievement",
    "name": "<color_light_red>(Secronom)</color> Pandemonium On The Streets",
    "description": "Slay a gorepit and an equinox along with their minions.\n",
    "requirements": [
	  { "event_statistic": "num_avatar_secronom_zombie_gorepit_kills", "is": ">=", "target": 1 },
	  { "event_statistic": "num_avatar_secronom_zombie_gorepit_tent_kills", "is": ">=", "target": 10 },
	  { "event_statistic": "num_avatar_secronom_zombie_equinox_kills", "is": ">=", "target": 1 },
	  { "event_statistic": "num_avatar_secronom_zombie_equinox_necros_kills", "is": ">=", "target": 10 },
	  { "event_statistic": "num_avatar_secronom_zombie_equinox_necros_stab_kills", "is": ">=", "target": 5 },
	  { "event_statistic": "num_avatar_secronom_zombie_equinox_necros_cut_kills", "is": ">=", "target": 5 },
	  { "event_statistic": "num_avatar_secronom_zombie_equinox_necros_emit_kills", "is": ">=", "target": 2 }
	]
  },
  {
    "id": "achievement_secronom_monkill_citybigbois",
    "type": "achievement",
    "name": "<color_light_red>(Secronom)</color> Size Doesn't Matter",
    "description": "Just show those overgrown bastards that you're the best!\n",
    "requirements": [
	  { "event_statistic": "num_avatar_secronom_zombie_fleshmonger_kills", "is": ">=", "target": 1 },
	  { "event_statistic": "num_avatar_secronom_zombie_gorepit_kills", "is": ">=", "target": 1 },
	  { "event_statistic": "num_avatar_secronom_zombie_cordev_kills", "is": ">=", "target": 1 },
	  { "event_statistic": "num_avatar_secronom_zombie_fleshysnaky_kills", "is": ">=", "target": 1 },
	  { "event_statistic": "num_avatar_secronom_zombie_equinox_kills", "is": ">=", "target": 1 }
	]
  },
  {
    "id": "achievement_secronom_monkill_cyberdrago",
    "type": "achievement",
    "name": "<color_light_red>(Secronom)</color> Fall Of The Cyber-Dragon",
    "description": "Subdue a secronom dragon.\n",
    "requirements": [ { "event_statistic": "num_avatar_secronom_secrodragon_kills", "is": ">=", "target": 1 } ]
  },
  {
    "id": "achievement_secronom_speciekill1_secrozed_1",
    "type": "achievement",
    "name": "<color_light_red>(Secronom)</color> First Mutant Slain!",
    "description": "Slay a mutant.\n",
    "requirements": [ { "event_statistic": "num_avatar_secronom_secrozed_1_kills", "is": ">=", "target": 1 } ]
  },
  {
    "id": "achievement_secronom_speciekill1_secrozed_2",
    "type": "achievement",
    "name": "<color_light_red>(Secronom)</color> First Elite Mutant Slain!",
    "description": "Slay an elite mutant.\n",
    "requirements": [ { "event_statistic": "num_avatar_secronom_secrozed_2_kills", "is": ">=", "target": 1 } ]
  },
  {
    "id": "achievement_secronom_speciekill1_secrozed_3",
    "type": "achievement",
    "name": "<color_light_red>(Secronom)</color> First Deadly Mutant Slain!",
    "description": "Slay a deadly mutant.\n",
    "requirements": [ { "event_statistic": "num_avatar_secronom_secrozed_3_kills", "is": ">=", "target": 1 } ]
  },
  {
    "id": "achievement_secronom_speciekill1_secrozed_ultimate",
    "type": "achievement",
    "name": "<color_light_red>(Secronom)</color> First Cataclysmic Mutant Slain!",
    "description": "Slay a cataclysmic mutant.\n",
    "requirements": [ { "event_statistic": "num_avatar_secronom_secrozed_ultimate_kills", "is": ">=", "target": 1 } ]
  },
  {
    "id": "achievement_secronom_speciekill1_secrospec",
    "type": "achievement",
    "name": "<color_light_red>(Secronom)</color> First Specimen Slain!",
    "description": "Slay a secronom specimen.\n",
    "requirements": [ { "event_statistic": "num_avatar_secronom_secrospec_kills", "is": ">=", "target": 1 } ]
  },
  {
    "id": "achievement_secronom_speciekill1_secroflesh",
    "type": "achievement",
    "name": "<color_light_red>(Secronom)</color> First Crimson Horror Exterminated!",
    "description": "Exterminate a crimson horror.\n",
    "requirements": [ { "event_statistic": "num_avatar_secronom_secroflesh_kills", "is": ">=", "target": 1 } ]
  },
  {
    "id": "achievement_secronom_speciekill1_secrosaddler",
    "type": "achievement",
    "name": "<color_light_red>(Secronom)</color> First Insectoid (saddler) Exterminated!",
    "description": "Exterminate a saddler.\n",
    "requirements": [ { "event_statistic": "num_avatar_secronom_secrosaddler_kills", "is": ">=", "target": 1 } ]
  },
  {
    "id": "achievement_secronom_effget_pedo_restraint",
    "type": "achievement",
    "name": "<color_light_red>(Secronom)</color> Tentacle Constriction",
    "description": "Get constricted by nautilus torpedos.\n",
    "requirements": [ { "event_statistic": "num_avatar_secronom_effget_pedo_restraint", "is": ">=", "target": 10 } ]
  },
  {
    "id": "achievement_secronom_effget_vector_infect",
    "type": "achievement",
    "name": "<color_light_red>(Secronom)</color> Star Dusts Of Doom",
    "description": "Contract a vector infection.\n",
    "requirements": [ { "event_statistic": "num_avatar_secronom_effget_vector_infect", "is": ">=", "target": 1 } ]
  },
  {
    "id": "achievement_secronom_efflost_secro_akin_siphon_foe",
    "type": "achievement",
    "name": "<color_light_red>(Secronom)</color> Sucked Out",
    "description": "Get drained out of energy by akins.\n",
    "requirements": [ { "event_statistic": "num_avatar_secronom_efflost_secro_akin_siphon_foe", "is": ">=", "target": 5 } ]
  },
  {
    "id": "achievement_secronom_see_nimplode",
    "type": "achievement",
    "name": "<color_light_red>(Secronom)</color> Meat-eor Shower!",
    "description": "Performed by a monster.\n",
    "requirements": [ { "event_statistic": "num_avatar_secronom_witness_nimplode", "is": ">=", "target": 1 } ]
  },
  {
    "id": "achievement_secronom_see_texplode",
    "type": "achievement",
    "name": "<color_light_red>(Secronom)</color> A Greedy Mutant",
    "description": "Performed by a monster.\n",
    "requirements": [ { "event_statistic": "num_avatar_secronom_witness_texplode", "is": ">=", "target": 1 } ]
  },
  {
    "id": "achievement_secronom_see_grow_null",
    "type": "achievement",
    "name": "<color_light_red>(Secronom)</color> Deadly Risk Of Forced Growth",
    "description": "Performed by a monster.\n",
    "requirements": [ { "event_statistic": "num_avatar_secronom_witness_grow_null", "is": ">=", "target": 1 } ]
  },
  {
    "id": "achievement_secronom_see_edischarge",
    "type": "achievement",
    "name": "<color_light_red>(Secronom)</color> Shocking Performance!",
    "description": "Performed by a monster.\n",
    "requirements": [ { "event_statistic": "num_avatar_secronom_witness_edischarge", "is": ">=", "target": 1 } ]
  },
  {
    "id": "achievement_secronom_special_mutant_slayer",
    "type": "achievement",
    "name": "<color_light_red>(Secronom)</color> Slayer Of All Mutants",
    "description": "World's in chaos, and yet, you're here for annihilation.\n",
    "requirements": [
      { "event_statistic": "num_avatar_secronom_secrozed_1_kills", "is": ">=", "target": 1000 },
      { "event_statistic": "num_avatar_secronom_secrozed_2_kills", "is": ">=", "target": 100 },
      { "event_statistic": "num_avatar_secronom_secrozed_3_kills", "is": ">=", "target": 10 },
      { "event_statistic": "num_avatar_secronom_secrozed_ultimate_kills", "is": ">=", "target": 1 }
    ]
  },
  {
    "id": "achievement_secronom_special_lights_out",
    "type": "achievement",
    "name": "<color_light_red>(Secronom)</color> Lights Out!",
    "description": "Face the darkness!\n",
    "requirements": [
      { "event_statistic": "num_avatar_secronom_zombie_nightwail_kills", "is": ">=", "target": 10 },
      { "event_statistic": "num_avatar_secronom_efflost_blind", "is": ">=", "target": 100 }
    ]
  },
  {
    "id": "achievement_secronom_special_unexpected_grab",
    "type": "achievement",
    "name": "<color_light_red>(Secronom)</color> Unexpected Grab!",
    "description": "Sometimes, they twitch too.\n",
    "requirements": [
      { "event_statistic": "num_avatar_secronom_efflost_secro_flesh_tree_grab", "is": ">=", "target": 1 }
    ]
  },
  {
    "id": "achievement_secronom_special_meat_eat",
    "type": "achievement",
    "name": "<color_light_red>(Secronom)</color> \"The Flesh\"",
    "description": "Dare to eat what you've sworn to destroy.\n",
    "requirements": [
      { "event_statistic": "num_avatar_secronom_effget_secro_flesh_bio_limb", "is": ">=", "target": 1 }
    ]
  },
  {
    "id": "achievement_secronom_special_survive1",
    "type": "achievement",
    "name": "<color_light_red>(Secronom)</color> 30th Days Survived",
    "description": "Warning: mutants have become more aggressive.\n",
    "time_constraint": { "since": "game_start", "is": ">=", "target": "30 days" },
    "requirements": [ { "event_statistic": "num_avatar_wake_ups", "is": "anything" } ]
  },
  {
    "id": "achievement_secronom_special_survive2",
    "type": "achievement",
    "name": "<color_light_red>(Secronom)</color> 6th Month Survived",
    "description": "Warning: mutants are much more dangerous.\n",
    "time_constraint": { "since": "game_start", "is": ">=", "target": "180 days" },
    "requirements": [ { "event_statistic": "num_avatar_wake_ups", "is": "anything" } ]
  },
  {
    "id": "achievement_secronom_special_survive3",
    "type": "achievement",
    "name": "<color_light_red>(Secronom)</color> 1 Year Survived",
    "description": "Warning: cataclysmic mutants will now rarely appear in the cities.\n",
    "time_constraint": { "since": "game_start", "is": ">=", "target": "360 days" },
    "requirements": [ { "event_statistic": "num_avatar_wake_ups", "is": "anything" } ]
  },
  {
    "id": "achievement_secronom_special_survive4",
    "type": "achievement",
    "name": "<color_light_red>(Secronom)</color> 2 Years Survived",
    "description": "Warning: this is the final frontier; cities are overrun by mutants.\n",
    "time_constraint": { "since": "game_start", "is": ">=", "target": "720 days" },
    "requirements": [ { "event_statistic": "num_avatar_wake_ups", "is": "anything" } ]
  }
]