[
  {
    "//": "Specie kill counts.",
    "id": "avatar_secronom_secrozed_1_kills",
    "type": "event_transformation",
    "event_transformation": "avatar_species_kills",
    "value_constraints": { "species": { "equals": "SECROZED_1" } }
  },
  {
    "id": "num_avatar_secronom_secrozed_1_kills",
    "type": "event_statistic",
    "stat_type": "count",
    "event_transformation": "avatar_secronom_secrozed_1_kills",
    "description": { "str": "secronom mutant slain", "str_pl": "secronom mutants slain" }
  },
  {
    "id": "avatar_secronom_secrozed_2_kills",
    "type": "event_transformation",
    "event_transformation": "avatar_species_kills",
    "value_constraints": { "species": { "equals": "SECROZED_2" } }
  },
  {
    "id": "num_avatar_secronom_secrozed_2_kills",
    "type": "event_statistic",
    "stat_type": "count",
    "event_transformation": "avatar_secronom_secrozed_2_kills",
    "description": { "str": "elite mutant slain", "str_pl": "elite mutants slain" }
  },
  {
    "id": "avatar_secronom_secrozed_3_kills",
    "type": "event_transformation",
    "event_transformation": "avatar_species_kills",
    "value_constraints": { "species": { "equals": "SECROZED_3" } }
  },
  {
    "id": "num_avatar_secronom_secrozed_3_kills",
    "type": "event_statistic",
    "stat_type": "count",
    "event_transformation": "avatar_secronom_secrozed_3_kills",
    "description": { "str": "deadly mutant slain", "str_pl": "deadly mutants slain" }
  },
  {
    "id": "avatar_secronom_secrozed_ultimate_kills",
    "type": "event_transformation",
    "event_transformation": "avatar_species_kills",
    "value_constraints": { "species": { "equals": "SECROZED_ULTIMATE" } }
  },
  {
    "id": "num_avatar_secronom_secrozed_ultimate_kills",
    "type": "event_statistic",
    "stat_type": "count",
    "event_transformation": "avatar_secronom_secrozed_ultimate_kills",
    "description": { "str": "cataclysmic mutant slain", "str_pl": "cataclysmic mutants slain" }
  },
  {
    "id": "avatar_secronom_secrospec_kills",
    "type": "event_transformation",
    "event_transformation": "avatar_species_kills",
    "value_constraints": { "species": { "equals": "SECROSPEC" } }
  },
  {
    "id": "num_avatar_secronom_secrospec_kills",
    "type": "event_statistic",
    "stat_type": "count",
    "event_transformation": "avatar_secronom_secrospec_kills",
    "description": { "str": "secronom specimen slain", "str_pl": "secronom specimens slain" }
  },
  {
    "id": "avatar_secronom_secroflesh_kills",
    "type": "event_transformation",
    "event_transformation": "avatar_species_kills",
    "value_constraints": { "species": { "equals": "SFLESH" } }
  },
  {
    "id": "num_avatar_secronom_secroflesh_kills",
    "type": "event_statistic",
    "stat_type": "count",
    "event_transformation": "avatar_secronom_secroflesh_kills",
    "description": { "str": "crimson horror exterminated", "str_pl": "crimson horrors exterminated" }
  },
  {
    "id": "avatar_secronom_secrosaddler_kills",
    "type": "event_transformation",
    "event_transformation": "avatar_species_kills",
    "value_constraints": { "species": { "equals": "SSADDLER" } }
  },
  {
    "id": "num_avatar_secronom_secrosaddler_kills",
    "type": "event_statistic",
    "stat_type": "count",
    "event_transformation": "avatar_secronom_secrosaddler_kills",
    "description": { "str": "insectoid (saddler) slain", "str_pl": "insectoids (saddler) slain" }
  },
  {
    "//": "Monster kill counts.",
    "id": "avatar_secronom_zombie_blade_kills",
    "type": "event_transformation",
    "event_type": "character_kills_monster",
    "value_constraints": { "victim_type": { "equals": "mon_zombie_blade" } },
    "drop_fields": [ "victim_type" ]
  },
  {
    "id": "num_avatar_secronom_zombie_blade_kills",
    "type": "event_statistic",
    "stat_type": "count",
    "event_transformation": "avatar_secronom_zombie_blade_kills",
    "description": "blade zombie slain"
  },
  {
    "id": "avatar_secronom_zombie_sharpblade_kills",
    "type": "event_transformation",
    "event_type": "character_kills_monster",
    "value_constraints": { "victim_type": { "equals": "mon_zombie_sharpblade" } },
    "drop_fields": [ "victim_type" ]
  },
  {
    "id": "num_avatar_secronom_zombie_sharpblade_kills",
    "type": "event_statistic",
    "stat_type": "count",
    "event_transformation": "avatar_secronom_zombie_sharpblade_kills",
    "description": "sharpened blade zombie slain"
  },
  {
    "id": "avatar_secronom_zombie_serratedblade_kills",
    "type": "event_transformation",
    "event_type": "character_kills_monster",
    "value_constraints": { "victim_type": { "equals": "mon_zombie_serratedblade" } },
    "drop_fields": [ "victim_type" ]
  },
  {
    "id": "num_avatar_secronom_zombie_serratedblade_kills",
    "type": "event_statistic",
    "stat_type": "count",
    "event_transformation": "avatar_secronom_zombie_serratedblade_kills",
    "description": "serrated blade zombie slain"
  },
  {
    "id": "avatar_secronom_zombie_razor_kills",
    "type": "event_transformation",
    "event_type": "character_kills_monster",
    "value_constraints": { "victim_type": { "equals": "mon_zombie_razor" } },
    "drop_fields": [ "victim_type" ]
  },
  {
    "id": "num_avatar_secronom_zombie_razor_kills",
    "type": "event_statistic",
    "stat_type": "count",
    "event_transformation": "avatar_secronom_zombie_razor_kills",
    "description": "razor slain"
  },
  {
    "id": "avatar_secronom_zombie_tendrils_kills",
    "type": "event_transformation",
    "event_type": "character_kills_monster",
    "value_constraints": { "victim_type": { "equals": "mon_zombie_tendrils" } },
    "drop_fields": [ "victim_type" ]
  },
  {
    "id": "num_avatar_secronom_zombie_tendrils_kills",
    "type": "event_statistic",
    "stat_type": "count",
    "event_transformation": "avatar_secronom_zombie_tendrils_kills",
    "description": "tendril zombie slain"
  },
  {
    "id": "avatar_secronom_zombie_thicktendrils_kills",
    "type": "event_transformation",
    "event_type": "character_kills_monster",
    "value_constraints": { "victim_type": { "equals": "mon_zombie_thicktendrils" } },
    "drop_fields": [ "victim_type" ]
  },
  {
    "id": "num_avatar_secronom_zombie_thicktendrils_kills",
    "type": "event_statistic",
    "stat_type": "count",
    "event_transformation": "avatar_secronom_zombie_thicktendrils_kills",
    "description": "thick tendril zombie slain"
  },
  {
    "id": "avatar_secronom_zombie_tendricles_kills",
    "type": "event_transformation",
    "event_type": "character_kills_monster",
    "value_constraints": { "victim_type": { "equals": "mon_zombie_tendricles" } },
    "drop_fields": [ "victim_type" ]
  },
  {
    "id": "num_avatar_secronom_zombie_tendricles_kills",
    "type": "event_statistic",
    "stat_type": "count",
    "event_transformation": "avatar_secronom_zombie_tendricles_kills",
    "description": "tendricle slain"
  },
  {
    "id": "avatar_secronom_zombie_tentawraith_kills",
    "type": "event_transformation",
    "event_type": "character_kills_monster",
    "value_constraints": { "victim_type": { "equals": "mon_zombie_tentawraith" } },
    "drop_fields": [ "victim_type" ]
  },
  {
    "id": "num_avatar_secronom_zombie_tentawraith_kills",
    "type": "event_statistic",
    "stat_type": "count",
    "event_transformation": "avatar_secronom_zombie_tentawraith_kills",
    "description": "wraith slain"
  },
  {
    "id": "avatar_secronom_zombie_spoder_kills",
    "type": "event_transformation",
    "event_type": "character_kills_monster",
    "value_constraints": { "victim_type": { "equals": "mon_zombie_spoder" } },
    "drop_fields": [ "victim_type" ]
  },
  {
    "id": "num_avatar_secronom_zombie_spoder_kills",
    "type": "event_statistic",
    "stat_type": "count",
    "event_transformation": "avatar_secronom_zombie_spoder_kills",
    "description": "spider zombie slain"
  },
  {
    "id": "avatar_secronom_zombie_spoderhug_kills",
    "type": "event_transformation",
    "event_type": "character_kills_monster",
    "value_constraints": { "victim_type": { "equals": "mon_zombie_spoderhug" } },
    "drop_fields": [ "victim_type" ]
  },
  {
    "id": "num_avatar_secronom_zombie_spoderhug_kills",
    "type": "event_statistic",
    "stat_type": "count",
    "event_transformation": "avatar_secronom_zombie_spoderhug_kills",
    "description": "longarm spider zombie slain"
  },
  {
    "id": "avatar_secronom_zombie_spodertickle_kills",
    "type": "event_transformation",
    "event_type": "character_kills_monster",
    "value_constraints": { "victim_type": { "equals": "mon_zombie_spodertickle" } },
    "drop_fields": [ "victim_type" ]
  },
  {
    "id": "num_avatar_secronom_zombie_spodertickle_kills",
    "type": "event_statistic",
    "stat_type": "count",
    "event_transformation": "avatar_secronom_zombie_spodertickle_kills",
    "description": "claw spider zombie slain"
  },
  {
    "id": "avatar_secronom_zombie_mouth_kills",
    "type": "event_transformation",
    "event_type": "character_kills_monster",
    "value_constraints": { "victim_type": { "equals": "mon_zombie_mouth" } },
    "drop_fields": [ "victim_type" ]
  },
  {
    "id": "num_avatar_secronom_zombie_mouth_kills",
    "type": "event_statistic",
    "stat_type": "count",
    "event_transformation": "avatar_secronom_zombie_mouth_kills",
    "description": "mouthswell zombie slain"
  },
  {
    "id": "avatar_secronom_zombie_bellymouth_kills",
    "type": "event_transformation",
    "event_type": "character_kills_monster",
    "value_constraints": { "victim_type": { "equals": "mon_zombie_bellymouth" } },
    "drop_fields": [ "victim_type" ]
  },
  {
    "id": "num_avatar_secronom_zombie_bellymouth_kills",
    "type": "event_statistic",
    "stat_type": "count",
    "event_transformation": "avatar_secronom_zombie_bellymouth_kills",
    "description": "bellymouth zombie slain"
  },
  {
    "id": "avatar_secronom_zombie_omouth_kills",
    "type": "event_transformation",
    "event_type": "character_kills_monster",
    "value_constraints": { "victim_type": { "equals": "mon_zombie_omouth" } },
    "drop_fields": [ "victim_type" ]
  },
  {
    "id": "num_avatar_secronom_zombie_omouth_kills",
    "type": "event_statistic",
    "stat_type": "count",
    "event_transformation": "avatar_secronom_zombie_omouth_kills",
    "description": "roundelmouth zombie slain"
  },
  {
    "id": "avatar_secronom_zombie_suctionmouth_kills",
    "type": "event_transformation",
    "event_type": "character_kills_monster",
    "value_constraints": { "victim_type": { "equals": "mon_zombie_suctionmouth" } },
    "drop_fields": [ "victim_type" ]
  },
  {
    "id": "num_avatar_secronom_zombie_suctionmouth_kills",
    "type": "event_statistic",
    "stat_type": "count",
    "event_transformation": "avatar_secronom_zombie_suctionmouth_kills",
    "description": "sucker slain"
  },
  {
    "id": "avatar_secronom_zombie_translucent_kills",
    "type": "event_transformation",
    "event_type": "character_kills_monster",
    "value_constraints": { "victim_type": { "equals": "mon_zombie_translucent" } },
    "drop_fields": [ "victim_type" ]
  },
  {
    "id": "num_avatar_secronom_zombie_translucent_kills",
    "type": "event_statistic",
    "stat_type": "count",
    "event_transformation": "avatar_secronom_zombie_translucent_kills",
    "description": "translucent zombie slain"
  },
  {
    "id": "avatar_secronom_zombie_pellucid_kills",
    "type": "event_transformation",
    "event_type": "character_kills_monster",
    "value_constraints": { "victim_type": { "equals": "mon_zombie_pellucid" } },
    "drop_fields": [ "victim_type" ]
  },
  {
    "id": "num_avatar_secronom_zombie_pellucid_kills",
    "type": "event_statistic",
    "stat_type": "count",
    "event_transformation": "avatar_secronom_zombie_pellucid_kills",
    "description": "pellucid zombie slain"
  },
  {
    "id": "avatar_secronom_zombie_unify_kills",
    "type": "event_transformation",
    "event_type": "character_kills_monster",
    "value_constraints": { "victim_type": { "equals": "mon_zombie_unify" } },
    "drop_fields": [ "victim_type" ]
  },
  {
    "id": "num_avatar_secronom_zombie_unify_kills",
    "type": "event_statistic",
    "stat_type": "count",
    "event_transformation": "avatar_secronom_zombie_unify_kills",
    "description": "unifier zombie slain"
  },
  {
    "id": "avatar_secronom_zombie_unity_kills",
    "type": "event_transformation",
    "event_type": "character_kills_monster",
    "value_constraints": { "victim_type": { "equals": "mon_zombie_unity" } },
    "drop_fields": [ "victim_type" ]
  },
  {
    "id": "num_avatar_secronom_zombie_unity_kills",
    "type": "event_statistic",
    "stat_type": "count",
    "event_transformation": "avatar_secronom_zombie_unity_kills",
    "description": "unity zombie slain"
  },
  {
    "id": "avatar_secronom_zombie_hemo_kills",
    "type": "event_transformation",
    "event_type": "character_kills_monster",
    "value_constraints": { "victim_type": { "equals": "mon_zombie_hemo" } },
    "drop_fields": [ "victim_type" ]
  },
  {
    "id": "num_avatar_secronom_zombie_hemo_kills",
    "type": "event_statistic",
    "stat_type": "count",
    "event_transformation": "avatar_secronom_zombie_hemo_kills",
    "description": "hemofiend slain"
  },
  {
    "id": "avatar_secronom_zombie_bloodvessel_kills",
    "type": "event_transformation",
    "event_type": "character_kills_monster",
    "value_constraints": { "victim_type": { "equals": "mon_zombie_bloodvessel" } },
    "drop_fields": [ "victim_type" ]
  },
  {
    "id": "num_avatar_secronom_zombie_bloodvessel_kills",
    "type": "event_statistic",
    "stat_type": "count",
    "event_transformation": "avatar_secronom_zombie_bloodvessel_kills",
    "description": { "str": "blood vessel melted", "str_pl": "blood vessels melted" }
  },
  {
    "id": "avatar_secronom_zombie_bloodfiend_kills",
    "type": "event_transformation",
    "event_type": "character_kills_monster",
    "value_constraints": { "victim_type": { "equals": "mon_zombie_bloodfiend" } },
    "drop_fields": [ "victim_type" ]
  },
  {
    "id": "num_avatar_secronom_zombie_bloodfiend_kills",
    "type": "event_statistic",
    "stat_type": "count",
    "event_transformation": "avatar_secronom_zombie_bloodfiend_kills",
    "description": { "str": "blood fiend melted", "str_pl": "blood fiends melted" }
  },
  {
    "id": "avatar_secronom_zombie_scourge_kills",
    "type": "event_transformation",
    "event_type": "character_kills_monster",
    "value_constraints": { "victim_type": { "equals": "mon_zombie_scourge" } },
    "drop_fields": [ "victim_type" ]
  },
  {
    "id": "num_avatar_secronom_zombie_scourge_kills",
    "type": "event_statistic",
    "stat_type": "count",
    "event_transformation": "avatar_secronom_zombie_scourge_kills",
    "description": "scourge zombie slain"
  },
  {
    "id": "avatar_secronom_zombie_defile_kills",
    "type": "event_transformation",
    "event_type": "character_kills_monster",
    "value_constraints": { "victim_type": { "equals": "mon_zombie_defile" } },
    "drop_fields": [ "victim_type" ]
  },
  {
    "id": "num_avatar_secronom_zombie_defile_kills",
    "type": "event_statistic",
    "stat_type": "count",
    "event_transformation": "avatar_secronom_zombie_defile_kills",
    "description": "defiler zombie slain"
  },
  {
    "id": "avatar_secronom_zombie_leptiosa_kills",
    "type": "event_transformation",
    "event_type": "character_kills_monster",
    "value_constraints": { "victim_type": { "equals": "mon_zombie_leptiosa" } },
    "drop_fields": [ "victim_type" ]
  },
  {
    "id": "num_avatar_secronom_zombie_leptiosa_kills",
    "type": "event_statistic",
    "stat_type": "count",
    "event_transformation": "avatar_secronom_zombie_leptiosa_kills",
    "description": "lepotitsa slain"
  },
  {
    "id": "avatar_secronom_zombie_lick_kills",
    "type": "event_transformation",
    "event_type": "character_kills_monster",
    "value_constraints": { "victim_type": { "equals": "mon_zombie_lick" } },
    "drop_fields": [ "victim_type" ]
  },
  {
    "id": "num_avatar_secronom_zombie_lick_kills",
    "type": "event_statistic",
    "stat_type": "count",
    "event_transformation": "avatar_secronom_zombie_lick_kills",
    "description": "licker zombie slain"
  },
  {
    "id": "avatar_secronom_zombie_mlick_kills",
    "type": "event_transformation",
    "event_type": "character_kills_monster",
    "value_constraints": { "victim_type": { "equals": "mon_zombie_mlick" } },
    "drop_fields": [ "victim_type" ]
  },
  {
    "id": "num_avatar_secronom_zombie_mlick_kills",
    "type": "event_statistic",
    "stat_type": "count",
    "event_transformation": "avatar_secronom_zombie_mlick_kills",
    "description": "licker zombie (mutated) slain"
  },
  {
    "id": "avatar_secronom_zombie_xlick_kills",
    "type": "event_transformation",
    "event_type": "character_kills_monster",
    "value_constraints": { "victim_type": { "equals": "mon_zombie_xlick" } },
    "drop_fields": [ "victim_type" ]
  },
  {
    "id": "num_avatar_secronom_zombie_xlick_kills",
    "type": "event_statistic",
    "stat_type": "count",
    "event_transformation": "avatar_secronom_zombie_xlick_kills",
    "description": "lacerator slain"
  },
  {
    "id": "avatar_secronom_zombie_charger_kills",
    "type": "event_transformation",
    "event_type": "character_kills_monster",
    "value_constraints": { "victim_type": { "equals": "mon_zombie_charger" } },
    "drop_fields": [ "victim_type" ]
  },
  {
    "id": "num_avatar_secronom_zombie_charger_kills",
    "type": "event_statistic",
    "stat_type": "count",
    "event_transformation": "avatar_secronom_zombie_charger_kills",
    "description": "charger zombie slain"
  },
  {
    "id": "avatar_secronom_zombie_charger_spike_kills",
    "type": "event_transformation",
    "event_type": "character_kills_monster",
    "value_constraints": { "victim_type": { "equals": "mon_zombie_charger_spike" } },
    "drop_fields": [ "victim_type" ]
  },
  {
    "id": "num_avatar_secronom_zombie_charger_spike_kills",
    "type": "event_statistic",
    "stat_type": "count",
    "event_transformation": "avatar_secronom_zombie_charger_spike_kills",
    "description": "spiky charger zombie slain"
  },
  {
    "id": "avatar_secronom_zombie_charger_plate_kills",
    "type": "event_transformation",
    "event_type": "character_kills_monster",
    "value_constraints": { "victim_type": { "equals": "mon_zombie_charger_plate" } },
    "drop_fields": [ "victim_type" ]
  },
  {
    "id": "num_avatar_secronom_zombie_charger_plate_kills",
    "type": "event_statistic",
    "stat_type": "count",
    "event_transformation": "avatar_secronom_zombie_charger_plate_kills",
    "description": "plated charger zombie slain"
  },
  {
    "id": "avatar_secronom_zombie_charger_vanguard_kills",
    "type": "event_transformation",
    "event_type": "character_kills_monster",
    "value_constraints": { "victim_type": { "equals": "mon_zombie_charger_vanguard" } },
    "drop_fields": [ "victim_type" ]
  },
  {
    "id": "num_avatar_secronom_zombie_charger_vanguard_kills",
    "type": "event_statistic",
    "stat_type": "count",
    "event_transformation": "avatar_secronom_zombie_charger_vanguard_kills",
    "description": "vanguard slain"
  },
  {
    "id": "avatar_secronom_zombie_WALKINGPOTATO_kills",
    "type": "event_transformation",
    "event_type": "character_kills_monster",
    "value_constraints": { "victim_type": { "equals": "mon_zombie_WALKINGPOTATO" } },
    "drop_fields": [ "victim_type" ]
  },
  {
    "id": "num_avatar_secronom_zombie_WALKINGPOTATO_kills",
    "type": "event_statistic",
    "stat_type": "count",
    "event_transformation": "avatar_secronom_zombie_WALKINGPOTATO_kills",
    "description": "lying body slain"
  },
  {
    "id": "avatar_secronom_zombie_zawk_kills",
    "type": "event_transformation",
    "event_type": "character_kills_monster",
    "value_constraints": { "victim_type": { "equals": "mon_zombie_zawk" } },
    "drop_fields": [ "victim_type" ]
  },
  {
    "id": "num_avatar_secronom_zombie_zawk_kills",
    "type": "event_statistic",
    "stat_type": "count",
    "event_transformation": "avatar_secronom_zombie_zawk_kills",
    "description": "zawk slain"
  },
  {
    "id": "avatar_secronom_zombie_zoth_kills",
    "type": "event_transformation",
    "event_type": "character_kills_monster",
    "value_constraints": { "victim_type": { "equals": "mon_zombie_zoth" } },
    "drop_fields": [ "victim_type" ]
  },
  {
    "id": "num_avatar_secronom_zombie_zoth_kills",
    "type": "event_statistic",
    "stat_type": "count",
    "event_transformation": "avatar_secronom_zombie_zoth_kills",
    "description": "zoth slain"
  },
  {
    "id": "avatar_secronom_zombie_nightwail_kills",
    "type": "event_transformation",
    "event_type": "character_kills_monster",
    "value_constraints": { "victim_type": { "equals": "mon_zombie_nightwail" } },
    "drop_fields": [ "victim_type" ]
  },
  {
    "id": "num_avatar_secronom_zombie_nightwail_kills",
    "type": "event_statistic",
    "stat_type": "count",
    "event_transformation": "avatar_secronom_zombie_nightwail_kills",
    "description": "nightinwail slain"
  },
  {
    "id": "avatar_secronom_zombie_grubby_kills",
    "type": "event_transformation",
    "event_type": "character_kills_monster",
    "value_constraints": { "victim_type": { "equals": "mon_zombie_grubby" } },
    "drop_fields": [ "victim_type" ]
  },
  {
    "id": "num_avatar_secronom_zombie_grubby_kills",
    "type": "event_statistic",
    "stat_type": "count",
    "event_transformation": "avatar_secronom_zombie_grubby_kills",
    "description": "grubby zombie slain"
  },
  {
    "id": "avatar_secronom_zombie_slimy_kills",
    "type": "event_transformation",
    "event_type": "character_kills_monster",
    "value_constraints": { "victim_type": { "equals": "mon_zombie_slimy" } },
    "drop_fields": [ "victim_type" ]
  },
  {
    "id": "num_avatar_secronom_zombie_slimy_kills",
    "type": "event_statistic",
    "stat_type": "count",
    "event_transformation": "avatar_secronom_zombie_slimy_kills",
    "description": "slimy zombie slain"
  },
  {
    "id": "avatar_secronom_zombie_glut_kills",
    "type": "event_transformation",
    "event_type": "character_kills_monster",
    "value_constraints": { "victim_type": { "equals": "mon_zombie_glut" } },
    "drop_fields": [ "victim_type" ]
  },
  {
    "id": "num_avatar_secronom_zombie_glut_kills",
    "type": "event_statistic",
    "stat_type": "count",
    "event_transformation": "avatar_secronom_zombie_glut_kills",
    "description": { "str": "glut popped", "str_pl": "gluts popped" }
  },
  {
    "id": "avatar_secronom_zombie_skittyweavy_kills",
    "type": "event_transformation",
    "event_type": "character_kills_monster",
    "value_constraints": { "victim_type": { "equals": "mon_zombie_skittyweavy" } },
    "drop_fields": [ "victim_type" ]
  },
  {
    "id": "num_avatar_secronom_zombie_skittyweavy_kills",
    "type": "event_statistic",
    "stat_type": "count",
    "event_transformation": "avatar_secronom_zombie_skittyweavy_kills",
    "description": "skittering weaver slain"
  },
  {
    "id": "avatar_secronom_zombie_skittyweavy_repleshy_kills",
    "type": "event_transformation",
    "event_type": "character_kills_monster",
    "value_constraints": { "victim_type": { "equals": "mon_zombie_skittyweavy_repleshy" } },
    "drop_fields": [ "victim_type" ]
  },
  {
    "id": "num_avatar_secronom_zombie_skittyweavy_repleshy_kills",
    "type": "event_statistic",
    "stat_type": "count",
    "event_transformation": "avatar_secronom_zombie_skittyweavy_repleshy_kills",
    "description": "replenishing weaver slain"
  },
  {
    "id": "avatar_secronom_zombie_skittyweavy_sickly_kills",
    "type": "event_transformation",
    "event_type": "character_kills_monster",
    "value_constraints": { "victim_type": { "equals": "mon_zombie_skittyweavy_sickly" } },
    "drop_fields": [ "victim_type" ]
  },
  {
    "id": "num_avatar_secronom_zombie_skittyweavy_sickly_kills",
    "type": "event_statistic",
    "stat_type": "count",
    "event_transformation": "avatar_secronom_zombie_skittyweavy_sickly_kills",
    "description": "plague weaver slain"
  },
  {
    "id": "avatar_secronom_zombie_revenant_kills",
    "type": "event_transformation",
    "event_type": "character_kills_monster",
    "value_constraints": { "victim_type": { "equals": "mon_zombie_revenant" } },
    "drop_fields": [ "victim_type" ]
  },
  {
    "id": "num_avatar_secronom_zombie_revenant_kills",
    "type": "event_statistic",
    "stat_type": "count",
    "event_transformation": "avatar_secronom_zombie_revenant_kills",
    "description": "revenant slain"
  },
  {
    "id": "avatar_secronom_zombie_revenant_forsaken_kills",
    "type": "event_transformation",
    "event_type": "character_kills_monster",
    "value_constraints": { "victim_type": { "equals": "mon_zombie_revenant_forsaken" } },
    "drop_fields": [ "victim_type" ]
  },
  {
    "id": "num_avatar_secronom_zombie_revenant_forsaken_kills",
    "type": "event_statistic",
    "stat_type": "count",
    "event_transformation": "avatar_secronom_zombie_revenant_forsaken_kills",
    "description": "forsaken revenant slain"
  },
  {
    "id": "avatar_secronom_zombie_revenant_allure_kills",
    "type": "event_transformation",
    "event_type": "character_kills_monster",
    "value_constraints": { "victim_type": { "equals": "mon_zombie_revenant_allure" } },
    "drop_fields": [ "victim_type" ]
  },
  {
    "id": "num_avatar_secronom_zombie_revenant_allure_kills",
    "type": "event_statistic",
    "stat_type": "count",
    "event_transformation": "avatar_secronom_zombie_revenant_allure_kills",
    "description": "alluring revenant slain"
  },
  {
    "id": "avatar_secronom_zombie_titan_kills",
    "type": "event_transformation",
    "event_type": "character_kills_monster",
    "value_constraints": { "victim_type": { "equals": "mon_zombie_titan" } },
    "drop_fields": [ "victim_type" ]
  },
  {
    "id": "num_avatar_secronom_zombie_titan_kills",
    "type": "event_statistic",
    "stat_type": "count",
    "event_transformation": "avatar_secronom_zombie_titan_kills",
    "description": "titan slain"
  },
  {
    "id": "avatar_secronom_zombie_blacktitan_kills",
    "type": "event_transformation",
    "event_type": "character_kills_monster",
    "value_constraints": { "victim_type": { "equals": "mon_zombie_blacktitan" } },
    "drop_fields": [ "victim_type" ]
  },
  {
    "id": "num_avatar_secronom_zombie_blacktitan_kills",
    "type": "event_statistic",
    "stat_type": "count",
    "event_transformation": "avatar_secronom_zombie_blacktitan_kills",
    "description": "black titan slain"
  },
  {
    "id": "avatar_secronom_zombie_stray_w_leaf_stro3_kills",
    "type": "event_transformation",
    "event_type": "character_kills_monster",
    "value_constraints": { "victim_type": { "equals": "mon_zombie_stray_w_leaf_stro3" } },
    "drop_fields": [ "victim_type" ]
  },
  {
    "id": "num_avatar_secronom_zombie_stray_w_leaf_stro3_kills",
    "type": "event_statistic",
    "stat_type": "count",
    "event_transformation": "avatar_secronom_zombie_stray_w_leaf_stro3_kills",
    "description": "max tier stray zombie (nature) slain"
  },
  {
    "id": "avatar_secronom_zombie_stray_w_acid_stro3_kills",
    "type": "event_transformation",
    "event_type": "character_kills_monster",
    "value_constraints": { "victim_type": { "equals": "mon_zombie_stray_w_acid_stro3" } },
    "drop_fields": [ "victim_type" ]
  },
  {
    "id": "num_avatar_secronom_zombie_stray_w_acid_stro3_kills",
    "type": "event_statistic",
    "stat_type": "count",
    "event_transformation": "avatar_secronom_zombie_stray_w_acid_stro3_kills",
    "description": "max tier stray zombie (acid) slain"
  },
  {
    "id": "avatar_secronom_secrodragon_kills",
    "type": "event_transformation",
    "event_type": "character_kills_monster",
    "value_constraints": { "victim_type": { "equals": "mon_secrodragon_woke" } },
    "drop_fields": [ "victim_type" ]
  },
  {
    "id": "num_avatar_secronom_secrodragon_kills",
    "type": "event_statistic",
    "stat_type": "count",
    "event_transformation": "avatar_secronom_secrodragon_kills",
    "description": { "str": "secronom dragon subdued", "str_pl": "secronom dragons subdued" }
  },
  {
    "id": "avatar_secronom_zombie_ichorus_kills",
    "type": "event_transformation",
    "event_type": "character_kills_monster",
    "value_constraints": { "victim_type": { "equals": "mon_zombie_ichorus" } },
    "drop_fields": [ "victim_type" ]
  },
  {
    "id": "num_avatar_secronom_zombie_ichorus_kills",
    "type": "event_statistic",
    "stat_type": "count",
    "event_transformation": "avatar_secronom_zombie_ichorus_kills",
    "description": "ichorus slain"
  },
  {
    "id": "avatar_secronom_zombie_psyrus_kills",
    "type": "event_transformation",
    "event_type": "character_kills_monster",
    "value_constraints": { "victim_type": { "equals": "mon_zombie_psyrus" } },
    "drop_fields": [ "victim_type" ]
  },
  {
    "id": "num_avatar_secronom_zombie_psyrus_kills",
    "type": "event_statistic",
    "stat_type": "count",
    "event_transformation": "avatar_secronom_zombie_psyrus_kills",
    "description": "psyrus slain"
  },
  {
    "id": "avatar_secronom_zombie_gorepit_kills",
    "type": "event_transformation",
    "event_type": "character_kills_monster",
    "value_constraints": { "victim_type": { "equals": "mon_zombie_gorepit" } },
    "drop_fields": [ "victim_type" ]
  },
  {
    "id": "num_avatar_secronom_zombie_gorepit_kills",
    "type": "event_statistic",
    "stat_type": "count",
    "event_transformation": "avatar_secronom_zombie_gorepit_kills",
    "description": "gorepit slain"
  },
  {
    "id": "avatar_secronom_zombie_gorepit_tent_kills",
    "type": "event_transformation",
    "event_type": "character_kills_monster",
    "value_constraints": { "victim_type": { "equals": "mon_zombie_gorepit_tent" } },
    "drop_fields": [ "victim_type" ]
  },
  {
    "id": "num_avatar_secronom_zombie_gorepit_tent_kills",
    "type": "event_statistic",
    "stat_type": "count",
    "event_transformation": "avatar_secronom_zombie_gorepit_tent_kills",
    "description": "gorepit's giant tendril kill"
  },
  {
    "id": "avatar_secronom_zombie_equinox_kills",
    "type": "event_transformation",
    "event_type": "character_kills_monster",
    "value_constraints": { "victim_type": { "equals": "mon_zombie_equinox" } },
    "drop_fields": [ "victim_type" ]
  },
  {
    "id": "num_avatar_secronom_zombie_equinox_kills",
    "type": "event_statistic",
    "stat_type": "count",
    "event_transformation": "avatar_secronom_zombie_equinox_kills",
    "description": "equinox slain"
  },
  {
    "id": "avatar_secronom_zombie_equinox_necros_kills",
    "type": "event_transformation",
    "event_type": "character_kills_monster",
    "value_constraints": { "victim_type": { "equals": "mon_zombie_equinox_necros" } },
    "drop_fields": [ "victim_type" ]
  },
  {
    "id": "num_avatar_secronom_zombie_equinox_necros_kills",
    "type": "event_statistic",
    "stat_type": "count",
    "event_transformation": "avatar_secronom_zombie_equinox_necros_kills",
    "description": "equinox's necros kill"
  },
  {
    "id": "avatar_secronom_zombie_equinox_necros_stab_kills",
    "type": "event_transformation",
    "event_type": "character_kills_monster",
    "value_constraints": { "victim_type": { "equals": "mon_zombie_equinox_necros_stab" } },
    "drop_fields": [ "victim_type" ]
  },
  {
    "id": "num_avatar_secronom_zombie_equinox_necros_stab_kills",
    "type": "event_statistic",
    "stat_type": "count",
    "event_transformation": "avatar_secronom_zombie_equinox_necros_stab_kills",
    "description": "equinox's necros impaler kill"
  },
  {
    "id": "avatar_secronom_zombie_equinox_necros_cut_kills",
    "type": "event_transformation",
    "event_type": "character_kills_monster",
    "value_constraints": { "victim_type": { "equals": "mon_zombie_equinox_necros_cut" } },
    "drop_fields": [ "victim_type" ]
  },
  {
    "id": "num_avatar_secronom_zombie_equinox_necros_cut_kills",
    "type": "event_statistic",
    "stat_type": "count",
    "event_transformation": "avatar_secronom_zombie_equinox_necros_cut_kills",
    "description": "equinox's necros slicer kill"
  },
  {
    "id": "avatar_secronom_zombie_equinox_necros_emit_kills",
    "type": "event_transformation",
    "event_type": "character_kills_monster",
    "value_constraints": { "victim_type": { "equals": "mon_zombie_equinox_necros_emit" } },
    "drop_fields": [ "victim_type" ]
  },
  {
    "id": "num_avatar_secronom_zombie_equinox_necros_emit_kills",
    "type": "event_statistic",
    "stat_type": "count",
    "event_transformation": "avatar_secronom_zombie_equinox_necros_emit_kills",
    "description": "equinox's necros pollutant kill"
  },
  {
    "id": "avatar_secronom_zombie_fleshmonger_kills",
    "type": "event_transformation",
    "event_type": "character_kills_monster",
    "value_constraints": { "victim_type": { "equals": "mon_zombie_fleshmonger" } },
    "drop_fields": [ "victim_type" ]
  },
  {
    "id": "num_avatar_secronom_zombie_fleshmonger_kills",
    "type": "event_statistic",
    "stat_type": "count",
    "event_transformation": "avatar_secronom_zombie_fleshmonger_kills",
    "description": "fleshmonger slain"
  },
  {
    "id": "avatar_secronom_zombie_cordev_kills",
    "type": "event_transformation",
    "event_type": "character_kills_monster",
    "value_constraints": { "victim_type": { "equals": "mon_zombie_cordev" } },
    "drop_fields": [ "victim_type" ]
  },
  {
    "id": "num_avatar_secronom_zombie_cordev_kills",
    "type": "event_statistic",
    "stat_type": "count",
    "event_transformation": "avatar_secronom_zombie_cordev_kills",
    "description": "corrupted devourer slain"
  },
  {
    "id": "avatar_secronom_zombie_fleshysnaky_kills",
    "type": "event_transformation",
    "event_type": "character_kills_monster",
    "value_constraints": { "victim_type": { "equals": "mon_zombie_fleshysnaky" } },
    "drop_fields": [ "victim_type" ]
  },
  {
    "id": "num_avatar_secronom_zombie_fleshysnaky_kills",
    "type": "event_statistic",
    "stat_type": "count",
    "event_transformation": "avatar_secronom_zombie_fleshysnaky_kills",
    "description": "flesilisk slain"
  },
  {
    "id": "avatar_secronom_sflesh_flesh_kills",
    "type": "event_transformation",
    "event_type": "character_kills_monster",
    "value_constraints": { "victim_type": { "equals": "mon_sflesh_flesh" } },
    "drop_fields": [ "victim_type" ]
  },
  {
    "id": "num_avatar_secronom_sflesh_flesh_kills",
    "type": "event_statistic",
    "stat_type": "count",
    "event_transformation": "avatar_secronom_sflesh_flesh_kills",
    "description": "(forest) flesh hivemind vanquished"
  },
  {
    "id": "avatar_secronom_sflesh_flesh_city_kills",
    "type": "event_transformation",
    "event_type": "character_kills_monster",
    "value_constraints": { "victim_type": { "equals": "mon_sflesh_flesh_city" } },
    "drop_fields": [ "victim_type" ]
  },
  {
    "id": "num_avatar_secronom_sflesh_flesh_city_kills",
    "type": "event_statistic",
    "stat_type": "count",
    "event_transformation": "avatar_secronom_sflesh_flesh_city_kills",
    "description": "(city) flesh hivemind vanquished"
  },
  {
    "id": "avatar_secronom_zombie_nautilus_kills",
    "type": "event_transformation",
    "event_type": "character_kills_monster",
    "value_constraints": { "victim_type": { "equals": "mon_zombie_nautilus" } },
    "drop_fields": [ "victim_type" ]
  },
  {
    "id": "num_avatar_secronom_zombie_nautilus_kills",
    "type": "event_statistic",
    "stat_type": "count",
    "event_transformation": "avatar_secronom_zombie_nautilus_kills",
    "description": "nautilus slain"
  },
  {
    "id": "avatar_secronom_zombie_uruxis_kills",
    "type": "event_transformation",
    "event_type": "character_kills_monster",
    "value_constraints": { "victim_type": { "equals": "mon_zombie_uruxis" } },
    "drop_fields": [ "victim_type" ]
  },
  {
    "id": "num_avatar_secronom_zombie_uruxis_kills",
    "type": "event_statistic",
    "stat_type": "count",
    "event_transformation": "avatar_secronom_zombie_uruxis_kills",
    "description": "uruxis slain"
  },
  {
    "id": "avatar_secronom_zombieworm_gravedigger_kills",
    "type": "event_transformation",
    "event_type": "character_kills_monster",
    "value_constraints": { "victim_type": { "equals": "mon_zombieworm_gravedigger" } },
    "drop_fields": [ "victim_type" ]
  },
  {
    "id": "num_avatar_secronom_zombieworm_gravedigger_kills",
    "type": "event_statistic",
    "stat_type": "count",
    "event_transformation": "avatar_secronom_zombieworm_gravedigger_kills",
    "description": "grave digger slain"
  },
  {
    "id": "avatar_secronom_zombieworm_wriggly_kills",
    "type": "event_transformation",
    "event_type": "character_kills_monster",
    "value_constraints": { "victim_type": { "equals": "mon_zombieworm_wriggly" } },
    "drop_fields": [ "victim_type" ]
  },
  {
    "id": "num_avatar_secronom_zombieworm_wriggly_kills",
    "type": "event_statistic",
    "stat_type": "count",
    "event_transformation": "avatar_secronom_zombieworm_wriggly_kills",
    "description": "writhing horror slain"
  },
  {
    "id": "avatar_secronom_zombieworm_mawy_kills",
    "type": "event_transformation",
    "event_type": "character_kills_monster",
    "value_constraints": { "victim_type": { "equals": "mon_zombieworm_mawy" } },
    "drop_fields": [ "victim_type" ]
  },
  {
    "id": "num_avatar_secronom_zombieworm_mawy_kills",
    "type": "event_statistic",
    "stat_type": "count",
    "event_transformation": "avatar_secronom_zombieworm_mawy_kills",
    "description": "sinister maw slain"
  },
  {
    "id": "avatar_secronom_ayenel_kills",
    "type": "event_transformation",
    "event_type": "character_kills_monster",
    "value_constraints": { "victim_type": { "equals": "mon_ayenel" } },
    "drop_fields": [ "victim_type" ]
  },
  {
    "id": "num_avatar_secronom_ayenel_kills",
    "type": "event_statistic",
    "stat_type": "count",
    "event_transformation": "avatar_secronom_ayenel_kills",
    "description": "ayenel slain"
  },
  {
    "id": "avatar_secronom_maneater_kills",
    "type": "event_transformation",
    "event_type": "character_kills_monster",
    "value_constraints": { "victim_type": { "equals": "mon_maneater" } },
    "drop_fields": [ "victim_type" ]
  },
  {
    "id": "num_avatar_secronom_maneater_kills",
    "type": "event_statistic",
    "stat_type": "count",
    "event_transformation": "avatar_secronom_maneater_kills",
    "description": "maneater slain"
  },
  {
    "id": "avatar_secronom_shifter_kills",
    "type": "event_transformation",
    "event_type": "character_kills_monster",
    "value_constraints": { "victim_type": { "equals": "mon_shifter" } },
    "drop_fields": [ "victim_type" ]
  },
  {
    "id": "num_avatar_secronom_shifter_kills",
    "type": "event_statistic",
    "stat_type": "count",
    "event_transformation": "avatar_secronom_shifter_kills",
    "description": "shapeshifter vanquished"
  },
  {
    "id": "avatar_secronom_zedbow_kaxix_kills",
    "type": "event_transformation",
    "event_type": "character_kills_monster",
    "value_constraints": { "victim_type": { "equals": "mon_zedbow_kaxix" } },
    "drop_fields": [ "victim_type" ]
  },
  {
    "id": "num_avatar_secronom_zedbow_kaxix_kills",
    "type": "event_statistic",
    "stat_type": "count",
    "event_transformation": "avatar_secronom_zedbow_kaxix_kills",
    "description": "kaxix slain"
  },
  {
    "id": "avatar_secronom_zedbow_axxuros_kills",
    "type": "event_transformation",
    "event_type": "character_kills_monster",
    "value_constraints": { "victim_type": { "equals": "mon_zedbow_axxuros" } },
    "drop_fields": [ "victim_type" ]
  },
  {
    "id": "num_avatar_secronom_zedbow_axxuros_kills",
    "type": "event_statistic",
    "stat_type": "count",
    "event_transformation": "avatar_secronom_zedbow_axxuros_kills",
    "description": "axxuros slain"
  },
  {
    "id": "avatar_secronom_zedbow_exios_kills",
    "type": "event_transformation",
    "event_type": "character_kills_monster",
    "value_constraints": { "victim_type": { "equals": "mon_zedbow_exios" } },
    "drop_fields": [ "victim_type" ]
  },
  {
    "id": "num_avatar_secronom_zedbow_exios_kills",
    "type": "event_statistic",
    "stat_type": "count",
    "event_transformation": "avatar_secronom_zedbow_exios_kills",
    "description": "exios slain"
  },
  {
    "id": "avatar_secronom_zedbow_drexx_kills",
    "type": "event_transformation",
    "event_type": "character_kills_monster",
    "value_constraints": { "victim_type": { "equals": "mon_zedbow_drexx" } },
    "drop_fields": [ "victim_type" ]
  },
  {
    "id": "num_avatar_secronom_zedbow_drexx_kills",
    "type": "event_statistic",
    "stat_type": "count",
    "event_transformation": "avatar_secronom_zedbow_drexx_kills",
    "description": "drexx slain"
  },
  {
    "id": "avatar_secronom_zedbow_epixo_kills",
    "type": "event_transformation",
    "event_type": "character_kills_monster",
    "value_constraints": { "victim_type": { "equals": "mon_zedbow_epixo" } },
    "drop_fields": [ "victim_type" ]
  },
  {
    "id": "num_avatar_secronom_zedbow_epixo_kills",
    "type": "event_statistic",
    "stat_type": "count",
    "event_transformation": "avatar_secronom_zedbow_epixo_kills",
    "description": "epixo slain"
  },
  {
    "id": "avatar_secronom_saddler_kills",
    "type": "event_transformation",
    "event_type": "character_kills_monster",
    "value_constraints": { "victim_type": { "equals": "mon_insect_saddler" } },
    "drop_fields": [ "victim_type" ]
  },
  {
    "id": "num_avatar_secronom_saddler_kills",
    "type": "event_statistic",
    "stat_type": "count",
    "event_transformation": "avatar_secronom_saddler_kills",
    "description": "saddler kill"
  },
  {
    "id": "avatar_secronom_saddler_infected_kills",
    "type": "event_transformation",
    "event_type": "character_kills_monster",
    "value_constraints": { "victim_type": { "equals": "mon_saddler_infected" } },
    "drop_fields": [ "victim_type" ]
  },
  {
    "id": "num_avatar_secronom_saddler_infected_kills",
    "type": "event_statistic",
    "stat_type": "count",
    "event_transformation": "avatar_secronom_saddler_infected_kills",
    "description": "saddlers (human) kill"
  },
  {
    "id": "avatar_secronom_zombie_saddler_infected_kills",
    "type": "event_transformation",
    "event_type": "character_kills_monster",
    "value_constraints": { "victim_type": { "equals": "mon_zombie_saddler_infected" } },
    "drop_fields": [ "victim_type" ]
  },
  {
    "id": "num_avatar_secronom_zombie_saddler_infected_kills",
    "type": "event_statistic",
    "stat_type": "count",
    "event_transformation": "avatar_secronom_zombie_saddler_infected_kills",
    "description": "saddlers (zombie) kill"
  },
  {
    "id": "avatar_secronom_zombie_swarmer_weak_kills",
    "type": "event_transformation",
    "event_type": "character_kills_monster",
    "value_constraints": { "victim_type": { "equals": "mon_zombie_swarmer_weak" } },
    "drop_fields": [ "victim_type" ]
  },
  {
    "id": "num_avatar_secronom_zombie_swarmer_weak_kills",
    "type": "event_statistic",
    "stat_type": "count",
    "event_transformation": "avatar_secronom_zombie_swarmer_weak_kills",
    "description": "swarmer slain"
  },
  {
    "id": "avatar_secronom_efflost_blind",
    "type": "event_transformation",
    "event_type": "character_loses_effect",
    "value_constraints": { "effect": { "equals": "blinded" } },
    "drop_fields": [ "effect" ]
  },
  {
    "id": "num_avatar_secronom_efflost_blind",
    "type": "event_statistic",
    "stat_type": "count",
    "event_transformation": "avatar_secronom_efflost_blind",
    "description": { "str": "times getting blinded", "str_pl": "times getting blinded" }
  },
  {
    "id": "avatar_secronom_effget_pedo_restraint",
    "type": "event_transformation",
    "event_type": "character_gains_effect",
    "value_constraints": { "effect": { "equals": "pedo_restraint" } },
    "drop_fields": [ "effect" ]
  },
  {
    "id": "num_avatar_secronom_effget_pedo_restraint",
    "type": "event_statistic",
    "stat_type": "count",
    "event_transformation": "avatar_secronom_effget_pedo_restraint",
    "description": { "str": "times latched by nautilus torpedos", "str_pl": "times latched by nautilus torpedos" }
  },
  {
    "id": "avatar_secronom_effget_vector_infect",
    "type": "event_transformation",
    "event_type": "character_gains_effect",
    "value_constraints": { "effect": { "equals": "vector_infect" } },
    "drop_fields": [ "effect" ]
  },
  {
    "id": "num_avatar_secronom_effget_vector_infect",
    "type": "event_statistic",
    "stat_type": "count",
    "event_transformation": "avatar_secronom_effget_vector_infect",
    "description": { "str": "times contracted a vector infection", "str_pl": "times contracted a vector infection" }
  },
  {
    "id": "avatar_secronom_efflost_secro_akin_siphon_foe",
    "type": "event_transformation",
    "event_type": "character_loses_effect",
    "value_constraints": { "effect": { "equals": "secro_akin_siphon_foe" } },
    "drop_fields": [ "effect" ]
  },
  {
    "id": "num_avatar_secronom_efflost_secro_akin_siphon_foe",
    "type": "event_statistic",
    "stat_type": "count",
    "event_transformation": "avatar_secronom_efflost_secro_akin_siphon_foe",
    "description": { "str": "times getting drained by an akin", "str_pl": "times getting drained by an akin" }
  },
  {
    "id": "avatar_secronom_efflost_secro_flesh_tree_grab",
    "type": "event_transformation",
    "event_type": "character_loses_effect",
    "value_constraints": { "effect": { "equals": "secro_flesh_tree_grab" } },
    "drop_fields": [ "effect" ]
  },
  {
    "id": "num_avatar_secronom_efflost_secro_flesh_tree_grab",
    "type": "event_statistic",
    "stat_type": "count",
    "event_transformation": "avatar_secronom_efflost_secro_flesh_tree_grab",
    "description": { "str": "times getting grabbed by something \"fleshy\"", "str_pl": "times getting grabbed by something \"fleshy\"" }
  },
  {
    "id": "avatar_secronom_effget_secro_flesh_bio_limb",
    "type": "event_transformation",
    "event_type": "character_gains_effect",
    "value_constraints": { "effect": { "equals": "secro_flesh_bio_limb" } },
    "drop_fields": [ "effect" ]
  },
  {
    "id": "num_avatar_secronom_effget_secro_flesh_bio_limb",
    "type": "event_statistic",
    "stat_type": "count",
    "event_transformation": "avatar_secronom_effget_secro_flesh_bio_limb",
    "description": { "str": "times eaten \"the flesh\"", "str_pl": "times eaten \"the flesh\"" }
  },
  {
    "id": "avatar_secronom_witness_edischarge",
    "type": "event_transformation",
    "event_type": "character_gains_effect",
    "value_constraints": { "effect": { "equals": "mon_secrodragon_edischarge_target_random_YES" } },
    "drop_fields": [ "effect" ]
  },
  {
    "id": "num_avatar_secronom_witness_edischarge",
    "type": "event_statistic",
    "stat_type": "count",
    "event_transformation": "avatar_secronom_witness_edischarge",
    "description": "times witnessed a creature do something \"flashy\""
  },
  {
    "id": "avatar_secronom_witness_nimplode",
    "type": "event_transformation",
    "event_type": "character_gains_effect",
    "value_constraints": { "effect": { "equals": "mon_zombie_equinox_nimplode_target_random_YES" } },
    "drop_fields": [ "effect" ]
  },
  {
    "id": "num_avatar_secronom_witness_nimplode",
    "type": "event_statistic",
    "stat_type": "count",
    "event_transformation": "avatar_secronom_witness_nimplode",
    "description": "times witnessed a rain of necrotic flesh"
  },
  {
    "id": "avatar_secronom_witness_texplode",
    "type": "event_transformation",
    "event_type": "character_gains_effect",
    "value_constraints": { "effect": { "equals": "mon_zombie_cordev_texplode_target_YES" } },
    "drop_fields": [ "effect" ]
  },
  {
    "id": "num_avatar_secronom_witness_texplode",
    "type": "event_statistic",
    "stat_type": "count",
    "event_transformation": "avatar_secronom_witness_texplode",
    "description": "times witnessed a mutant explode from empowering itself"
  },
  {
    "id": "avatar_secronom_witness_grow_null",
    "type": "event_transformation",
    "event_type": "character_gains_effect",
    "value_constraints": { "effect": { "equals": "mon_insect_saddler_baby_potent_grow_null_YES" } },
    "drop_fields": [ "effect" ]
  },
  {
    "id": "num_avatar_secronom_witness_grow_null",
    "type": "event_statistic",
    "stat_type": "count",
    "event_transformation": "avatar_secronom_witness_grow_null",
    "description": "times witnessed a \"baby\" go boom"
  }
]
