[
  {
    "note": "These are used for flesh camps. which are traversible for players.",
    "type": "terrain",
    "id": "t_secro_dirt_flesh_camp",
    "looks_like": "t_secro_dirt_flesh",
    "name": "fleshed dirt",
    "description": "It's dirt, but covered in bloody veins.",
    "symbol": ".",
    "color": "light_red",
    "move_cost": 5,
    "flags": [ "FLAMMABLE", "TRANSPARENT", "FLAT", "S_FLESH" ],
    "bash": { "sound": "splash", "ter_set": "t_dirt", "str_min": 8, "str_max": 16, "bash_below": true }
  },
  {
    "type": "terrain",
    "id": "t_secro_grass_flesh_camp",
    "looks_like": "t_secro_grass_flesh",
    "name": "fleshed grass",
    "description": "A cluster of tiny tentacles used to be the wild patch of living grass.",
    "symbol": ".",
    "color": "red",
    "move_cost": 5,
    "flags": [ "FLAMMABLE", "TRANSPARENT", "FLAT", "S_FLESH" ],
    "bash": { "sound": "splash", "ter_set": "t_grass", "str_min": 8, "str_max": 16, "bash_below": true }
  },
  {
    "type": "terrain",
    "id": "t_secro_grass_long_flesh_camp",
    "looks_like": "t_secro_grass_long_flesh",
    "name": "fleshed long grass",
    "description": "A cluster of long, writhing tendrils about shin high.",
    "symbol": ",",
    "color": "red",
    "move_cost": 6,
    "flags": [ "FLAMMABLE", "TRANSPARENT", "FLAT", "S_FLESH" ],
    "bash": { "sound": "splash", "ter_set": "t_grass_long", "str_min": 8, "str_max": 16, "bash_below": true }
  },
  {
    "type": "terrain",
    "id": "t_secro_grass_tall_flesh_camp",
    "looks_like": "t_secro_grass_tall_flesh",
    "name": "fleshed tall grass",
    "description": "A cluster of tall, writhing tendrils about head high.",
    "symbol": "'",
    "color": "red",
    "move_cost": 8,
    "coverage": 50,
    "flags": [ "FLAMMABLE", "TRANSPARENT", "FLAT", "S_FLESH" ],
    "bash": { "sound": "splash", "ter_set": "t_grass_tall", "str_min": 8, "str_max": 16, "bash_below": true }
  },
  {
    "type": "terrain",
    "id": "t_secro_shrub_flesh_camp",
    "looks_like": "t_secro_shrub_flesh",
    "name": "fleshed shrub",
    "description": "A small shrub, now a dense tendril cluster.",
    "symbol": "#",
    "color": "red",
    "move_cost": 8,
    "coverage": 40,
    "flags": [ "TRANSPARENT", "CONTAINER", "FLAMMABLE_ASH", "THIN_OBSTACLE", "PLACE_ITEM", "SHRUB", "SHORT", "S_FLESH" ],
    "bash": { "str_min": 8, "str_max": 16, "sound": "splash.", "sound_fail": "splat.", "ter_set": "t_shrub" }
  },
  {
    "type": "terrain",
    "id": "t_secro_tree_young_flesh_camp",
    "looks_like": "t_secro_tree_young_flesh",
    "name": "fleshed young tree",
    "description": "Devoured by the flesh, this young sapling has its twigs covered in membranous veins and blood-dripping gore as its leaves.",
    "symbol": "1",
    "color": [ "red", "light_red", "red", "red" ],
    "move_cost": 7,
    "flags": [ "TRANSPARENT", "FLAMMABLE_ASH", "NOITEM", "YOUNG", "REDUCE_SCENT", "S_FLESH" ],
    "bash": { "str_min": 8, "str_max": 16, "sound": "splash!", "sound_fail": "splat!", "ter_set": "t_tree_young" }
  },
  {
    "type": "terrain",
    "id": "t_secro_tree_flesh_camp",
    "looks_like": "t_secro_tree_flesh",
    "name": "fleshed tree",
    "description": "A fully grown tree, standing tall even though its already been overwhelmed by the flesh.",
    "symbol": "7",
    "color": [ "red", "light_red", "red", "red" ],
    "move_cost": 0,
    "coverage": 80,
    "flags": [ "FLAMMABLE_ASH", "NOITEM", "SUPPORTS_ROOF", "REDUCE_SCENT", "S_FLESH" ],
    "bash": { "str_min": 8, "str_max": 16, "sound": "splash!", "sound_fail": "splat!", "ter_set": "t_tree" }
  },
  {
    "type": "furniture",
    "id": "f_secro_boulder_small_flesh_camp",
    "looks_like": "f_secro_boulder_small_flesh",
    "name": "fleshed small boulder",
    "description": "A small rock that has succumbed to the flesh.",
    "symbol": "o",
    "color": "dark_gray",
    "move_cost_mod": 3,
    "coverage": 30,
    "required_str": 10,
    "crafting_pseudo_item": "boulder_anvil",
    "flags": [ "FLAMMABLE_HARD", "TRANSPARENT", "S_FLESH", "UNSTABLE", "MOUNTABLE", "TINY" ],
    "bash": { "str_min": 8, "str_max": 16, "sound": "splash!", "sound_fail": "splat.", "ter_set": "f_boulder_small" }
  },
  {
    "type": "furniture",
    "id": "f_secro_boulder_medium_flesh_camp",
    "looks_like": "f_secro_boulder_medium_flesh",
    "name": "fleshed medium boulder",
    "description": "A rock that has succumbed to the flesh.",
    "symbol": "0",
    "color": "dark_gray",
    "move_cost_mod": 6,
    "coverage": 45,
    "required_str": 16,
    "crafting_pseudo_item": "boulder_anvil",
    "flags": [ "FLAMMABLE_HARD", "NOITEM", "TRANSPARENT", "S_FLESH", "UNSTABLE", "MOUNTABLE", "SHORT", "BASHABLE" ],
    "bash": { "str_min": 8, "str_max": 16, "sound": "splash!", "sound_fail": "splat.", "ter_set": "f_boulder_medium" }
  },
  {
    "type": "furniture",
    "id": "f_secro_boulder_large_flesh_camp",
    "looks_like": "f_secro_boulder_large_flesh",
    "name": "fleshed large boulder",
    "description": "A large rock that has succumbed to the flesh.",
    "symbol": "O",
    "color": "dark_gray",
    "move_cost_mod": -1,
    "coverage": 65,
    "required_str": 32,
    "flags": [ "FLAMMABLE_HARD", "NOITEM", "S_FLESH", "BASHABLE", "BLOCK_WIND" ],
    "bash": { "str_min": 8, "str_max": 16, "sound": "splash!", "sound_fail": "splat.", "ter_set": "f_boulder_large" }
  },
  {
    "type": "terrain",
    "id": "t_secro_flesh_camp",
    "looks_like": "t_secro_flesh",
    "name": "flesh",
    "description": "Disgusting mounds of meat, slimy and organic as it seems to live. This pinkish flesh is rotten to the core, and setting it on fire may not be the cure.",
    "symbol": ".",
    "color": "red",
    "move_cost": 5,
    "flags": [ "FLAMMABLE_HARD", "TRANSPARENT", "FLAT", "S_FLESH" ]
  },
  {
    "type": "terrain",
    "id": "t_secro_flesh_camp_smoot",
    "looks_like": "t_secro_flesh",
    "name": "flesh",
    "description": "Disgusting mounds of meat, slimy and organic as it seems to live. This pinkish flesh is rotten to the core, and setting it on fire may not be the cure.",
    "symbol": ".",
    "color": "light_red",
    "move_cost": 1,
    "flags": [ "FLAMMABLE_HARD", "TRANSPARENT", "FLAT", "S_FLESH" ]
  },
  {
    "type": "terrain",
    "id": "t_secro_flesh_camp_wall",
    "looks_like": "t_secro_flesh_wall",
    "name": "flesh wall",
    "description": "Disgusting wall of meat, slimy and organic as it seems to live. This compact lumps of flesh is sinister to the core, and setting it on fire may not be the cure.",
    "symbol": "#",
    "color": "red",
    "move_cost": 0,
    "coverage": 100,
    "bash": { "str_min": 100, "str_max": 300, "sound": "splash!", "sound_fail": "splat.", "ter_set": "t_secro_flesh_camp" },
    "flags": [ "FLAMMABLE_HARD", "NOITEM", "SUPPORTS_ROOF", "WALL", "AUTO_WALL_SYMBOL", "S_FLESH", "BLOCK_WIND" ]
  },
  {
    "type": "terrain",
    "id": "t_secro_flesh_camp_wall_veins_smoot",
    "looks_like": "t_secro_flesh",
    "name": "flesh",
    "description": "Disgusting mounds of meat, slimy and organic as it seems to live. This pinkish flesh is rotten to the core, and setting it on fire may not be the cure.",
    "symbol": ".",
    "color": "light_red",
    "move_cost": 1,
    "flags": [ "FLAMMABLE_HARD", "TRANSPARENT", "FLAT", "S_FLESH" ]
  },
  {
    "type": "terrain",
    "id": "t_secro_flesh_camp_wall_veins",
    "looks_like": "t_secro_flesh_wall",
    "name": "vein wall",
    "description": "A wall composed of vein-like tendrils, seemingly made on the fly.",
    "symbol": "#",
    "color": "red",
    "move_cost": 0,
    "coverage": 90,
    "bash": { "str_min": 10, "str_max": 30, "sound": "splook!", "sound_fail": "splat.", "ter_set": "t_secro_flesh_camp_wall_veins_smoot" },
    "flags": [ "FLAMMABLE_HARD", "NOITEM", "SUPPORTS_ROOF", "WALL", "AUTO_WALL_SYMBOL", "S_FLESH", "BLOCK_WIND" ]
  },
  {
    "type": "furniture",
    "id": "f_secro_flesh_camp_bed",
    "name": "flesh bed",
    "symbol": "#",
    "description": "A lump of flesh carefully molded into a bed. Although it may be sticky, it'll keep you warm.",
    "color": "red",
    "move_cost_mod": 5,
    "coverage": 60,
    "comfort": 4,
    "floor_bedding_warmth": 700,
    "required_str": -1,
    "flags": [ "TRANSPARENT", "FLAMMABLE_HARD", "PLACE_ITEM", "MOUNTABLE", "CAN_SIT", "S_FLESH" ],
    "bash": {
      "str_min": 16,
      "str_max": 50,
      "sound": "splook!",
      "sound_fail": "splat.",
      "items": [
        { "item": "secro_flesh", "count": [ 1, 2 ] }
        ]
    }
  },
  {
    "type": "furniture",
    "id": "f_secro_flesh_camp_floorstorage",
    "name": "floor residue",
    "symbol": "o",
    "description": "A gaping mouth on the floor. Good for storing items, just don't fall into it.",
    "color": "red",
    "move_cost_mod": 3,
    "coverage": 10,
    "required_str": -1,
    "flags": [ "CONTAINER", "PLACE_ITEM", "TRANSPARENT", "FLAMMABLE_HARD", "MOUNTABLE", "S_FLESH" ],
    "max_volume": "2500 L",
    "bash": {
      "str_min": 100,
      "str_max": 200,
      "sound": "splook!",
      "sound_fail": "splat!",
      "items": [
        { "item": "secro_flesh", "count": [ 1, 2 ] }
      ]
    }
  },
  {
    "type": "furniture",
    "id": "f_secro_flesh_camp_storage",
    "name": "residue",
    "symbol": "{",
    "description": "A gaping mouth protruding from the floor. Great for storing items, just don't go inside it.",
    "color": "red",
    "move_cost_mod": -1,
    "coverage": 10,
    "required_str": -1,
    "flags": [ "CONTAINER", "PLACE_ITEM", "TRANSPARENT", "FLAMMABLE_HARD", "S_FLESH" ],
    "max_volume": "10000 L",
    "bash": {
      "str_min": 100,
      "str_max": 200,
      "sound": "splook!",
      "sound_fail": "splat!",
      "items": [
        { "item": "secro_flesh", "count": [ 1, 5 ] }
      ]
    }
  },
  {
    "type": "furniture",
    "id": "f_secro_flesh_camp_displaystorage",
    "name": "flesh rack",
    "symbol": "{",
    "description": "Lay your items here. Worry not, they won't dissolve.",
    "color": "light_red",
    "move_cost_mod": -1,
    "coverage": 10,
    "required_str": -1,
    "flags": [ "CONTAINER", "PLACE_ITEM", "TRANSPARENT", "FLAMMABLE_HARD", "S_FLESH" ],
    "max_volume": "10000 L",
    "bash": {
      "str_min": 100,
      "str_max": 200,
      "sound": "splook!",
      "sound_fail": "splat!",
      "items": [
        { "item": "secro_flesh", "count": [ 1, 2 ] }
      ]
    }
  },
  {
    "type": "furniture",
    "id": "f_secro_flesh_camp_liquidstorage",
    "name": "flesh container",
    "description": "A large sack of flesh for storing liquids, with a vented suction point for ease of use.",
    "symbol": "O",
    "color": "light_red",
    "move_cost_mod": -1,
    "coverage": 90,
    "required_str": -1,
    "flags": [ "CONTAINER", "LIQUIDCONT", "NOITEM", "SEALED", "TRANSPARENT", "S_FLESH" ],
    "examine_action": "keg",
    "keg_capacity": 750,
    "bash": {
      "str_min": 20,
      "str_max": 60,
      "sound": "splook!",
      "sound_fail": "splat!",
      "items": [
        { "item": "secro_flesh", "count": [ 1, 4 ] }
      ]
    }
  },
  {
    "type": "furniture",
    "id": "f_secro_flesh_camp_light",
    "name": "bioluminescent wart",
    "description": "This bulbous clump of warts emit bioluminescent lights.",
    "symbol": "i",
    "color": "white",
    "move_cost_mod": 2,
    "coverage": 5,
    "required_str": -1,
    "light_emitted": 3,
    "flags": [ "TRANSPARENT" ],
    "bash": {
      "str_min": 6,
      "str_max": 9,
      "sound": "splook!",
      "sound_fail": "splat!"
    }
  }
]