[
  {
    "//": "Let's pick some mapgens to infest with our gorey version of it! They're rarer, tho.",
    "type": "mapgen",
    "method": "json",
    "om_terrain": [ "secro_house_flesh" ],
    "weight": 200,
    "object": {
      "fill_ter": "t_secro_floor_flesh",
      "rows": [
        ".###..########Ps##..###.",
        ".---vv----v----;--vvv--.",
        ".|  nn o|B  |r|   nnnn|.",
        ".|d    o|B t| |      ]|.",
        ".|d     |B  | +      0|.",
        ".|      |c c| |  ?    |.",
        ".|  @@  |c S|r|  ?    |.",
        ".|]n@@n |c c|-|  n??? |.",
        ".|-----+--+-| |       |.",
        ".|>>  |    ]---       |.",
        ".|d   |               |.",
        ".|d   +               |.",
        ".|    |           | h |.",
        ".|n   |           |kkk|.",
        ".|@@ n|---+--     ----|.",
        ".|@@ n|r|  c|      DlY|.",
        ".|n   + |  S|   h     ;.",
        ".|]   |-|  c| hnn    ]|.",
        ".|    +    c|  nnh   4|.",
        ".|k   |-|  ]|  h     f|.",
        ".|kh  + |  t|        2|.",
        ".|kkk |r|BBB|    153O2|.",
        ".--vv---------;---vv---.",
        "........................"
      ],
      "set": [
        { "point": "terrain", "id": "t_dirt", "x": [ 0, 0 ], "y": [ 0, 23 ], "repeat": [ 5, 10 ] },
        { "point": "terrain", "id": "t_dirt", "x": [ 23, 23 ], "y": [ 0, 23 ], "repeat": [ 5, 10 ] },
        { "point": "terrain", "id": "t_dirt", "x": [ 0, 23 ], "y": [ 23, 23 ], "repeat": [ 5, 8 ] },
        { "point": "terrain", "id": "t_dirt", "x": [ 0, 14 ], "y": [ 0, 0 ], "repeat": [ 5, 8 ] },
        { "point": "terrain", "id": "t_tree_young", "x": [ 0, 14 ], "y": [ 0, 0 ], "chance": 5 },
        { "point": "terrain", "id": "t_tree_apple", "x": [ 0, 14 ], "y": [ 0, 0 ], "chance": 10, "repeat": [ 1, 2 ] }
      ],
      "terrain": {
        "#": "t_shrub",
        "+": "t_secro_door_flesh",
        "-": "t_secro_wall_flesh",
        ".": "t_grass",
        ";": "t_secro_door_locked_flesh",
        "P": "t_grass",
        "s": "t_sidewalk",
        "v": "t_secro_window_flesh",
        "|": "t_secro_wall_flesh",
        ">": "t_secro_stairs_down_flesh"
      },
      "furniture": {
        "0": "f_fireplace",
        "?": "f_sofa",
        "@": "f_bed",
        "l": "f_stool",
        "Y": "f_rack_coat",
        "B": "f_bathtub",
        "C": "f_cupboard",
        "1": "f_cupboard",
        "2": "f_cupboard",
        "3": "f_cupboard",
        "4": "f_cupboard",
        "5": "f_sink",
        "D": "f_trashcan",
        "O": "f_oven",
        "P": "f_mailbox",
        "S": "f_sink",
        "c": "f_counter",
        "d": "f_dresser",
        "f": "f_fridge",
        "h": "f_chair",
        "k": "f_desk",
        "n": "f_table",
        "o": "f_bookcase",
        "r": "f_rack",
        "]": "f_secro_fleshknot_emitter"
      },
      "toilets": { "t": {  } },
      "items": {
        "Y": { "item": "coat_rack", "chance": 30, "repeat": [ 1, 4 ] },
        "P": { "item": "mail", "chance": 30, "repeat": [ 2, 5 ] },
        "1": [ { "item": "SUS_dishes" }, { "item": "SUS_silverware" } ],
        "2": { "item": "SUS_cookware" },
        "3": [ { "item": "SUS_utensils" }, { "item": "SUS_knife_drawer" } ],
        "4": { "item": "SUS_junk_drawer" },
        "5": { "item": "SUS_kitchen_sink" }
      },
      "place_loot": [
        { "group": "bed", "x": [ 4, 5 ], "y": [ 6, 7 ], "chance": 90, "repeat": [ 1, 3 ] },
        { "group": "bed", "x": [ 2, 3 ], "y": [ 14, 15 ], "chance": 90, "repeat": [ 1, 3 ] },
        { "group": "allclothes", "x": [ 7, 7 ], "y": [ 21, 21 ], "chance": 90, "repeat": [ 1, 2 ] },
        { "group": "allclothes", "x": [ 7, 7 ], "y": [ 15, 15 ], "chance": 90, "repeat": [ 1, 3 ] },
        { "group": "cleaning", "x": [ 13, 13 ], "y": [ 6, 6 ], "chance": 90, "repeat": [ 1, 2 ] },
        { "group": "dresser", "x": [ 2, 2 ], "y": [ 10, 11 ], "chance": 80, "repeat": [ 1, 3 ] },
        { "group": "dresser", "x": [ 2, 2 ], "y": [ 3, 4 ], "chance": 80, "repeat": [ 1, 3 ] },
        { "group": "fridge", "x": [ 21, 21 ], "y": [ 19, 19 ], "chance": 90, "repeat": [ 5, 10 ] },
        { "group": "guns_pistol_common", "x": [ 2, 2 ], "y": [ 13, 13 ], "chance": 5, "ammo": 90, "magazine": 100 },
        { "group": "kitchen", "x": [ 19, 19 ], "y": [ 21, 21 ], "chance": 30, "repeat": [ 1, 2 ] },
        { "group": "kitchen", "x": [ 17, 17 ], "y": [ 21, 21 ], "chance": 30, "repeat": [ 1, 2 ] },
        { "group": "kitchen", "x": [ 21, 21 ], "y": [ 20, 21 ], "chance": 30, "repeat": [ 1, 2 ] },
        { "group": "kitchen", "x": [ 21, 21 ], "y": [ 18, 18 ], "chance": 30, "repeat": [ 1, 2 ] },
        { "group": "livingroom", "x": [ 10, 18 ], "y": [ 10, 11 ], "chance": 90, "repeat": [ 1, 5 ] },
        { "group": "magazines", "x": [ 17, 17 ], "y": [ 7, 7 ], "chance": 80, "repeat": [ 1, 3 ] },
        { "group": "mischw", "x": [ 13, 13 ], "y": [ 2, 2 ], "chance": 60, "repeat": [ 1, 3 ] },
        { "group": "novels", "x": [ 7, 7 ], "y": [ 2, 3 ], "chance": 85, "repeat": [ 1, 4 ] },
        { "group": "office", "x": [ 3, 4 ], "y": [ 21, 21 ], "chance": 40, "repeat": [ 1, 2 ] },
        { "group": "office", "x": [ 2, 2 ], "y": [ 19, 21 ], "chance": 40, "repeat": [ 1, 2 ] },
        { "group": "office", "x": [ 19, 21 ], "y": [ 13, 13 ], "chance": 70, "repeat": [ 1, 2 ] },
        { "group": "oven", "x": [ 20, 21 ], "y": [ 20, 21 ], "chance": 75, "repeat": [ 1, 3 ] },
        { "group": "softdrugs", "x": [ 11, 11 ], "y": [ 15, 18 ], "chance": 75, "repeat": [ 1, 2 ] },
        { "group": "softdrugs", "x": [ 9, 9 ], "y": [ 5, 7 ], "chance": 75, "repeat": [ 1, 2 ] },
        { "group": "trash", "x": [ 19, 19 ], "y": [ 15, 15 ], "chance": 80, "repeat": [ 1, 3 ] },
        { "item": "television", "x": [ 21, 21 ], "y": [ 2, 2 ], "chance": 85 },
        { "item": "laptop", "x": [ 2, 2 ], "y": [ 20, 20 ], "chance": 3 }
      ],
      "place_monsters": [ { "monster": "GROUP_ZOMBIE", "x": [ 2, 21 ], "y": [ 2, 21 ], "chance": 2 } ]
    }
  },
  {
    "type": "mapgen",
    "method": "json",
    "om_terrain": [ "secro_house_flesh" ],
    "weight": 200,
    "object": {
      "fill_ter": "t_secro_floor_flesh",
      "rows": [
        "............ss..........",
        "............ss..........",
        "...........pss..........",
        "..|-vv--vv-|ss......#...",
        "..|        |ss..........",
        "..v  hnnh  vsssssss.....",
        "..v  hnnh  |sssssss.....",
        "..|  hnnh  |;;-|-vvv-|..",
        "..|]          P|    d|..",
        "..|--| ----|   |   @@v..",
        "..v  +  >>     +   @@v..",
        "..|tS|c       ?|    ]|..",
        "..|--|c   nn  ?|+|-+-|..",
        "..|r +    nn  ?|r|c t|..",
        "..|--|o  ]    ?|-|S B|..",
        ".....vl        |r|c B|..",
        ".....v5     f|+|+|-+-|..",
        "#....v1     C|       |..",
        ".....|C 42O3C|       v..",
        ".....|-;-vvv-|  @@   v..",
        ".....ssssssssw  @@d ]|..",
        ".....ssssssss|-v---v-|..",
        "........................",
        "........................"
      ],
      "set": [
        { "point": "terrain", "id": "t_dirt", "x": [ 0, 23 ], "y": [ 22, 23 ], "repeat": [ 10, 20 ] },
        { "point": "terrain", "id": "t_dirt", "x": [ 0, 1 ], "y": [ 0, 23 ], "repeat": [ 10, 20 ] },
        { "point": "terrain", "id": "t_dirt", "x": [ 22, 23 ], "y": [ 0, 23 ], "repeat": [ 10, 20 ] }
      ],
      "terrain": {
        "#": "t_shrub",
        "+": "t_secro_door_flesh",
        "-": "t_secro_wall_flesh",
        ".": "t_grass",
        "p": "t_grass",
        ";": "t_secro_door_locked_flesh",
        "s": "t_sidewalk",
        "v": "t_secro_window_flesh",
        "w": "t_secro_window_flesh",
        "|": "t_secro_wall_flesh",
        ">": "t_secro_stairs_down_flesh"
      },
      "furniture": {
        "?": "f_sofa",
        "@": "f_bed",
        "B": "f_bathtub",
        "O": "f_oven",
        "l": "f_stool",
        "p": "f_mailbox",
        "P": "f_indoor_plant",
        "S": "f_sink",
        "c": "f_counter",
        "C": "f_cupboard",
        "1": "f_cupboard",
        "2": "f_cupboard",
        "3": "f_cupboard",
        "4": "f_cupboard",
        "5": "f_sink",
        "d": "f_dresser",
        "f": "f_fridge",
        "h": "f_chair",
        "k": "f_desk",
        "n": "f_table",
        "o": "f_bookcase",
        "r": "f_rack",
        "]": "f_secro_fleshknot_emitter"
      },
      "toilets": { "t": {  } },
      "items": {
        "p": { "item": "mail", "chance": 30, "repeat": [ 2, 5 ] },
        "1": [ { "item": "SUS_dishes" }, { "item": "SUS_silverware" } ],
        "2": { "item": "SUS_cookware" },
        "3": [ { "item": "SUS_utensils" }, { "item": "SUS_knife_drawer" } ],
        "4": { "item": "SUS_junk_drawer" },
        "5": { "item": "SUS_kitchen_sink" }
      },
      "place_loot": [
        { "group": "dresser", "x": [ 18, 18 ], "y": [ 20, 20 ], "chance": 80, "repeat": [ 1, 4 ] },
        { "group": "dresser", "x": [ 20, 20 ], "y": [ 8, 8 ], "chance": 80, "repeat": [ 1, 4 ] },
        { "group": "dresser", "x": [ 16, 16 ], "y": [ 13, 13 ], "chance": 90, "repeat": [ 1, 2 ] },
        { "group": "dresser", "x": [ 16, 16 ], "y": [ 15, 15 ], "chance": 90, "repeat": [ 1, 2 ] },
        { "group": "dining", "x": [ 6, 7 ], "y": [ 5, 7 ], "chance": 85, "repeat": [ 1, 3 ] },
        { "group": "jackets", "x": [ 3, 3 ], "y": [ 13, 13 ], "chance": 70, "repeat": [ 1, 2 ] },
        { "group": "homebooks", "x": [ 6, 6 ], "y": [ 14, 14 ], "chance": 70, "repeat": [ 1, 3 ] },
        { "group": "guns_pistol_common", "x": [ 20, 20 ], "y": [ 8, 8 ], "chance": 4, "ammo": 90, "magazine": 100 },
        { "group": "guns_pistol_common", "x": [ 18, 18 ], "y": [ 20, 20 ], "chance": 3, "ammo": 90, "magazine": 100 },
        { "group": "kitchen", "x": [ 6, 12 ], "y": [ 16, 18 ], "chance": 80, "repeat": [ 1, 3 ] },
        { "group": "fridge", "x": [ 12, 12 ], "y": [ 18, 18 ], "chance": 90, "repeat": [ 5, 10 ] },
        { "group": "oven", "x": [ 10, 10 ], "y": [ 18, 18 ], "chance": 75, "repeat": [ 1, 3 ] },
        { "group": "softdrugs", "x": [ 18, 20 ], "y": [ 13, 15 ], "chance": 75, "repeat": [ 1, 2 ] },
        { "group": "cleaning", "x": [ 18, 19 ], "y": [ 13, 15 ], "chance": 90, "repeat": [ 1, 2 ] },
        { "group": "harddrugs", "x": [ 18, 20 ], "y": [ 13, 15 ], "chance": 15, "repeat": [ 1, 2 ] },
        { "group": "softdrugs", "x": [ 3, 4 ], "y": [ 10, 11 ], "chance": 65, "repeat": [ 1, 2 ] },
        { "group": "cleaning", "x": [ 3, 4 ], "y": [ 10, 11 ], "chance": 75, "repeat": [ 1, 2 ] },
        { "group": "bed", "x": [ 19, 20 ], "y": [ 9, 10 ], "chance": 90, "repeat": [ 1, 3 ] },
        { "group": "bed", "x": [ 16, 17 ], "y": [ 19, 20 ], "chance": 90, "repeat": [ 1, 3 ] },
        { "group": "livingroom", "x": [ 6, 13 ], "y": [ 8, 15 ], "chance": 90, "repeat": [ 1, 4 ] },
        { "group": "bedroom", "x": [ 16, 20 ], "y": [ 8, 11 ], "chance": 80, "repeat": [ 1, 4 ] },
        { "group": "bedroom", "x": [ 14, 20 ], "y": [ 17, 20 ], "chance": 80, "repeat": [ 1, 4 ] }
      ],
      "place_monsters": [ { "monster": "GROUP_ZOMBIE", "x": [ 2, 21 ], "y": [ 2, 21 ], "chance": 2 } ]
    }
  },
  {
    "type": "mapgen",
    "method": "json",
    "om_terrain": [ "secro_house_flesh" ],
    "weight": 300,
    "object": {
      "fill_ter": "t_secro_floor_flesh",
      "rows": [
        "........##.ss.##.P......",
        ".---vvvv--v;;v---------.",
        ".|   h   |Y  Y| r   r |.",
        ".v  kkk  |   ]| r   r |.",
        ".v       |    | r   r |.",
        ".|       |    | r]  r |.",
        ".|oooo]  |    |       |.",
        ".|------+|    |---+---|.",
        ".|]                  1|.",
        ".|???????    hn  lC3 5v.",
        ".v?         hnn   C2 Ov.",
        ".v?  cc    h nn  lC4 f|.",
        ".|?  cc       h      ]|.",
        ".|                    v.",
        ".|------              v.",
        ".|     +      nK     D|.",
        ".|     |-----------+--|.",
        ".|d    |t]   S|       |.",
        ".v@@   +     c|       |.",
        ".v@@   |BB   S|       |.",
        ".|d    |BBB   +   @@  |.",
        ".|n   ]|BBB >>|] d@@d |.",
        ".---------vv------vv---.",
        "........................"
      ],
      "set": [
        { "point": "terrain", "id": "t_dirt", "x": [ 0, 0 ], "y": [ 0, 23 ], "repeat": [ 5, 10 ] },
        { "point": "terrain", "id": "t_dirt", "x": [ 23, 23 ], "y": [ 0, 23 ], "repeat": [ 5, 10 ] },
        { "point": "terrain", "id": "t_dirt", "x": [ 0, 23 ], "y": [ 23, 23 ], "repeat": [ 5, 8 ] },
        { "point": "terrain", "id": "t_dirt", "x": [ 0, 14 ], "y": [ 0, 0 ], "repeat": [ 5, 8 ] },
        { "point": "terrain", "id": "t_tree_apple", "x": [ 0, 14 ], "y": [ 0, 0 ], "chance": 40, "repeat": [ 1, 2 ] }
      ],
      "terrain": {
        "#": "t_shrub",
        "+": "t_secro_door_flesh",
        "-": "t_secro_wall_flesh",
        ".": "t_grass",
        ";": "t_secro_door_locked_flesh",
        "P": "t_grass",
        "s": "t_sidewalk",
        "v": "t_secro_window_flesh",
        "|": "t_secro_wall_flesh",
        ">": "t_secro_stairs_down_flesh"
      },
      "furniture": {
        "?": "f_sofa",
        "@": "f_bed",
        "B": "f_bathtub",
        "C": "f_cupboard",
        "1": "f_cupboard",
        "2": "f_cupboard",
        "3": "f_cupboard",
        "4": "f_cupboard",
        "5": "f_sink",
        "D": "f_trashcan",
        "K": "f_armchair",
        "O": "f_oven",
        "P": "f_mailbox",
        "S": "f_sink",
        "l": "f_stool",
        "Y": "f_rack_coat",
        "c": "f_counter",
        "d": "f_dresser",
        "f": "f_fridge",
        "h": "f_chair",
        "k": "f_desk",
        "n": "f_table",
        "o": "f_bookcase",
        "r": "f_rack",
        "]": "f_secro_fleshknot_emitter"
      },
      "toilets": { "t": {  } },
      "items": {
        "Y": { "item": "coat_rack", "chance": 30, "repeat": [ 1, 4 ] },
        "P": { "item": "mail", "chance": 30, "repeat": [ 2, 5 ] },
        "1": [ { "item": "SUS_dishes" }, { "item": "SUS_silverware" } ],
        "2": { "item": "SUS_cookware" },
        "3": [ { "item": "SUS_utensils" }, { "item": "SUS_knife_drawer" } ],
        "4": { "item": "SUS_junk_drawer" },
        "5": { "item": "SUS_kitchen_sink" }
      },
      "place_loot": [
        { "group": "bed", "x": [ 2, 3 ], "y": [ 18, 19 ], "chance": 90, "repeat": [ 1, 3 ] },
        { "group": "bed", "x": [ 18, 19 ], "y": [ 20, 21 ], "chance": 90, "repeat": [ 1, 3 ] },
        { "group": "livingroom", "x": [ 1, 10 ], "y": [ 8, 13 ], "chance": 90, "repeat": [ 1, 5 ] },
        { "group": "bedroom", "x": [ 1, 6 ], "y": [ 15, 21 ], "chance": 80, "repeat": [ 1, 4 ] },
        { "group": "consumer_electronics", "x": [ 1, 6 ], "y": [ 15, 21 ], "chance": 50, "repeat": [ 1, 3 ] },
        { "group": "guns_pistol_common", "x": [ 2, 2 ], "y": [ 21, 21 ], "chance": 5, "ammo": 90, "magazine": 100 },
        { "group": "dresser", "x": [ 2, 2 ], "y": [ 20, 20 ], "chance": 80, "repeat": [ 3, 6 ] },
        { "group": "dresser", "x": [ 2, 2 ], "y": [ 17, 17 ], "chance": 80, "repeat": [ 2, 4 ] },
        { "group": "bedroom", "x": [ 15, 21 ], "y": [ 17, 21 ], "chance": 80, "repeat": [ 1, 4 ] },
        { "group": "dresser", "x": [ 20, 20 ], "y": [ 21, 21 ], "chance": 80, "repeat": [ 3, 6 ] },
        { "group": "dresser", "x": [ 17, 17 ], "y": [ 21, 21 ], "chance": 80, "repeat": [ 3, 6 ] },
        { "group": "cleaning", "x": [ 7, 14 ], "y": [ 17, 21 ], "chance": 90, "repeat": [ 1, 2 ] },
        { "group": "softdrugs", "x": [ 7, 14 ], "y": [ 17, 21 ], "chance": 75, "repeat": [ 1, 3 ] },
        { "group": "kitchen", "x": [ 15, 21 ], "y": [ 2, 11 ], "chance": 70, "repeat": [ 1, 3 ] },
        { "group": "fridge", "x": [ 21, 21 ], "y": [ 11, 11 ], "chance": 90, "repeat": [ 5, 10 ] },
        { "group": "oven", "x": [ 21, 21 ], "y": [ 10, 10 ], "chance": 75, "repeat": [ 1, 3 ] },
        { "group": "kitchen", "x": [ 21, 21 ], "y": [ 9, 9 ], "chance": 80, "repeat": [ 1, 2 ] },
        { "group": "trash_forest", "x": [ 21, 21 ], "y": [ 15, 15 ], "chance": 80, "repeat": [ 1, 3 ] },
        { "group": "homebooks", "x": [ 2, 5 ], "y": [ 6, 6 ], "chance": 70, "repeat": [ 1, 3 ] },
        { "group": "office", "x": [ 4, 6 ], "y": [ 3, 3 ], "chance": 75, "repeat": [ 1, 3 ] },
        { "group": "cannedfood", "x": [ 16, 16 ], "y": [ 2, 5 ], "chance": 80, "repeat": [ 1, 3 ] },
        { "group": "stash_food", "x": [ 16, 16 ], "y": [ 2, 5 ], "chance": 60, "repeat": [ 1, 3 ] },
        { "group": "pasta", "x": [ 20, 20 ], "y": [ 2, 5 ], "chance": 65, "repeat": [ 1, 2 ] },
        { "group": "stash_food", "x": [ 20, 20 ], "y": [ 2, 5 ], "chance": 60, "repeat": [ 1, 3 ] }
      ],
      "place_monsters": [ { "monster": "GROUP_ZOMBIE", "x": [ 2, 21 ], "y": [ 2, 21 ], "chance": 2 } ]
    }
  },
  {
    "//": "Prepper basements are less likely to be the reward for invading a flesh house.",
    "type": "mapgen",
    "method": "json",
    "om_terrain": [ "secro_basement_flesh" ],
    "weight": 250,
    "object": {
      "rotation": [ 0, 3 ],
      "fill_ter": "t_rock",
      "rows": [
        "                        ",
        "                        ",
        "                        ",
        "                        ",
        "                        ",
        "                        ",
        "                        ",
        "                        ",
        "                        ",
        "     ||||||||||||       ",
        "     |a]aaHHbbbr|       ",
        "     |a.......ar|       ",
        "     |a..a|||||||       ",
        "     |a..aaaarrr|       ",
        "     |a.aAaaaaaa|       ",
        "     |aa....arrr|       ",
        "     |||..|++||||       ",
        "     |E..a|].|          ",
        "     |W].r|<<|          ",
        "     |||||||||          ",
        "                        ",
        "                        ",
        "                        ",
        "                        "
      ],
      "terrain": {
        "+": "t_secro_door_flesh",
        "-": "t_secro_wall_flesh",
        ".": "t_secro_floor_flesh",
        "a": "t_secro_floor_flesh",
        "r": "t_secro_floor_flesh",
        "E": "t_secro_floor_flesh",
        "c": "t_secro_floor_flesh",
        "H": "t_secro_floor_flesh",
        "W": "t_secro_floor_flesh",
        "b": "t_secro_floor_flesh",
        "<": "t_secro_stairs_up_flesh",
        "|": "t_secro_wall_flesh",
        "]": "t_secro_floor_flesh",
        "A": "t_secro_floor_flesh"
      },
      "liquids": { "E": { "liquid": "water_clean", "amount": [ 0, 100 ] } },
      "furniture": {
        "c": "f_counter",
        "r": "f_rack",
        "E": "f_water_heater",
        "W": [ "f_water_purifier", "f_home_furnace" ],
        "a": [
          [ "f_table", 30 ],
          [ "f_armchair", 30 ],
          [ "f_chair", 60 ],
          [ "f_counter", 30 ],
          [ "f_cupboard", 30 ],
          [ "f_floor_lamp", 15 ],
          [ "f_desk", 30 ],
          [ "f_null", 50 ]
        ],
        "H": "f_bookcase",
        "b": "f_workbench",
        "]": "f_secro_fleshknot_emitter"
      },
      "items": {
        ".": [ { "item": "trash", "chance": 5 } ],
        "r": [
          { "item": "livingroom", "chance": 30 },
          { "item": "bedroom", "chance": 30 },
          { "item": "allclothes", "chance": 50 },
          { "item": "kitchen_appliances", "chance": 20 },
          { "item": "pawn", "chance": 5 },
          { "item": "musicstore_showpiece", "chance": 10 },
          { "item": "sports", "chance": 30 }
        ],
        "H": [
          { "item": "magazines", "chance": 60, "repeat": [ 0, 3 ] },
          { "item": "homebooks", "chance": 50 },
          { "item": "exotic_books", "chance": 5 }
        ],
        "b": [ { "item": "home_hw", "chance": 60 }, { "item": "mechanics", "chance": 30 } ]
      },
      "monster": { "A": { "monster": "mon_zombie_fleshknot_weak" } },
      "place_monsters": [ { "monster": "GROUP_ZOMBIE", "x": [ 9, 16 ], "y": [ 12, 16 ] } ]
    }
  },
  {
    "type": "mapgen",
    "method": "json",
    "om_terrain": [ "secro_basement_flesh" ],
    "weight": 125,
    "object": {
      "fill_ter": "t_rock",
      "rotation": [ 0, 3 ],
      "rows": [
        " --------------------   ",
        " |######M...ccgf...{|   ",
        " |#.......A........{|   ",
        " |#................{|   ",
        " |..y......h.h|--+----| ",
        " |.........###|]....##| ",
        " |.........h.h|]....h#| ",
        " |............|.......| ",
        " |sssss.s|{..{|dbbMbbd| ",
        " |.......|{..{|-------| ",
        " |X...xXX|{..{|M..|     ",
        " |Xx...MX|{...+..t|     ",
        " |XX..xXX|{..{|k..|     ",
        " |XXx..X.|{..{|------   ",
        " |X......|----|....<|   ",
        " |-|...............<|   ",
        "   |---.........M|--|   ",
        "      |----------|      ",
        "                        ",
        "                        ",
        "                        ",
        "                        ",
        "                        ",
        "                        "
      ],
      "terrain": {
        "#": "t_secro_rock_floor_flesh",
        "+": "t_secro_door_flesh",
        "-": "t_secro_wall_flesh",
        ".": "t_secro_rock_floor_flesh",
        "<": "t_secro_stairs_up_flesh",
        "X": "t_secro_rock_floor_flesh",
        "]": "t_secro_rock_floor_flesh",
        "b": "t_secro_rock_floor_flesh",
        "c": "t_secro_rock_floor_flesh",
        "d": "t_secro_rock_floor_flesh",
        "f": "t_secro_rock_floor_flesh",
        "g": "t_secro_rock_floor_flesh",
        "h": "t_secro_rock_floor_flesh",
        "k": "t_secro_rock_floor_flesh",
        "s": "t_secro_rock_floor_flesh",
        "t": "t_secro_rock_floor_flesh",
        "x": "t_secro_rock_floor_flesh",
        "y": "t_secro_rock_floor_flesh",
        "{": "t_secro_rock_floor_flesh",
        "|": "t_secro_wall_flesh",
        "M": "t_secro_rock_floor_flesh",
        "A": "t_secro_rock_floor_flesh"
      },
      "furniture": {
        "#": "f_counter",
        "X": "f_crate_o",
        "]": "f_bookcase",
        "b": "f_bed",
        "c": "f_cupboard",
        "d": "f_dresser",
        "f": "f_fridge",
        "g": "f_oven",
        "h": "f_chair",
        "k": "f_sink",
        "s": "f_sandbag_half",
        "x": "f_crate_c",
        "y": "f_woodstove",
        "{": "f_rack",
        "M": "f_secro_fleshknot_emitter"
      },
      "toilets": { "t": {  } },
      "place_liquids": [ { "liquid": "water", "x": [ 4, 15 ], "y": [ 14, 15 ], "repeat": 3 } ],
      "place_loot": [
        { "group": "basement_survival_last_stand_casing", "x": 2, "y": 6, "chance": 20, "repeat": [ 1, 10 ] },
        { "group": "basement_survival_last_stand_casing", "x": 3, "y": 6, "chance": 20, "repeat": [ 1, 10 ] },
        { "group": "basement_survival_last_stand_casing", "x": 4, "y": 6, "chance": 20, "repeat": [ 1, 10 ] },
        { "group": "basement_survival_last_stand_casing", "x": 5, "y": 7, "chance": 20, "repeat": [ 1, 10 ] },
        { "group": "basement_survival_last_stand_casing", "x": 2, "y": 7, "chance": 20, "repeat": [ 1, 10 ] },
        { "group": "basement_survival_last_stand_casing", "x": 3, "y": 7, "chance": 20, "repeat": [ 1, 10 ] },
        { "group": "basement_survival_last_stand_casing", "x": 4, "y": 7, "chance": 20, "repeat": [ 1, 10 ] },
        { "group": "basement_survival_last_stand_casing", "x": 5, "y": 7, "chance": 20, "repeat": [ 1, 10 ] },
        { "group": "basement_survival_last_stand", "x": [ 3, 4 ], "y": 7, "chance": 100 },
        { "group": "tools_common", "x": [ 3, 7 ], "y": 1, "chance": 100 },
        { "group": "tools_entry", "x": [ 3, 7 ], "y": 1, "chance": 50 },
        { "item": "fire_ax", "x": 2, "y": 2, "chance": 25 },
        { "item": "2x4", "x": [ 4, 7 ], "y": [ 3, 4 ], "chance": 100, "repeat": [ 2, 4 ] },
        { "item": "log", "x": [ 4, 7 ], "y": [ 3, 4 ], "chance": 100, "repeat": [ 1, 2 ] },
        { "group": "misc_smoking", "x": 21, "y": 6, "chance": 75 },
        { "group": "kitchen", "x": [ 11, 13 ], "y": 5, "chance": 100 },
        { "group": "cannedfood", "x": 10, "y": 8, "chance": 75 },
        { "group": "cannedfood", "x": 10, "y": 9, "chance": 75 },
        { "group": "cannedfood", "x": 10, "y": 10, "chance": 75 },
        { "group": "cannedfood", "x": 10, "y": 11, "chance": 75 },
        { "group": "cannedfood", "x": 10, "y": 12, "chance": 75 },
        { "group": "cannedfood", "x": 10, "y": 13, "chance": 75 },
        { "group": "fridge", "x": 15, "y": 1, "chance": 80, "repeat": [ 1, 3 ] },
        { "group": "book_survival", "x": 15, "y": 5, "chance": 90 },
        { "group": "book_survival", "x": 15, "y": 6, "chance": 30 },
        { "group": "gear_survival", "x": 13, "y": 8, "chance": 75 },
        { "group": "gear_survival", "x": 13, "y": 9, "chance": 75 },
        { "group": "gear_survival", "x": 13, "y": 10, "chance": 75 },
        { "group": "gear_survival", "x": 13, "y": 12, "chance": 75 },
        { "group": "gear_survival", "x": 13, "y": 13, "chance": 75 },
        {
          "group": "guns_survival",
          "x": 19,
          "y": [ 1, 2 ],
          "chance": 100,
          "repeat": [ 1, 2 ],
          "ammo": 75,
          "magazine": 100
        },
        { "group": "ammo_reloaded", "x": 19, "y": 3, "chance": 100, "repeat": [ 1, 3 ], "magazine": 100 },
        { "group": "guns_pistol_common", "x": 15, "y": 8, "chance": 30, "ammo": 75, "magazine": 100 },
        { "group": "guns_pistol_common", "x": 21, "y": 8, "chance": 30, "ammo": 75, "magazine": 100 },
        { "group": "clothing_outdoor_set", "x": 15, "y": 8, "chance": 30 },
        { "group": "clothing_outdoor_set", "x": 21, "y": 8, "chance": 30 },
        { "item": "blanket", "x": 16, "y": 8, "chance": 30 },
        { "item": "blanket", "x": 20, "y": 8, "chance": 30 },
        { "item": "pillow", "x": 16, "y": 8, "chance": 30 },
        { "item": "pillow", "x": 20, "y": 8, "chance": 30 }
      ],
      "monster": { "A": { "monster": "mon_zombie_fleshknot_weak" } },
      "place_monsters": [ { "monster": "GROUP_PREPPER_HOUSE", "x": [ 2, 10 ], "y": [ 4, 7 ], "chance": 2 } ]
    }
  },
  {
    "type": "mapgen",
    "method": "json",
    "om_terrain": [ "secro_basement_flesh" ],
    "weight": 50,
    "object": {
      "fill_ter": "t_rock",
      "rotation": [ 0, 3 ],
      "rows": [
        "  --------------------  ",
        "  |..................|  ",
        "  |..{{{{{{{{{{{{{{M.|  ",
        "  |.M......A.........|  ",
        "  |..................|  ",
        "  |..{{{{{{{{{{{{{{..|  ",
        "  |..................|  ",
        "  |..................|  ",
        "  |..........M.......|  ",
        "  |..........|---+---|  ",
        "  |.M........|]M.....|  ",
        "  |###s##|-+-|].....#|  ",
        "  |------|...+....h.#|  ",
        "         |<..|...####|  ",
        "         -------------  ",
        "                        ",
        "                        ",
        "                        ",
        "                        ",
        "                        ",
        "                        ",
        "                        ",
        "                        ",
        "                        "
      ],
      "terrain": {
        "#": "t_secro_rock_floor_flesh",
        "+": "t_secro_door_flesh",
        "-": "t_secro_wall_flesh",
        ".": "t_secro_rock_floor_flesh",
        "<": "t_secro_stairs_up_flesh",
        "]": "t_secro_rock_floor_flesh",
        "h": "t_secro_rock_floor_flesh",
        "s": "t_secro_rock_floor_flesh",
        "{": "t_secro_rock_floor_flesh",
        "|": "t_secro_wall_flesh"
      },
      "furniture": {
        "#": "f_counter",
        "]": "f_bookcase",
        "h": "f_chair",
        "s": "f_gunsafe_ml",
        "{": "f_rack",
        "M": "f_secro_fleshknot_emitter"
      },
      "place_loot": [
        { "group": "guns_smg_rare", "x": 6, "y": 2, "chance": 20, "magazine": 100 },
        { "group": "guns_rifle_rare", "x": 7, "y": 2, "chance": 30, "magazine": 100 },
        { "group": "mags_pistol_rare", "x": 8, "y": 2, "chance": 75 },
        { "group": "guns_pistol_common", "x": 9, "y": 2, "chance": 90, "magazine": 100 },
        { "group": "mags_pistol_common", "x": 10, "y": 2, "chance": 100, "repeat": [ 1, 3 ] },
        { "group": "guns_rifle_common", "x": 11, "y": 2, "chance": 80, "magazine": 100 },
        { "group": "guns_shotgun_common", "x": 12, "y": 2, "chance": 80, "magazine": 100 },
        { "group": "mags_rifle_common", "x": 13, "y": 2, "chance": 100, "repeat": [ 1, 3 ] },
        { "group": "guns_smg_common", "x": 14, "y": 2, "chance": 70, "magazine": 100 },
        { "group": "guns_pistol_rare", "x": 15, "y": 2, "chance": 40, "magazine": 100 },
        { "group": "mags_smg_common", "x": 16, "y": 2, "chance": 70, "repeat": [ 1, 2 ] },
        { "group": "guns_shotgun_rare", "x": 17, "y": 2, "chance": 30, "magazine": 100 },
        { "group": "ammo_shotgun_reloaded", "x": 6, "y": 5, "chance": 90, "repeat": [ 1, 2 ] },
        { "group": "ammo_rifle_reloaded", "x": 7, "y": 5, "chance": 90, "repeat": [ 1, 2 ] },
        { "group": "ammo_shotgun_common", "x": 8, "y": 5, "chance": 40, "repeat": [ 1, 2 ] },
        { "group": "ammo_pistol_reloaded", "x": 9, "y": 5, "chance": 90, "repeat": [ 1, 2 ] },
        { "group": "ammo_rifle_reloaded", "x": 10, "y": 5, "chance": 40, "repeat": [ 1, 2 ] },
        { "group": "ammo_rifle_common", "x": 11, "y": 5, "chance": 90, "repeat": [ 1, 2 ] },
        { "group": "ammo_smg_common", "x": 12, "y": 5, "chance": 40, "repeat": [ 1, 2 ] },
        { "group": "ammo_pistol_common", "x": 13, "y": 5, "chance": 90, "repeat": [ 1, 2 ] },
        { "group": "ammo_rifle_common", "x": 14, "y": 5, "chance": 40, "repeat": [ 1, 2 ] },
        { "group": "ammo_pistol_common", "x": 15, "y": 5, "chance": 40, "repeat": [ 1, 2 ] },
        { "group": "ammo_pistol_reloaded", "x": 16, "y": 5, "chance": 40, "repeat": [ 1, 2 ] },
        { "group": "ammo_shotgun_common", "x": 17, "y": 5, "chance": 90, "repeat": [ 1, 2 ] },
        { "group": "book_gunref", "x": 14, "y": [ 10, 11 ], "chance": 60 },
        { "group": "gunmod_common", "x": 4, "y": 11, "chance": 100 },
        { "group": "guns_obscure", "x": 6, "y": 11, "chance": 100, "ammo": 100, "magazine": 100 },
        { "group": "museum_guns", "x": 6, "y": 11, "chance": 70, "ammo": 70, "magazine": 90 },
        { "group": "tools_common", "x": 20, "y": 12, "chance": 100 },
        { "group": "gunmod_rare", "x": 18, "y": 13, "chance": 30 },
        { "group": "gunmod_rare", "x": 19, "y": 13, "chance": 100 }
      ],
      "monster": { "A": { "monster": "mon_zombie_fleshknot_weak" } },
      "place_monsters": [
        { "monster": "GROUP_PREPPER_HOUSE", "x": [ 3, 20 ], "y": [ 1, 8 ], "chance": 2 },
        { "monster": "GROUP_PREPPER_HOUSE", "x": [ 14, 20 ], "y": [ 10, 13 ], "chance": 4 }
      ]
    }
  }
]
