[
  {
    "//": "Vector-infested forest.",
    "method": "json",
    "object": {
      "predecessor_mapgen": "forest",
      "rows": [
        "                        ",
        "                        ",
        "....                    ",
        "......                  ",
        "........                ",
        "..........              ",
        "............            ",
        "..............          ",
        "...............         ",
        "................        ",
        ".................       ",
        ".................       ",
        "..................      ",
        "..................      ",
        "...................     ",
        "...................     ",
        "....................    ",
        "....................    ",
        ".....................   ",
        ".....................   ",
        "......................  ",
        "......................  ",
        "......................  ",
        "......................  "
      ],
      "terrain": { ".": [ [ "t_vector", 400 ], [ "t_shrub_vector", 10 ], [ "t_tree_vector_young", 3 ], "t_tree_vector" ] },
      "furniture": { ".": [ [ "f_null", 500 ], "f_floral_vector" ] }
    },
    "om_terrain": [ "vector_forest_curve" ],
    "type": "mapgen"
  },
  {
    "method": "json",
    "object": {
      "predecessor_mapgen": "forest",
      "rows": [
        "          ....          ",
        "      ............      ",
        "   ..................   ",
        "........................",
        "........................",
        "........................",
        "........................",
        "........................",
        "........................",
        "........................",
        "........................",
        "........................",
        "........................",
        "........................",
        "........................",
        "........................",
        "........................",
        "........................",
        "........................",
        "........................",
        "........................",
        "........................",
        "........................",
        "........................"
      ],
      "terrain": { ".": [ [ "t_vector", 100 ], [ "t_shrub_vector", 5 ], [ "t_tree_vector_young", 3 ], "t_tree_vector" ] },
      "furniture": { ".": [ [ "f_null", 500 ], "f_floral_vector" ] }
    },
    "om_terrain": [ "vector_forest_edge" ],
    "type": "mapgen"
  },
  {
    "method": "json",
    "object": {
      "rows": [
        "........................",
        "........................",
        "........................",
        "........................",
        "........................",
        "........................",
        "........................",
        "........................",
        "........................",
        "........................",
        "........................",
        "........................",
        "........................",
        "........................",
        "........................",
        "........................",
        "........................",
        "........................",
        "........................",
        "........................",
        "........................",
        "........................",
        "........................",
        "........................"
      ],
      "terrain": { ".": [ [ "t_vector", 75 ], [ "t_shrub_vector", 5 ], [ "t_tree_vector_young", 3 ], "t_tree_vector" ] },
      "place_monster": [ { "monster": "mon_vector_tree", "x": 11, "y": 11 } ],
      "furniture": { ".": [ [ "f_null", 300 ], "f_floral_vector" ] }
    },
    "om_terrain": [ "vector_forest_center" ],
    "type": "mapgen",
    "weight": 1000
  },
  {
    "//": "Carrion wandering groups.",
    "method": "json",
    "object": {
      "predecessor_mapgen": "forest",
      "terrain": {  },
      "place_monster": [
        { "monster": "mon_carrion", "x": [ 6, 17 ], "y": [ 6, 17 ], "repeat": [ 2, 4 ] },
        { "monster": "mon_carrion_dismantler", "x": [ 6, 17 ], "y": [ 6, 17 ], "repeat": [ 1, 2 ] },
        { "monster": "mon_carrion_orifice", "x": [ 6, 17 ], "y": [ 6, 17 ], "repeat": [ 0, 2 ] },
        { "monster": "mon_carrion_alpha", "x": [ 6, 17 ], "y": [ 6, 17 ] }
      ],
      "furniture": {  }
    },
    "om_terrain": [ "carrion_forest" ],
    "type": "mapgen"
  }
]
