[
  {
    "method": "json",
    "object": {
      "fill_ter": "t_strconc_wall",
      "place_items": [
        { "chance": 100, "group": "tools_medical", "repeat": [ 7 ], "x": 27, "y": [ 13, 15 ] },
        { "chance": 50, "item": "guns_rifle_rare", "repeat": [ 3 ], "x": 6, "y": [ 13, 15 ] }
      ],
      "rows": [
        "                        ",
        "                        ",
        "                        ",
        "                        ",
        "         aaaaaa         ",
        "       oaaaaaaaao       ",
        "      aaaabaabaaaa      ",
        "     aaaaddccddaaaa     ",
        "    aab ddrrrrdd baa    ",
        "   aaa  rrrrrrrr  aaa   ",
        "   aaadrrrrrrrrrrdaaa   ",
        "  aaaddrrrrrrrrrrddaaa  ",
        "  aaa frrrrrrrrrrf aaa  ",
        "  qba fprrrghjrrpf abq  ",
        "  aaa frrrriirrrrf aaa  ",
        "  aaaddrrrrrrrrrrddaaa  ",
        "   aaadrrrrrrrrrrdaaa   ",
        "   aaa  rrrrrrrr  aaa   ",
        "    aab ddrklrdd baa    ",
        "     aaaadd  ddaaaa     ",
        "      oaaaaaaaaaao      ",
        "        aaaaaaaa        ",
        "        nmmmmmm         ",
        "         mmmmmmn        "
      ],
      "furniture": { "h": "f_desk", "j": "f_chair", "f": "f_locker" },
      "terrain": {
        "a": "t_strconc_floor",
        "b": [ "t_thconc_floor_olight", "t_strconc_floor" ],
        "c": "t_door_metal_c",
        "d": "t_reinforced_glass",
        "e": "t_door_metal_locked",
        "f": "t_strconc_floor",
        "g": "t_console",
        "h": "t_strconc_floor",
        "i": "t_machinery_electronic",
        "j": "t_strconc_floor",
        "k": [ "t_utility_light", "t_strconc_floor" ],
        "l": "t_ladder_up",
        "m": "t_door_metal_locked",
        "n": "t_card_science",
        "o": "t_strconc_floor",
        "p": "t_strconc_floor",
        "q": "t_strconc_floor",
        "r": "t_strconc_floor"
      },
      "place_npcs": [
        { "class": "secronom_scientist", "x": 13, "y": 10 },
        { "class": "secronom_researcher", "x": 16, "y": 14 },
        { "class": "secronom_guard", "x": 10, "y": 17 }
      ],
      "monster": {
                "a": {
                    "group": "GROUP_SECROLAB_ALL", "chance": 60
                }
            },
      "nested": {
        "a": {
          "chunks": [ [ "null", 400 ], [ "SecronomSSBunker_nest_bloodmess", 2 ], [ "SecronomSSBunker_nest_deadscientist", 1 ] ]
        },
        "o": { "chunks": [ [ "SecronomSSBunker_nest_electurret", 1 ], [ "SecronomSSBunker_nest_electurretbroke", 1 ] ] },
        "p": { "chunks": [ [ "SecronomSSBunker_nest_gravturret", 1 ], [ "SecronomSSBunker_nest_gravturretbroke", 1 ] ] },
        "q": { "chunks": [ [ "SecronomSSBunker_nest_laserturret", 1 ], [ "SecronomSSBunker_nest_laserturretbroke", 1 ] ] }
      }
    },
    "om_terrain": [ "SecronomSSBunker" ],
    "type": "mapgen"
  },
  {
    "method": "json",
    "object": {
      "fill_ter": "t_strconc_wall",
      "rows": [
        "         aaaaaa         ",
        "         aaaaaa         ",
        "         aaaaaa         ",
        "         aaaaaa         ",
        "         aaaaaa         ",
        "         abaaba         ",
        "         aaaaaa         ",
        "         aaaaaa         ",
        "         aaaaaa         ",
        "         aaaaaa         ",
        "         aaaaaa         ",
        "         abaaba         ",
        "         aaaaaa         ",
        "         aaaaaa         ",
        "         aaaaaa         ",
        "         aaaaaa         ",
        "         aaaaaa         ",
        "         abaaba         ",
        "         aaaaaa         ",
        "         aaaaaa         ",
        "         aaaaaa         ",
        "         aaaaaa         ",
        "         aaaaaa         ",
        "         abaaba         "
      ],
      "furniture": {  },
      "terrain": { "a": "t_strconc_floor", "b": [ "t_thconc_floor_olight", "t_strconc_floor" ] },
      "place_monsters": [ { "density": 0.3, "monster": "GROUP_SECROLAB_ALL", "x": [ 10, 15 ], "y": [ 0, 23 ] } ],
      "nested": {
        "a": {
          "chunks": [ [ "null", 200 ], [ "SecronomSSBunker_nest_bloodmess", 4 ], [ "SecronomSSBunker_nest_deadscientist", 2 ] ]
        }
      }
    },
    "om_terrain": [ "SecronomSSBunker_connect_straight" ],
    "type": "mapgen"
  },
  {
    "method": "json",
    "object": {
      "fill_ter": "t_strconc_wall",
      "rows": [
        "                        ",
        "                        ",
        "                        ",
        "                        ",
        "                        ",
        "                        ",
        "                        ",
        "                        ",
        "                        ",
        "                        ",
        "                        ",
        "                        ",
        "         cccccc         ",
        "         aaaaaa         ",
        "         aaaaaa         ",
        "         aaaaaa         ",
        "         aaaaaa         ",
        "         aaaaaa         ",
        "         abaaba         ",
        "         aaaaaa         ",
        "         aaaaaa         ",
        "         aaaaaa         ",
        "         aaaaaa         ",
        "         aaaaaa         ",
        "         abaaba         "
      ],
      "furniture": {  },
      "terrain": { "a": "t_strconc_floor", "b": [ "t_thconc_floor_olight", "t_strconc_floor" ], "c": "t_secro_ramp_down" },
      "place_monsters": [ { "density": 0.3, "monster": "GROUP_SECROLAB_ALL", "x": [ 10, 15 ], "y": [ 13, 23 ] } ],
      "nested": {
        "a": {
          "chunks": [ [ "null", 200 ], [ "SecronomSSBunker_nest_bloodmess", 4 ], [ "SecronomSSBunker_nest_deadscientist", 2 ] ]
        }
      }
    },
    "om_terrain": [ "SecronomSSBunker_connect_straight_rd" ],
    "type": "mapgen"
  },
  {
    "method": "json",
    "object": {
      "fill_ter": "t_strconc_wall",
      "rows": [
        "         aaaaaa         ",
        "         aaaaaa         ",
        "         aaaaaa         ",
        "         aaaaaa         ",
        "         aaaaaa         ",
        "         abaaba         ",
        "         aaaaaa         ",
        "         aaaaaa         ",
        "         aaaaaa         ",
        "         aaaaaa         ",
        "         aaaaaa         ",
        "         abaaba         ",
        "         cccccc         ",
        "                        ",
        "                        ",
        "                        ",
        "                        ",
        "                        ",
        "                        ",
        "                        ",
        "                        ",
        "                        ",
        "                        ",
        "                        "
      ],
      "furniture": {  },
      "terrain": { "a": "t_strconc_floor", "b": [ "t_thconc_floor_olight", "t_strconc_floor" ], "c": "t_secro_ramp_up" },
      "place_monsters": [ { "density": 0.3, "monster": "GROUP_SECROLAB_ALL", "x": [ 10, 15 ], "y": [ 0, 12 ] } ],
      "nested": {
        "a": {
          "chunks": [ [ "null", 200 ], [ "SecronomSSBunker_nest_bloodmess", 4 ], [ "SecronomSSBunker_nest_deadscientist", 2 ] ]
        }
      }
    },
    "om_terrain": [ "SecronomSSBunker_connect_straight_ru" ],
    "type": "mapgen"
  },
  {
    "method": "json",
    "object": {
      "fill_ter": "t_strconc_wall",
      "rows": [
        "         aaaaaa         ",
        "         aaaaaa         ",
        "         aaaaaa         ",
        "         aaaaaa         ",
        "         abaabaa        ",
        "         aaaaaaa        ",
        "         aaaaaaa        ",
        "         aaaaaaaa       ",
        "         aaaaaabaaaa    ",
        "          aaaaaaaaaaaaaa",
        "          aaaaaaaaabaaaa",
        "          aabaaaaaaaaaaa",
        "           aaaaaaaaaaaaa",
        "            aaaaaaabaaaa",
        "               aaaaaaaaa",
        "                        ",
        "                        ",
        "                        ",
        "                        ",
        "                        ",
        "                        ",
        "                        ",
        "                        ",
        "                        "
      ],
      "furniture": {  },
      "terrain": { "a": "t_strconc_floor", "b": [ "t_thconc_floor_olight", "t_strconc_floor" ] },
      "place_monsters": [ { "density": 0.3, "monster": "GROUP_SECROLAB_ALL", "x": [ 10, 23 ], "y": [ 0, 15 ] } ],
      "nested": {
        "a": {
          "chunks": [ [ "null", 200 ], [ "SecronomSSBunker_nest_bloodmess", 4 ], [ "SecronomSSBunker_nest_deadscientist", 2 ] ]
        }
      }
    },
    "om_terrain": [ "SecronomSSBunker_connect_curve" ],
    "type": "mapgen"
  },
  {
    "method": "json",
    "object": {
      "fill_ter": "t_strconc_wall",
      "rows": [
        "                        ",
        "                        ",
        "                        ",
        "                        ",
        "                        ",
        "                        ",
        "                        ",
        "                        ",
        "                        ",
        "                        ",
        "                        ",
        "           x            ",
        "                        ",
        "                        ",
        "                        ",
        "                        ",
        "                        ",
        "                        ",
        "                        ",
        "                        ",
        "                        ",
        "                        ",
        "                        ",
        "                        "
      ],
      "furniture": {  },
      "terrain": { "x": "t_ladder" }
    },
    "om_terrain": [ "SecronomSSBunker_ladder" ],
    "type": "mapgen"
  },
  {
    "method": "json",
    "object": {
      "fill_ter": "t_dirt",
      "rows": [
        "........................",
        "........................",
        "........................",
        "........................",
        "........................",
        "........................",
        "........................",
        "........................",
        "........................",
        "........................",
        "........................",
        "...........x............",
        "........................",
        "........................",
        "........................",
        "........................",
        "........................",
        "........................",
        "........................",
        "........................",
        "........................",
        "........................",
        "........................",
        "........................"
      ],
      "terrain": {
        ".": [ [ "t_dirt", 1000 ], [ "t_grass", 500 ], [ "t_grass_long", 10 ], [ "t_grass_tall", 3 ], [ "t_shrub", 3 ] ],
        "x": "t_secro_metal_hatch_c"
      },
      "furniture": {  }
    },
    "om_terrain": [ "SecronomSSBunker_escape" ],
    "type": "mapgen",
    "weight": 1000
  },
  {
    "type": "mapgen",
    "method": "json",
    "nested_mapgen_id": "SecronomSSBunker_nest_deadscientist",
    "object": {
      "mapgensize": [ 5, 5 ],
      "rotation": [ 0, 3 ],
      "terrain": {  },
      "furniture": {  },
      "place_items": [
        { "chance": 100, "item": "lab_pants", "x": 2, "y": 2 },
        { "chance": 100, "item": "lab_torso", "x": 2, "y": 2 },
        { "chance": 100, "item": "lab_shoes", "x": 2, "y": 2 },
        { "chance": 100, "item": "remains_human_generic", "x": 2, "y": 2 }
      ],
      "place_monsters": [ { "monster": "GROUP_SECROLAB_ALL", "x": 0, "y": 0, "density": 0.3 } ],
      "place_fields": [
        { "field": "fd_blood", "x": [ 0, 4 ], "y": [ 0, 4 ], "repeat": [ 4, 8 ] },
        { "field": "fd_gibs_flesh", "x": [ 1, 3 ], "y": [ 1, 3 ], "repeat": [ 1, 3 ] },
        { "field": "fd_blood", "x": [ 1, 3 ], "y": [ 1, 3 ], "repeat": [ 2, 4 ] }
      ]
    }
  },
  {
    "type": "mapgen",
    "method": "json",
    "nested_mapgen_id": "SecronomSSBunker_nest_bloodmess",
    "object": {
      "mapgensize": [ 5, 5 ],
      "rotation": [ 0, 3 ],
      "terrain": {  },
      "furniture": {  },
      "place_fields": [
        { "field": "fd_blood", "x": [ 0, 4 ], "y": [ 0, 4 ], "repeat": [ 1, 4 ] },
        { "field": "fd_gibs_flesh", "x": [ 1, 3 ], "y": [ 1, 3 ] },
        { "field": "fd_blood", "x": [ 1, 3 ], "y": [ 1, 3 ], "repeat": [ 1, 2 ] }
      ]
    }
  },
  {
    "type": "mapgen",
    "method": "json",
    "nested_mapgen_id": "SecronomSSBunker_nest_laserturret",
    "object": {
      "mapgensize": [ 1, 1 ],
      "terrain": {  },
      "furniture": {  },
      "place_monster": [ { "monster": "mon_secro_laserturret", "x": 0, "y": 0, "friendly": true } ]
    }
  },
  {
    "type": "mapgen",
    "method": "json",
    "nested_mapgen_id": "SecronomSSBunker_nest_laserturretbroke",
    "object": {
      "mapgensize": [ 1, 1 ],
      "terrain": {  },
      "furniture": {  },
      "place_item": [ { "item": "broken_secro_laserturret", "x": 0, "y": 0 } ]
    }
  },
  {
    "type": "mapgen",
    "method": "json",
    "nested_mapgen_id": "SecronomSSBunker_nest_electurret",
    "object": {
      "mapgensize": [ 1, 1 ],
      "terrain": {  },
      "furniture": {  },
      "place_monster": [ { "monster": "mon_secro_electurret", "x": 0, "y": 0, "friendly": true } ]
    }
  },
  {
    "type": "mapgen",
    "method": "json",
    "nested_mapgen_id": "SecronomSSBunker_nest_electurretbroke",
    "object": {
      "mapgensize": [ 1, 1 ],
      "terrain": {  },
      "furniture": {  },
      "place_item": [ { "item": "broken_secro_electurret", "x": 0, "y": 0 } ]
    }
  },
  {
    "type": "mapgen",
    "method": "json",
    "nested_mapgen_id": "SecronomSSBunker_nest_gravturret",
    "object": {
      "mapgensize": [ 1, 1 ],
      "terrain": {  },
      "furniture": {  },
      "place_monster": [ { "monster": "mon_secro_gravturret", "x": 0, "y": 0, "friendly": true } ]
    }
  },
  {
    "type": "mapgen",
    "method": "json",
    "nested_mapgen_id": "SecronomSSBunker_nest_gravturretbroke",
    "object": {
      "mapgensize": [ 1, 1 ],
      "terrain": {  },
      "furniture": {  },
      "place_item": [ { "item": "broken_secro_gravturret", "x": 0, "y": 0 } ]
    }
  }
]
