[
  {
    "type": "item_group",
    "subtype": "collection",
    "id": "SSmutant_drop",
    "note": "Dreadful mutation caused their patient dress to rip, leaving only a garbage",
    "entries": [ { "item": "rag_bloody" } ]
  },
  {
    "note": "Failed specimens. Unwanted creatures of secronom lab, now the ravaging wanderers inside.",
    "id": "mon_zedfail_seeker",
    "type": "MONSTER",
    "name": "seeker",
    "description": "Alluring large skin in shape of a starfish and mouth slits nibbles near every tip. Its abdomen is infused with gigantic lizard eye, eager to seek its prey.",
    "default_faction": "zombie",
    "species": [ "ZOMBIE", "HUMAN" ],
    "volume": "62500 ml",
    "weight": 81500,
    "hp": 95,
    "speed": 105,
    "diff": 1,
    "material": [ "flesh" ],
    "symbol": "✫",
    "color": "green",
    "aggression": 100,
    "morale": 100,
    "melee_skill": 4,
    "melee_dice": 1,
    "melee_dice_sides": 4,
    "melee_cut": 3,
    "dodge": 1,
    "armor_bash": 4,
    "armor_cut": 2,
    "armor_fire": 2,
    "vision_day": 50,
    "vision_night": 10,
    "harvest": "zombie",
    "special_attacks": [
      [ "LUNGE", 15 ],
      {
        "type": "bite",
        "cooldown": 6,
        "min_mul": 0.5,
        "max_mul": 1.0,
        "no_infection_chance": 20,
        "damage_max_instance": [
          { "damage_type": "cut", "amount": 4, "armor_multiplier": 0.6 },
          { "damage_type": "stab", "amount": 2, "armor_multiplier": 0.8 }
        ]
      }
    ],
    "death_drops": "SSmutant_drop",
    "death_function": [ "NORMAL" ],
    "flags": [ "SEES", "SMELLS", "STUMBLES", "WARM", "FILTHY", "BASHES", "POISON", "NO_BREATHE", "REVIVES" ]
  },
  {
    "id": "mon_zedfail_floral",
    "type": "MONSTER",
    "name": "flora",
    "description": "A human body with its head mutated and deformed into a flowery petal mouth. It shows hundreds of teeth and a centered eye whenever it opens.",
    "default_faction": "zombie",
    "species": [ "ZOMBIE", "HUMAN" ],
    "volume": "62500 ml",
    "weight": 81500,
    "hp": 90,
    "speed": 100,
    "diff": 1,
    "material": [ "flesh" ],
    "symbol": "⚵",
    "color": "green",
    "aggression": 100,
    "morale": 100,
    "melee_skill": 4,
    "melee_dice": 2,
    "melee_dice_sides": 5,
    "melee_cut": 2,
    "dodge": 1,
    "armor_bash": 5,
    "armor_cut": 2,
    "harvest": "zombie",
    "armor_fire": 1,
    "special_attacks": [
      [ "LUNGE", 20 ],
      {
        "type": "bite",
        "cooldown": 10,
        "min_mul": 1.0,
        "damage_max_instance": [
          { "damage_type": "bash", "amount": 15, "armor_multiplier": 0.8 },
          { "damage_type": "stab", "amount": 5, "armor_multiplier": 0.4 }
        ]
      }
    ],
    "death_drops": "SSmutant_drop",
    "death_function": [ "NORMAL" ],
    "flags": [ "SEES", "SMELLS", "STUMBLES", "WARM", "BASHES", "POISON", "FILTHY", "NO_BREATHE", "REVIVES" ]
  },
  {
    "id": "mon_zedfail_twistcrawl",
    "type": "MONSTER",
    "name": "distorted crawler",
    "description": "A twisted body with various attachments of human anatomy, resulting into a nightmarish agile crawler. Its head ruptured into a horrid mouth and a fiendish eye inside, constantly opens and close to survey its vicinity.",
    "default_faction": "zombie",
    "species": [ "ZOMBIE", "HUMAN" ],
    "volume": "30000 ml",
    "weight": 40750,
    "hp": 50,
    "speed": 120,
    "diff": 2,
    "material": [ "flesh" ],
    "symbol": "⚺",
    "color": "green",
    "aggression": 100,
    "morale": 100,
    "melee_skill": 4,
    "melee_dice": 1,
    "melee_dice_sides": 4,
    "melee_cut": 2,
    "dodge": 1,
    "armor_bash": 1,
    "armor_cut": 4,
    "armor_fire": 1,
    "harvest": "zombie",
    "special_attacks": [
      [ "LUNGE", 12 ],
      {
        "type": "bite",
        "cooldown": 13,
        "min_mul": 0.5,
        "damage_max_instance": [
          { "damage_type": "cut", "amount": 10, "armor_multiplier": 0.7, "armor_penetration": 14 },
          { "damage_type": "stab", "amount": 4, "armor_multiplier": 0.5 }
        ]
      }
    ],
    "death_drops": "SSmutant_drop",
    "death_function": [ "NORMAL" ],
    "flags": [ "SEES", "SMELLS", "HEARS", "STUMBLES", "WARM", "BASHES", "POISON", "FILTHY", "NO_BREATHE", "REVIVES", "HARDTOSHOOT" ]
  },
  {
    "id": "mon_zedfail_chomp",
    "type": "MONSTER",
    "name": "chomper",
    "description": "Headless humanoid monster, with its rib ruptured into a torsal eyed mouth. The arms are gone, yet it is a threat not to be misjudged.",
    "default_faction": "zombie",
    "species": [ "ZOMBIE", "HUMAN" ],
    "volume": "62500 ml",
    "weight": 81500,
    "hp": 75,
    "speed": 90,
    "diff": 5,
    "harvest": "zombie",
    "material": [ "flesh" ],
    "symbol": "⪝",
    "color": "green",
    "aggression": 100,
    "morale": 100,
    "melee_skill": 4,
    "melee_dice": 0,
    "melee_dice_sides": 4,
    "melee_cut": 2,
    "armor_bash": 2,
    "armor_cut": 4,
    "special_attacks": [
      {
        "type": "bite",
        "cooldown": 10,
        "min_mul": 0.5,
        "damage_max_instance": [
          { "damage_type": "cut", "amount": 3, "armor_multiplier": 0.6 },
          { "damage_type": "stab", "amount": 14, "armor_multiplier": 0.5 }
        ]
      }
    ],
    "death_drops": "SSmutant_drop",
    "death_function": [ "NORMAL" ],
    "flags": [ "SEES", "SMELLS", "STUMBLES", "WARM", "BASHES", "POISON", "NO_BREATHE", "FILTHY", "REVIVES", "NOHEAD" ]
  },
  {
    "id": "mon_zedfail_squirtler",
    "type": "MONSTER",
    "name": "squirtler",
    "description": "Attached to the terrain, this irregular patch of large, pale skin features a swollen, bulbous mouth, oozing in greenish liquid.",
    "default_faction": "zombie",
    "species": [ "ZOMBIE" ],
    "volume": "62500 ml",
    "weight": 81500,
    "hp": 75,
    "speed": 50,
    "diff": 20,
    "harvest": "exempt",
    "material": [ "flesh" ],
    "symbol": "⩅",
    "color": "green",
    "aggression": 100,
    "morale": 100,
    "melee_skill": 0,
    "melee_dice": 0,
    "melee_dice_sides": 0,
    "melee_cut": 0,
    "armor_bash": 4,
    "armor_cut": 4,
    "vision_day": 20,
    "special_attacks": [
      {
        "type": "gun",
        "cooldown": 4,
        "move_cost": 50,
        "gun_type": "squirtler_bulb",
        "require_targeting_player": false,
        "description": "The squirtler spew a stream of acid!",
        "ranges": [ [ 1, 2, "N" ], [ 3, 5, "M" ], [ 6, 10, "L" ] ]
      }
    ],
    "note": "The acid is very strong (cuz of headshot).",
    "death_function": [ "ACID", "NORMAL" ],
    "flags": [ "SEES", "IMMOBILE", "WARM", "POISON", "NO_BREATHE", "FILTHY", "REVIVES", "NOHEAD", "ACIDPROOF", "ACID_BLOOD" ]
  }
]
