[
  {
    "note": "All crimson horrors are immune to stun and are resistant to impact damage, so beating them with blunt weapons aren't effective.",
    "id": "mon_sflesh_surface_spawner",
    "type": "MONSTER",
    "name": "eye sprout",
    "description": "An eyeball reemerging back and forth from the ground, occasionally peeking at the vicinity. You might want to poke it.",
    "default_faction": "secro_flesh",
    "bodytype": "blob",
    "species": [ "SFLESH", "ABERRATION" ],
    "volume": "4000 ml",
    "weight": 1000,
    "hp": 10,
    "emit_fields": [ "emit_flesh_biome_immunity" ],
    "speed": 80,
    "material": [ "flesh", "bone" ],
    "symbol": "⭗",
    "color": "red",
    "aggression": 100,
    "morale": 100,
    "melee_skill": 0,
    "melee_dice": 0,
    "melee_dice_sides": 0,
    "melee_cut": 0,
    "special_attacks": [
      {
        "type": "spell",
        "spell_data": { "id": "mon_sflesh_surface_spawner_target" },
        "note": "Since the player is walking on the flesh, this spell's cooldown should be VERY high.",
        "cooldown": 225,
        "monster_message": "<color_light_red>%1$s writhes, sending crimson horrors to confront %3$s!</color>"
      }
    ],
    "harvest": "exempt",
    "death_function": [ "MELT" ],
    "flags": [ "SEES", "WARM", "POISON", "NO_BREATHE", "STUN_IMMUNE", "IMMOBILE" ]
  },
  {
    "id": "mon_sflesh_tendril",
    "type": "MONSTER",
    "name": "flesh tendril",
    "description": "A thick strand of vein sprouting from the ground. It is tipped with a barbed lasher.",
    "default_faction": "secro_flesh",
    "bodytype": "snake",
    "species": [ "SFLESH", "ABERRATION" ],
    "volume": "30000 ml",
    "weight": 40750,
    "hp": 45,
    "speed": 80,
    "material": [ "flesh", "bone" ],
    "symbol": "⟆",
    "emit_fields": [ "emit_flesh_biome_immunity" ],
    "color": "light_red",
    "aggression": 100,
    "morale": 100,
    "melee_skill": 4,
    "melee_dice": 2,
    "melee_dice_sides": 2,
    "melee_cut": 4,
    "armor_bash": 8,
    "armor_stab": 2,
    "special_attacks": [
      {
        "type": "spell",
        "spell_data": { "id": "mon_sflesh_tendril_lace" },
        "cooldown": 15,
        "monster_message": "<color_light_red>%1$s slashes %3$s!</color>"
      }
    ],
    "harvest": "exempt",
    "death_function": [ "MELT" ],
    "flags": [ "SEES", "WARM", "POISON", "NO_BREATHE", "NOHEAD", "STUN_IMMUNE", "IMMOBILE" ]
  },
  {
    "id": "mon_sflesh_jaw",
    "type": "MONSTER",
    "name": "jawed flesh",
    "description": "An oddly formed orifice that has emerged as an outgrowth of the flesh, with rows of bones surrounding the gap. Its small, yet powerful jaws can render a target immobilized.",
    "default_faction": "secro_flesh",
    "bodytype": "blob",
    "species": [ "SFLESH", "ABERRATION" ],
    "volume": "30000 ml",
    "weight": 40750,
    "hp": 45,
    "emit_fields": [ "emit_flesh_biome_immunity" ],
    "speed": 80,
    "material": [ "flesh", "bone" ],
    "symbol": "☀",
    "color": "light_red",
    "aggression": 100,
    "morale": 100,
    "melee_skill": 4,
    "melee_dice": 2,
    "melee_dice_sides": 4,
    "melee_cut": 2,
    "armor_bash": 6,
    "armor_stab": 4,
    "special_attacks": [
      {
        "cooldown": 10,
        "damage_max_instance": [
          { "amount": 9, "armor_multiplier": 0.2, "damage_type": "bash" },
          { "amount": 3, "armor_multiplier": 0.6, "damage_type": "stab" }
        ],
        "effects": [ { "bp": "TORSO", "duration": 1000, "id": "grabbed" } ],
        "type": "bite"
      }
    ],
    "harvest": "exempt",
    "death_function": [ "MELT" ],
    "flags": [ "SEES", "WARM", "POISON", "NO_BREATHE", "STUN_IMMUNE", "NOHEAD", "IMMOBILE" ]
  },
  {
    "id": "mon_sflesh_entrance",
    "type": "MONSTER",
    "name": "veinhole",
    "description": "A large mouth protruding from the flesh, accompanied by numerous viscious tendrils sticking out from its sides.",
    "default_faction": "secro_flesh",
    "bodytype": "blob",
    "species": [ "SFLESH", "ABERRATION" ],
    "volume": "420 L",
    "weight": 800000,
    "hp": 450,
    "speed": 80,
    "material": [ "flesh", "bone" ],
    "symbol": "☀",
    "color": "red_magenta",
    "aggression": 100,
    "morale": 100,
    "melee_skill": 8,
    "melee_dice": 4,
    "melee_dice_sides": 8,
    "melee_cut": 4,
    "armor_bash": 18,
    "armor_cut": 8,
    "armor_stab": 12,
    "emit_fields": [ "emit_flesh_biome_immunity" ],
    "special_attacks": [
      {
        "cooldown": 10,
        "damage_max_instance": [
          { "amount": 18, "armor_multiplier": 0.2, "damage_type": "bash" },
          { "amount": 6, "armor_multiplier": 0.6, "damage_type": "stab" }
        ],
        "effects": [ { "bp": "TORSO", "duration": 1000, "id": "grabbed" } ],
        "type": "bite"
      }
    ],
    "harvest": "exempt",
    "death_drops": "mon_sflesh_entrance_death_drop",
    "death_function": [ "MELT" ],
    "flags": [ "SEES", "WARM", "POISON", "NO_BREATHE", "NOHEAD", "STUN_IMMUNE", "IMMOBILE" ]
  },
  {
    "note": "Destroying the sack is better than letting it hatch (killing itself). Destroying makes it spawn 2 parasytes, but if it hatches, it can spawn up to 5 parasytes and will spawn more if you don't bash the hatched flesh sack.",
    "id": "mon_sflesh_sack",
    "type": "MONSTER",
    "name": "flesh sack",
    "description": "A large, bulbous pus sticking firmly to nearby terrains. Distinct to its vented mouth, it throbs at a constant rate as if it's about to hatch...",
    "default_faction": "secro_flesh",
    "bodytype": "blob",
    "species": [ "SFLESH", "ABERRATION" ],
    "volume": "92500 ml",
    "weight": 120000,
    "hp": 25,
    "speed": 85,
    "material": [ "flesh" ],
    "symbol": "◈",
    "emit_fields": [ "emit_flesh_sack_blind", "emit_flesh_biome_immunity" ],
    "color": "light_red",
    "aggression": 100,
    "morale": 100,
    "melee_skill": 6,
    "melee_dice": 2,
    "melee_dice_sides": 4,
    "melee_cut": 6,
    "armor_bash": 14,
    "armor_cut": 4,
    "armor_stab": 10,
    "vision_day": 22,
    "special_attacks": [
      {
        "type": "spell",
        "spell_data": { "id": "mon_sflesh_sack_target" },
        "cooldown": 0,
        "monster_message": "<color_light_red>%1$s bursts, giving birth to parasytes!</color>"
      }
    ],
    "death_drops": "mon_sflesh_sack_death_drop",
    "harvest": "exempt",
    "death_function": [ "MELT" ],
    "flags": [ "SEES", "WARM", "POISON", "NO_BREATHE", "STUN_IMMUNE", "NOHEAD", "IMMOBILE", "PACIFIST" ]
  },
  {
    "note": "Face hugger from the alien movie!",
    "id": "mon_sflesh_parasyte",
    "type": "MONSTER",
    "name": "parasyte",
    "description": "Frail yet nimble, this scorpion/spider hybrid shows predatory nature by leaping into its prey, despite the fact it just recently pop out from the sack.",
    "default_faction": "secro_flesh",
    "bodytype": "spider",
    "species": [ "SFLESH", "ABERRATION" ],
    "volume": "2000 ml",
    "weight": 200,
    "hp": 15,
    "speed": 70,
    "material": [ "flesh" ],
    "symbol": "⚵",
    "color": "light_red",
    "aggression": 100,
    "morale": 100,
    "emit_fields": [ "emit_flesh_biome_immunity" ],
    "melee_skill": 2,
    "melee_dice": 1,
    "melee_dice_sides": 2,
    "melee_cut": 2,
    "dodge": 4,
    "harvest": "zombie_meatslug",
    "death_function": [ "NORMAL" ],
    "flags": [ "SEES", "SMELLS", "WARM", "POISON", "NO_BREATHE", "STUN_IMMUNE", "CLIMBS", "PATH_AVOID_DANGER_2" ]
  },
  {
    "note": "Vein that deals cutting damage.",
    "id": "mon_sflesh_vbeast",
    "type": "MONSTER",
    "name": "vein beast",
    "description": "A cluster of veins formed into a horrendous creeping abomination. Thick strands of membranous vine-like tendrils reaches out of its beating core.",
    "default_faction": "secro_flesh",
    "bodytype": "migo",
    "species": [ "SFLESH", "ABERRATION" ],
    "volume": "92500 ml",
    "weight": 120000,
    "hp": 140,
    "emit_fields": [ "emit_flesh_biome_immunity" ],
    "speed": 85,
    "material": [ "flesh" ],
    "symbol": "⨳",
    "color": "light_red",
    "aggression": 100,
    "morale": 100,
    "melee_skill": 6,
    "melee_dice": 0,
    "melee_dice_sides": 4,
    "melee_cut": 6,
    "armor_bash": 10,
    "armor_cut": 3,
    "armor_stab": 8,
    "special_attacks": [
      {
        "type": "spell",
        "spell_data": { "id": "mon_sflesh_vbeast_wlace" },
        "cooldown": 28,
        "monster_message": "<color_light_red>%1$s sweeps its tendrils onto %3$s!</color>"
      }
    ],
    "harvest": "exempt",
    "death_function": [ "MELT" ],
    "flags": [ "SMELLS", "WARM", "POISON", "NO_BREATHE", "STUN_IMMUNE", "CLIMBS" ]
  },
  {
    "note": "Vein that deals bashing damage.",
    "id": "mon_sflesh_vrumbler",
    "type": "MONSTER",
    "name": "rumbler",
    "description": "A thick group of veins unified into a crawling nightmare. Large, amalgous core is visible to its predominant limb, and tendrils seemingly gathers around it.",
    "default_faction": "secro_flesh",
    "bodytype": "migo",
    "species": [ "SFLESH", "ABERRATION" ],
    "volume": "92500 ml",
    "weight": 120000,
    "hp": 185,
    "emit_fields": [ "emit_flesh_biome_immunity" ],
    "speed": 85,
    "material": [ "flesh" ],
    "symbol": "⩮",
    "color": "light_red",
    "aggression": 100,
    "morale": 100,
    "melee_skill": 6,
    "melee_dice": 6,
    "melee_dice_sides": 4,
    "melee_cut": 0,
    "armor_bash": 10,
    "armor_cut": 3,
    "armor_stab": 8,
    "special_attacks": [ [ "flesh_vrumbler_thrash", 24 ] ],
    "harvest": "exempt",
    "death_function": [ "MELT" ],
    "flags": [ "SMELLS", "WARM", "POISON", "NO_BREATHE", "STUN_IMMUNE", "CLIMBS" ]
  },
  {
    "note": "Like flesh sacks, but destroying or letting it hatch results the same.",
    "id": "mon_sflesh_taken",
    "type": "MONSTER",
    "name": " taken",
    "description": "A membranous pod of flesh, filled with putrid yellow-ish fluid. Hanging from the ceiling, a creature seems to be trapped inside, but unknown to what it is.",
    "default_faction": "secro_flesh",
    "bodytype": "blob",
    "species": [ "SFLESH", "ABERRATION" ],
    "volume": "92500 ml",
    "weight": 120000,
    "hp": 35,
    "speed": 85,
    "material": [ "flesh" ],
    "symbol": "⚱",
    "emit_fields": [ "emit_flesh_taken_blind", "emit_flesh_biome_immunity" ],
    "color": "light_red",
    "aggression": 100,
    "morale": 100,
    "melee_skill": 6,
    "melee_dice": 2,
    "melee_dice_sides": 4,
    "melee_cut": 6,
    "armor_bash": 20,
    "armor_cut": 8,
    "armor_stab": 17,
    "vision_day": 22,
    "vision_night": 22,
    "special_attacks": [
      {
        "type": "spell",
        "spell_data": { "id": "mon_sflesh_taken_target" },
        "cooldown": 10,
        "monster_message": "<color_light_red>The taken bursts, letting loose of its content!</color>"
      }
    ],
    "death_drops": "mon_sflesh_taken_death_drop",
    "harvest": "exempt",
    "death_function": [ "MELT" ],
    "flags": [ "SEES", "WARM", "POISON", "NO_BREATHE", "STUN_IMMUNE", "IMMOBILE", "NOHEAD", "PACIFIST" ]
  },
  {
    "note": "This is the boss. It regenerates super fast, converts nearby terrains into biohazards, calls out new takens and will try to devour the target by suppressing them with the walls! Killing it won't bring the flesh terrains back to normal, but it is the queen, so crimson horrors will cease to exist... hopefully.",
    "id": "mon_sflesh_flesh",
    "type": "MONSTER",
    "name": "flesh",
    "description": "A gargantuan lump of meat, pulsating in faint, velvety hue. Thick, numerous veins penetrate the walls, in every beat causes the surrounding flesh to undulate.",
    "default_faction": "secro_flesh",
    "bodytype": "blob",
    "species": [ "SFLESH", "ABERRATION" ],
    "volume": "100000 L",
    "weight": "533525 kg",
    "hp": 2200,
    "speed": 85,
    "material": [ "flesh", "bone" ],
    "symbol": "⨷",
    "color": "red_magenta",
    "aggression": 100,
    "morale": 100,
    "emit_fields": [ "emit_flesh_biome_immunity", "emit_down_immunity" ],
    "melee_skill": 10,
    "melee_dice": 10,
    "melee_dice_sides": 8,
    "melee_cut": 0,
    "armor_bash": 24,
    "armor_cut": 12,
    "armor_stab": 20,
    "vision_day": 30,
    "vision_night": 30,
    "special_attacks": [
      {
        "type": "spell",
        "spell_data": { "id": "mon_sflesh_flesh_target" },
        "cooldown": 12,
        "monster_message": "<color_light_red>%1$s trembles!</color>"
      }
    ],
    "regenerates": 20,
    "death_drops": "mon_sflesh_flesh_death_drop",
    "harvest": "meatslug",
    "death_function": [ "SPLATTER", "MELT" ],
    "flags": [ "SEES", "WARM", "POISON", "NO_BREATHE", "STUN_IMMUNE", "NOHEAD", "IMMOBILE", "PACIFIST", "QUEEN" ]
  },
  {
    "id": "mon_sflesh_taken_potent",
    "type": "MONSTER",
    "name": "taken",
    "description": "A membranous pod of flesh, filled with putrid yellow-ish fluid. Sprouting from the flesh, a creature seems to be trapped inside, but unknown to what it is.",
    "default_faction": "secro_flesh",
    "bodytype": "blob",
    "species": [ "SFLESH", "ABERRATION" ],
    "volume": "92500 ml",
    "weight": 120000,
    "hp": 35,
    "speed": 85,
    "material": [ "flesh" ],
    "symbol": "⚱",
    "emit_fields": [ "emit_flesh_taken_potent_blind", "emit_flesh_biome_immunity" ],
    "color": "light_red",
    "aggression": 100,
    "morale": 100,
    "melee_skill": 6,
    "melee_dice": 2,
    "melee_dice_sides": 4,
    "melee_cut": 6,
    "armor_bash": 20,
    "armor_cut": 8,
    "armor_stab": 17,
    "vision_day": 22,
    "vision_night": 22,
    "special_attacks": [
      {
        "type": "spell",
        "spell_data": { "id": "mon_sflesh_taken_target" },
        "cooldown": 5,
        "self": true,
        "monster_message": "<color_light_red>The taken bursts, letting loose of its content!</color>"
      }
    ],
    "death_drops": "mon_sflesh_taken_death_drop",
    "harvest": "exempt",
    "death_function": [ "MELT" ],
    "flags": [ "SEES", "WARM", "POISON", "NO_BREATHE", "STUN_IMMUNE", "NOHEAD", "IMMOBILE", "PACIFIST" ]
  },
  {
    "note": "These walls will make obstacles as long as they live. They remain for 10-20 turns!",
    "id": "mon_sflesh_flesh_wall",
    "type": "MONSTER",
    "name": "wall of flesh",
    "description": "Thick, lumps of meat taken control by the flesh. It slowly protrudes from the wall, creating fleshed barriers on its way.",
    "default_faction": "secro_flesh",
    "bodytype": "blob",
    "species": [ "SFLESH", "ABERRATION" ],
    "volume": "10000 L",
    "weight": "23750 kg",
    "hp": 200,
    "speed": 10,
    "material": [ "flesh" ],
    "symbol": "☒",
    "emit_fields": [ "emit_flesh_biome_immunity", "emit_flesh_wall_limitation", "emit_down_immunity" ],
    "color": "light_red",
    "aggression": 100,
    "morale": 100,
    "melee_skill": 6,
    "melee_dice": 2,
    "melee_dice_sides": 4,
    "melee_cut": 6,
    "armor_bash": 30,
    "armor_cut": 10,
    "armor_stab": 25,
    "vision_day": 30,
    "vision_night": 30,
    "special_attacks": [
      {
        "type": "spell",
        "spell_data": { "id": "mon_sflesh_wall_ing_target" },
        "cooldown": 5,
        "self": true,
        "monster_message": "<color_light_red>%1$s trembles!</color>"
      }
    ],
    "harvest": "exempt",
    "death_function": [ "MELT" ],
    "flags": [ "SEES", "WARM", "POISON", "NO_BREATHE", "NOHEAD", "STUN_IMMUNE", "PACIFIST" ]
  },
  {
    "note": "A boss that resides in cities. It has weaker health and regenerates lesser, but it can attack directly with tentacles, which deals moderate to massive damage.",
    "id": "mon_sflesh_flesh_city",
    "looks_like": "mon_sflesh_flesh",
    "type": "MONSTER",
    "name": "flesh",
    "description": "A gargantuan lump of meat, throbbing in faint, velvety hue. Thick tentacles pierces through the walls that extends further into the ground, in each rhythmic beats causes all connected veins to pulse.",
    "default_faction": "secro_flesh",
    "bodytype": "blob",
    "species": [ "SFLESH", "ABERRATION" ],
    "volume": "75000 L",
    "weight": "423525 kg",
    "hp": 1100,
    "speed": 85,
    "material": [ "flesh", "bone" ],
    "symbol": "⨷",
    "color": "red_magenta",
    "aggression": 100,
    "morale": 100,
    "emit_fields": [ "emit_flesh_biome_immunity", "emit_down_immunity" ],
    "melee_skill": 10,
    "melee_dice": 10,
    "melee_dice_sides": 8,
    "melee_cut": 0,
    "armor_bash": 24,
    "armor_cut": 12,
    "armor_stab": 20,
    "vision_day": 30,
    "vision_night": 30,
    "special_attacks": [
      {
        "type": "spell",
        "spell_data": { "id": "mon_sflesh_flesh_city_target" },
        "cooldown": 16,
        "monster_message": "<color_light_red>%1$s trembles, pounding everything with its tentacles!\n%1$s's tendrils pierces %3$s!</color>"
      }
    ],
    "regenerates": 10,
    "death_drops": "mon_sflesh_flesh_death_drop",
    "harvest": "meatslug",
    "death_function": [ "SPLATTER", "MELT" ],
    "flags": [ "SEES", "WARM", "POISON", "NO_BREATHE", "STUN_IMMUNE", "NOHEAD", "IMMOBILE", "PACIFIST", "QUEEN" ]
  },
  {
    "note": "This one creates a wall once then dies!",
    "id": "mon_sflesh_flesh_wall_city",
    "type": "MONSTER",
    "name": "wall of flesh",
    "description": "Thick, lumps of meat taken control by the flesh. It slowly protrudes from the wall, creating fleshed barriers on its way.",
    "default_faction": "secro_flesh",
    "bodytype": "blob",
    "species": [ "SFLESH", "ABERRATION" ],
    "volume": "10000 L",
    "weight": "23750 kg",
    "hp": 200,
    "speed": 10,
    "material": [ "flesh" ],
    "symbol": "☒",
    "emit_fields": [ "emit_flesh_biome_immunity", "emit_flesh_wall_limitation", "emit_down_immunity" ],
    "color": "light_red",
    "aggression": 100,
    "morale": 100,
    "melee_skill": 6,
    "melee_dice": 2,
    "melee_dice_sides": 4,
    "melee_cut": 6,
    "armor_bash": 30,
    "armor_cut": 10,
    "armor_stab": 25,
    "vision_day": 30,
    "vision_night": 30,
    "special_attacks": [
      {
        "type": "spell",
        "spell_data": { "id": "mon_sflesh_wall_city_ing_target" },
        "cooldown": 5,
        "self": true,
        "monster_message": "<color_light_red>%1$s trembles!</color>"
      }
    ],
    "harvest": "exempt",
    "death_function": [ "MELT" ],
    "flags": [ "SEES", "WARM", "POISON", "NO_BREATHE", "NOHEAD", "STUN_IMMUNE", "PACIFIST" ]
  },
  {
    "note": "Killing this monster will split flesh zombie(s), up to 9 of them! (3x3 tile from the location)",
    "id": "mon_sflesh_zombie_turret",
    "type": "MONSTER",
    "name": "flesh heap",
    "description": "An enormous outgrowth of flesh with numerous putrid corpses unified in its edges. Dribbling blood seeps from the mouth of the zombies.",
    "default_faction": "secro_flesh",
    "species": [ "SFLESH", "ABERRATION", "ZOMBIE" ],
    "diff": 2,
    "volume": "300 L",
    "weight": "3125 kg",
    "hp": 300,
    "speed": 105,
    "material": [ "flesh" ],
    "symbol": "⧻",
    "color": "red",
    "aggression": 100,
    "morale": 100,
    "melee_skill": 4,
    "melee_dice": 3,
    "melee_dice_sides": 8,
    "melee_cut": 2,
    "grab_strength": 2,
    "armor_bash": 14,
    "harvest": "zombie",
    "special_attacks": [
      [ "GRAB", 1 ],
      {
        "type": "spell",
        "spell_data": { "id": "mon_sflesh_zombie_turret_target" },
        "cooldown": 12,
        "monster_message": "<color_light_red>%1$s pulsates...</color>"
      }
    ],
    "death_drops": "mon_sflesh_zombie_turret_death_drop",
    "death_function": [ "MELT" ],
    "flags": [ "SEES", "HEARS", "SMELLS", "WARM", "POISON", "NO_BREATHE", "IMMOBILE", "PACIFIST", "FILTHY" ]
  },
  {
    "note": "Veinstalks pop up randomly in fleshed locations, and if possible, converts nearby tiles into flesh. They sprout back (dies after a minute) so don't worry about them devouring your world.",
    "id": "mon_sflesh_veinstalk",
    "type": "MONSTER",
    "name": "veinstalk",
    "description": "A large, fleshy tendril sprouting from the ground. Tipped with a predominant eye, it sways and occasionally twitches into a particular direction.",
    "default_faction": "secro_flesh2",
    "species": [ "SFLESH", "ABERRATION" ],
    "diff": 10,
    "volume": "500 L",
    "weight": "5250 kg",
    "hp": 305,
    "speed": 100,
    "emit_fields": [ "emit_flesh_biome_immunity", "emit_down_immunity", "emit_veinstalk_limiter", "emit_veinstalk_crawler" ],
    "material": [ "flesh" ],
    "symbol": "⨕",
    "color": "red",
    "aggression": 100,
    "morale": 100,
    "melee_skill": 10,
    "melee_dice": 10,
    "melee_dice_sides": 10,
    "melee_cut": 0,
    "armor_bash": 6,
    "vision_day": 60,
    "harvest": "zombie",
    "special_attacks": [
      {
        "type": "spell",
        "spell_data": { "id": "mon_sflesh_veinstalk_spread_target" },
        "cooldown": 10,
        "monster_message": "<color_red>%1$s twitches violently...</color>",
        "self": true
      }
    ],
    "death_function": [ "MELT" ],
    "flags": [ "SEES", "HEARS", "SMELLS", "WARM", "POISON", "NO_BREATHE", "IMMOBILE", "PACIFIST", "FILTHY" ]
  },
  {
    "note": "Short-lived, harmless monster passively spawned by veinstalks, which then gets targeted for activation of its spell (incase nothing else is seen).",
    "id": "mon_sflesh_veinstalk_crawly",
    "type": "MONSTER",
    "name": { "str": "creeping tendrils", "str_pl": "creeping tendrils" },
    "description": "A dense tentacle outgrowths creeping across the surface. They shrink and return underneath whenever they reach their limits.",
    "default_faction": "secro_flesh",
    "species": [ "SFLESH", "ABERRATION" ],
    "volume": "5 L",
    "weight": "15 kg",
    "hp": 15,
    "speed": 100,
    "emit_fields": [ "emit_flesh_biome_immunity", "emit_down_immunity", "emit_veinstalk_limiter" ],
    "material": [ "flesh" ],
    "symbol": "⟆",
    "color": "red",
    "aggression": 100,
    "morale": 100,
    "melee_skill": 10,
    "melee_dice": 10,
    "melee_dice_sides": 10,
    "melee_cut": 0,
    "armor_bash": 3,
    "harvest": "zombie",
    "death_function": [ "MELT" ],
    "flags": [ "WARM", "POISON", "NO_BREATHE", "IMMOBILE", "PACIFIST", "ABSORBS" ]
  },
  {
    "note": "Small, random pieces of crap from infected creatures!",
    "id": "mon_sflesh_fleshling_tiny",
    "type": "MONSTER",
    "name": "fleshling",
    "description": "A tiny slab of meat that moves by either hopping or slithering through the ground. Attracted to flesh.",
    "default_faction": "secro_flesh2",
    "bodytype": "blob",
    "species": [ "SFLESH", "ABERRATION" ],
    "volume": "200 ml",
    "weight": 30,
    "hp": 10,
    "speed": 75,
    "material": [ "flesh" ],
    "symbol": "◇",
    "color": "light_red",
    "aggression": 100,
    "morale": 100,
    "emit_fields": [ "emit_flesh_biome_immunity" ],
    "melee_skill": 2,
    "melee_dice": 1,
    "melee_dice_sides": 2,
    "melee_cut": 2,
    "special_attacks": [
      {
        "type": "spell",
        "spell_data": { "id": "mon_sflesh_fleshling_tiny_devour" },
        "cooldown": 50,
        "monster_message": "<color_magenta>%1$s devours %3$s...</color>",
        "self": true
      }
    ],
    "harvest": "exempt",
    "death_function": [ "MELT" ],
    "flags": [ "SEES", "SMELLS", "WARM", "POISON", "NO_BREATHE", "STUN_IMMUNE", "ABSORBS", "PACIFIST" ]
  },
  {
    "id": "mon_sflesh_fleshling_smol",
    "type": "MONSTER",
    "name": "small flesh blob",
    "description": "A small slab of meat that's larger than a basketball. Will try to devour anything nearby.",
    "default_faction": "secro_flesh2",
    "bodytype": "blob",
    "species": [ "SFLESH", "ABERRATION" ],
    "volume": "1250 ml",
    "weight": 170,
    "hp": 20,
    "speed": 65,
    "material": [ "flesh" ],
    "symbol": "◈",
    "color": "light_red",
    "aggression": 100,
    "morale": 100,
    "emit_fields": [ "emit_flesh_biome_immunity" ],
    "melee_skill": 3,
    "melee_dice": 2,
    "melee_dice_sides": 3,
    "melee_cut": 3,
    "harvest": "exempt",
    "death_function": [ "MELT" ],
    "special_attacks": [
      {
        "type": "spell",
        "spell_data": { "id": "mon_sflesh_fleshling_smol_devour" },
        "cooldown": 75,
        "monster_message": "<color_magenta>%1$s devours %3$s...</color>",
        "self": true
      }
    ],
    "flags": [ "SEES", "SMELLS", "WARM", "POISON", "NO_BREATHE", "STUN_IMMUNE", "ABSORBS", "PACIFIST" ]
  },
  {
    "id": "mon_sflesh_fleshling_med",
    "type": "MONSTER",
    "name": "flesh blob",
    "description": "A slab of meat that's larger than a dog. Will try to devour anything nearby.",
    "default_faction": "secro_flesh2",
    "bodytype": "blob",
    "species": [ "SFLESH", "ABERRATION" ],
    "volume": "17000 ml",
    "weight": 12050,
    "hp": 40,
    "speed": 55,
    "material": [ "flesh" ],
    "symbol": "◆",
    "color": "light_red",
    "aggression": 100,
    "morale": 100,
    "emit_fields": [ "emit_flesh_biome_immunity" ],
    "melee_skill": 4,
    "melee_dice": 3,
    "melee_dice_sides": 4,
    "melee_cut": 4,
    "harvest": "exempt",
    "death_function": [ "MELT" ],
    "special_attacks": [
      {
        "type": "spell",
        "spell_data": { "id": "mon_sflesh_fleshling_med_devour" },
        "cooldown": 100,
        "monster_message": "<color_magenta>%1$s devours %3$s...</color>",
        "self": true
      }
    ],
    "flags": [ "SEES", "SMELLS", "WARM", "POISON", "NO_BREATHE", "STUN_IMMUNE", "ABSORBS", "PACIFIST" ]
  },
  {
    "id": "mon_sflesh_fleshling_big",
    "type": "MONSTER",
    "name": "big flesh blob",
    "description": "A big slab of meat that's larger than a human. Will try to devour anything nearby.",
    "default_faction": "secro_flesh2",
    "bodytype": "blob",
    "species": [ "SFLESH", "ABERRATION" ],
    "volume": "99500 ml",
    "weight": 640000,
    "hp": 80,
    "speed": 45,
    "material": [ "flesh" ],
    "symbol": "●",
    "color": "light_red",
    "aggression": 100,
    "morale": 100,
    "emit_fields": [ "emit_flesh_biome_immunity" ],
    "melee_skill": 5,
    "melee_dice": 4,
    "melee_dice_sides": 5,
    "melee_cut": 5,
    "harvest": "exempt",
    "death_function": [ "MELT" ],
    "special_attacks": [
      {
        "type": "spell",
        "spell_data": { "id": "mon_sflesh_fleshling_big_devour" },
        "cooldown": 125,
        "monster_message": "<color_magenta>%1$s devours %3$s...</color>",
        "self": true
      }
    ],
    "flags": [ "SEES", "SMELLS", "WARM", "POISON", "NO_BREATHE", "STUN_IMMUNE", "ABSORBS", "PACIFIST" ]
  },
  {
    "id": "mon_sflesh_fleshling_huge",
    "type": "MONSTER",
    "name": "flesh mound",
    "description": "A humongous conglomeration of rotten flesh, as large as a moose. Its body has swollen and stretched out, and seem to slowly deteriorate, but its endless hunger still is apparent to its motion.",
    "default_faction": "secro_flesh2",
    "bodytype": "blob",
    "species": [ "SFLESH", "ABERRATION" ],
    "volume": "386000 ml",
    "weight": "386 kg",
    "hp": 160,
    "speed": 20,
    "material": [ "flesh" ],
    "symbol": "⬤",
    "color": "light_red",
    "aggression": 100,
    "morale": 100,
    "emit_fields": [ "emit_flesh_biome_immunity", "emit_sflesh_fleshling_birth" ],
    "melee_skill": 8,
    "melee_dice": 7,
    "melee_dice_sides": 8,
    "melee_cut": 8,
    "harvest": "exempt",
    "death_function": [ "MELT" ],
    "special_attacks": [
      {
        "type": "spell",
        "spell_data": { "id": "mon_sflesh_fleshling_huge_devour" },
        "cooldown": 150,
        "monster_message": "<color_light_red>%1$s devours %3$s...</color>",
        "self": true
      }
    ],
    "flags": [ "SEES", "SMELLS", "WARM", "POISON", "NO_BREATHE", "STUN_IMMUNE", "ABSORBS", "PACIFIST" ]
  },
  {
    "id": "mon_sflesh_fleshling_stingy",
    "type": "MONSTER",
    "name": { "str": "amalgam stinger" },
    "description": "A rotten conglomeration of fused limbs and appendages that has been formed into a stout, meandering humanoid. Several parts of its body are infused with bulbous warts, to which are seem to be filled with sizzling crimson acid. A slender, predominant limb sways like a whip, flowing freely around itself. It is tipped with a barbed stinger that drips with a potent corrosive compound.",
    "default_faction": "secro_flesh3",
    "bodytype": "human",
    "species": [ "SFLESH", "ABERRATION" ],
    "volume": "62500 ml",
    "weight": "81500 g",
    "hp": 120,
    "speed": 75,
    "emit_fields": [ "emit_flesh_biome_immunity" ],
    "material": [ "flesh" ],
    "symbol": "♪",
    "color": "light_red",
    "aggression": 100,
    "morale": 100,
    "melee_skill": 6,
    "melee_dice": 3,
    "melee_dice_sides": 2,
    "melee_cut": 5,
    "melee_damage": [ { "amount": 3, "damage_type": "stab" } ],
    "armor_bash": 12,
    "armor_cut": 2,
    "vision_night": 5,
    "harvest": "exempt",
    "attack_effs": [ { "id": "secro_blood_acid", "duration": 1 } ],
    "special_attacks": [
      [ "GRAB", 10 ],
      {
        "type": "spell",
        "spell_data": { "id": "mon_sflesh_fleshling_stingy_target_random" },
        "cooldown": 30,
        "monster_message": "<color_light_red>%1$s twitches violently as it glares at %3$s!</color>"
      }
    ],
    "death_function": [ "MELT" ],
    "flags": [ "SEES", "HEARS", "SMELLS", "STUMBLES", "BASHES", "GROUP_BASH", "POISON", "BLEED", "NO_BREATHE", "PUSH_MON" ]
  },
  {
    "id": "mon_sflesh_fleshling_ravagy",
    "type": "MONSTER",
    "name": { "str": "amalgam ravager" },
    "description": "A monstrous humanoid formed by fusing several appendages of unknown creatures, which are reemerging back and forth in its vessel. Apart from its figure are long, irregular bone outgrowths covering its surface, and a gaping jaw opened widely on its twisted visage. Sluggish, yet opposes great danger.",
    "default_faction": "secro_flesh3",
    "bodytype": "human",
    "species": [ "SFLESH", "ABERRATION" ],
    "volume": "127000 ml",
    "weight": "98350 g",
    "hp": 200,
    "speed": 65,
    "emit_fields": [ "emit_flesh_biome_immunity" ],
    "material": [ "flesh", "bone" ],
    "symbol": "♯",
    "color": "light_red",
    "aggression": 100,
    "morale": 100,
    "melee_skill": 6,
    "melee_dice": 5,
    "melee_dice_sides": 3,
    "melee_cut": 2,
    "armor_bash": 12,
    "armor_cut": 2,
    "vision_night": 5,
    "harvest": "exempt",
    "special_attacks": [
      [ "GRAB", 10 ],
      {
        "type": "spell",
        "spell_data": { "id": "mon_sflesh_fleshling_ravagy_target" },
        "cooldown": 24,
        "monster_message": "<color_yellow>%1$s's bone outgrowth extends!</color>"
      }
    ],
    "death_function": [ "MELT" ],
    "flags": [ "SEES", "HEARS", "SMELLS", "STUMBLES", "BASHES", "GROUP_BASH", "POISON", "BLEED", "NO_BREATHE", "PUSH_MON" ]
  },
  {
    "id": "mon_sflesh_fleshling_scavengy",
    "type": "MONSTER",
    "name": { "str": "amalgam scavenger" },
    "description": "A fleshed amalgamation consists mostly of thin and slender appendages, with a throbbing core on its thorax. It glows ominously. Docile and cautious, in contrast to its horrifying figure.",
    "default_faction": "secro_flesh3",
    "bodytype": "dog",
    "species": [ "SFLESH", "ABERRATION" ],
    "volume": "30045 ml",
    "weight": "22350 g",
    "hp": 70,
    "speed": 90,
    "emit_fields": [ "emit_flesh_biome_immunity", "emit_sflesh_fleshling_scavengy_forms" ],
    "material": [ "flesh" ],
    "symbol": "♮",
    "color": "light_red",
    "aggression": 5,
    "morale": 20,
    "melee_skill": 6,
    "melee_dice": 3,
    "melee_dice_sides": 2,
    "melee_cut": 5,
    "armor_bash": 12,
    "armor_cut": 2,
    "vision_day": 3,
    "harvest": "exempt",
    "special_attacks": [
      {
        "type": "spell",
        "spell_data": { "id": "mon_sflesh_fleshling_scavengy_flee_target" },
        "cooldown": 3,
        "monster_message": "<color_light_red>%1$s flees from %3$s!</color>"
      }
    ],
    "death_function": [ "MELT" ],
    "flags": [
      "SEES",
      "HEARS",
      "SMELLS",
      "ABSORBS",
      "STUMBLES",
      "BASHES",
      "GROUP_BASH",
      "POISON",
      "BLEED",
      "NO_BREATHE",
      "PUSH_MON"
    ]
  },
  {
    "id": "mon_sflesh_fleshling_scavengy_explosive",
    "type": "MONSTER",
    "name": "fleshling",
    "description": "A tiny slab of meat that moves by either hopping or slithering through the ground. It throbs faster as it gets closer.",
    "default_faction": "secro_flesh3",
    "bodytype": "blob",
    "species": [ "SFLESH", "ABERRATION" ],
    "volume": "2000 ml",
    "weight": 1200,
    "hp": 10,
    "speed": 75,
    "material": [ "flesh" ],
    "symbol": "◇",
    "color": "light_red",
    "aggression": 100,
    "morale": 100,
    "emit_fields": [ "emit_flesh_biome_immunity", "emit_sflesh_fleshling_scavengy_forms_limit" ],
    "melee_skill": 2,
    "melee_dice": 1,
    "melee_dice_sides": 2,
    "melee_cut": 2,
    "special_attacks": [
      {
        "type": "spell",
        "spell_data": { "id": "mon_sflesh_fleshling_scavengy_explosive_pop_target" },
        "cooldown": 5,
        "monster_message": "<color_yellow>%1$s explodes into gore!</color>",
        "self": true
      }
    ],
    "harvest": "exempt",
    "death_function": [ "MELT" ],
    "flags": [ "SEES", "SMELLS", "WARM", "POISON", "NO_BREATHE", "STUN_IMMUNE", "PACIFIST" ]
  },
  {
    "id": "mon_sflesh_fleshling_scavengy_tent",
    "type": "MONSTER",
    "name": "fleshling",
    "description": "A tiny slab of meat that moves by either hopping or slithering through the ground. It throbs faster as it gets closer.",
    "default_faction": "secro_flesh3",
    "bodytype": "blob",
    "species": [ "SFLESH", "ABERRATION" ],
    "volume": "2000 ml",
    "weight": 1200,
    "hp": 10,
    "speed": 75,
    "material": [ "flesh" ],
    "symbol": "◇",
    "color": "light_red",
    "aggression": 100,
    "morale": 100,
    "emit_fields": [ "emit_flesh_biome_immunity", "emit_sflesh_fleshling_scavengy_forms_limit" ],
    "melee_skill": 2,
    "melee_dice": 1,
    "melee_dice_sides": 2,
    "melee_cut": 2,
    "special_attacks": [
      {
        "type": "spell",
        "spell_data": { "id": "mon_sflesh_fleshling_scavengy_tent_tentsurprise" },
        "cooldown": 5,
        "monster_message": "<color_yellow>%1$s explodes into a heap of bladed tentacles!</color>"
      }
    ],
    "harvest": "exempt",
    "death_function": [ "MELT" ],
    "flags": [ "SEES", "SMELLS", "WARM", "POISON", "NO_BREATHE", "STUN_IMMUNE", "PACIFIST" ]
  },
  {
    "id": "mon_sflesh_fleshling_scavengy_sticky",
    "type": "MONSTER",
    "name": "fleshling",
    "description": "A tiny slab of meat that moves by either hopping or slithering through the ground. It throbs faster as it gets closer.",
    "default_faction": "secro_flesh3",
    "bodytype": "blob",
    "species": [ "SFLESH", "ABERRATION" ],
    "volume": "2000 ml",
    "weight": 1200,
    "hp": 10,
    "speed": 75,
    "material": [ "flesh" ],
    "symbol": "◇",
    "color": "light_red",
    "aggression": 100,
    "morale": 100,
    "emit_fields": [ "emit_flesh_biome_immunity", "emit_sflesh_fleshling_scavengy_forms_limit" ],
    "melee_skill": 2,
    "melee_dice": 1,
    "melee_dice_sides": 2,
    "melee_cut": 2,
    "special_attacks": [
      {
        "type": "spell",
        "spell_data": { "id": "mon_sflesh_fleshling_scavengy_sticky_sg" },
        "cooldown": 5,
        "monster_message": "<color_yellow>%1$s sticks on %3$s!</color>"
      }
    ],
    "harvest": "exempt",
    "death_function": [ "MELT" ],
    "flags": [ "SEES", "SMELLS", "WARM", "POISON", "NO_BREATHE", "STUN_IMMUNE", "PACIFIST" ]
  }
]
