[
  {
    "note": "The taken (or flesh variants) - flesh version of vanilla creatures. This file contains wildlife variants. Secronom creatures or anything related are immune to flesh infection.",
    "id": "mon_sflesh_bear_cub",
    "type": "MONSTER",
    "copy-from": "mon_sflesh_taken_bear",
    "name": { "str": "black bear cub" },
    "description": "A juvenile American black bear.  This one isn't much of a threat, but be wary of its parent; black bears are known for their protectiveness.\nInfested by flesh, this once living creature no longer act as an animal, but a bloodthirsty fiend.",
    "volume": "40750 ml",
    "weight": "40750 g",
    "hp": 25,
    "speed": 90,
    "symbol": "b",
    "aggression": 100,
    "morale": 100,
    "melee_skill": 2,
    "melee_dice": 2,
    "melee_dice_sides": 3,
    "melee_cut": 2,
    "melee_damage": [ { "amount": 1, "damage_type": "bash" }, { "amount": 1, "damage_type": "cut" } ],
    "armor_bash": 3,
    "dodge": 2,
    "harvest": "mammal_fur",
    "special_attacks": [
      {
        "type": "spell",
        "spell_data": { "id": "mon_flesh_infect_target" },
        "cooldown": 22,
        "monster_message": "<color_magenta>%1$s engulfs %3$s with their flesh!</color>"
      }
    ]
  },
  {
    "id": "mon_sflesh_taken_bear",
    "type": "MONSTER",
    "name": "flesh bear",
    "description": "The American black bear.  A large omnivorous scavenger, it has powerful claws and jaws, and is an effective ambush hunter.  Most individuals are shy around humans, but they're fiercely protective of their cubs.\nInfested by flesh, this once living creature no longer act as an animal, but a bloodthirsty fiend.",
    "default_faction": "secro_flesh",
    "bodytype": "bear",
    "species": [ "SFLESH", "ABERRATION" ],
    "volume": "154250 ml",
    "weight": 154250,
    "hp": 125,
    "speed": 140,
    "emit_fields": [ "emit_sflesh_fleshling_maybe", "emit_flesh_biome_immunity" ],
    "material": [ "flesh" ],
    "symbol": "B",
    "color": "light_red",
    "aggression": 100,
    "morale": 100,
    "melee_skill": 6,
    "melee_dice": 4,
    "melee_dice_sides": 6,
    "melee_cut": 4,
    "melee_damage": [ { "amount": 1, "damage_type": "bash" }, { "amount": 1, "damage_type": "cut" } ],
    "dodge": 3,
    "armor_bash": 5,
    "vision_day": 30,
    "vision_night": 10,
    "special_attacks": [
      {
        "type": "spell",
        "spell_data": { "id": "mon_flesh_infect_target" },
        "cooldown": 22,
        "monster_message": "<color_magenta>%1$s engulfs %3$s with their flesh!</color>"
      }
    ],
    "death_function": [ "NORMAL" ],
    "note": "Its not actually THAT fleshy in all, just infected, so harvest is the same.",
    "harvest": "mammal_large_fur",
    "flags": [ "SEES", "HEARS", "SMELLS", "ABSORBS", "WARM", "BLEED", "POISON", "NO_BREATHE", "BASHES" ]
  },
  {
    "id": "mon_sflesh_taken_rat",
    "type": "MONSTER",
    "name": "flesh rat",
    "description": "A rodent with sharp, pointy teeth and briskly membranous fur.\nInfested by flesh, this once living creature no longer act as an animal, but a bloodthirsty fiend.",
    "default_faction": "secro_flesh",
    "bodytype": "pig",
    "species": [ "SFLESH", "ABERRATION" ],
    "volume": "200 ml",
    "weight": 200,
    "hp": 8,
    "speed": 100,
    "emit_fields": [ "emit_sflesh_fleshling_maybe", "emit_flesh_biome_immunity" ],
    "material": [ "flesh" ],
    "symbol": "r",
    "color": "light_red",
    "aggression": 100,
    "morale": 100,
    "melee_skill": 5,
    "melee_dice": 1,
    "melee_dice_sides": 1,
    "melee_cut": 1,
    "melee_damage": [ { "amount": 1, "damage_type": "bash" }, { "amount": 1, "damage_type": "cut" } ],
    "armor_bash": 3,
    "dodge": 2,
    "vision_day": 30,
    "vision_night": 10,
    "harvest": "mammal_tiny",
    "death_function": [ "NORMAL" ],
    "flags": [ "SEES", "SMELLS", "HEARS", "ABSORBS", "WARM", "POISON", "NO_BREATHE", "SWIMS" ]
  },
  {
    "id": "mon_sflesh_taken_cougar",
    "type": "MONSTER",
    "name": "flesh cougar",
    "description": "The Eastern cougar, a large feline predator.  Once thought extinct in this region, conservation efforts were successful in restoring a thriving population.  Fast and silent, this predator can cover long distances with powerful leaps and pounces, catching its prey with its deadly claws before delivering the finishing blow with its enormous fangs.\nInfested by flesh, this once living creature no longer act as an animal, but a bloodthirsty fiend.",
    "default_faction": "secro_flesh",
    "bodytype": "dog",
    "species": [ "SFLESH", "ABERRATION" ],
    "volume": "63000 ml",
    "weight": 63000,
    "hp": 75,
    "speed": 180,
    "emit_fields": [ "emit_sflesh_fleshling_maybe", "emit_flesh_biome_immunity" ],
    "material": [ "flesh" ],
    "symbol": "C",
    "color": "light_red",
    "aggression": 100,
    "morale": 100,
    "melee_skill": 6,
    "melee_dice": 2,
    "melee_dice_sides": 4,
    "melee_cut": 6,
    "dodge": 5,
    "armor_bash": 4,
    "vision_night": 10,
    "melee_damage": [ { "amount": 2, "damage_type": "cut" } ],
    "special_attacks": [ [ "scratch", 10 ], { "type": "leap", "cooldown": 5, "max_range": 5 } ],
    "death_function": [ "NORMAL" ],
    "harvest": "mammal_fur",
    "flags": [ "SEES", "HEARS", "GOODHEARING", "SMELLS", "ABSORBS", "WARM", "KEENNOSE", "POISON", "NO_BREATHE", "BLEED" ]
  },
  {
    "id": "mon_sflesh_taken_moose",
    "type": "MONSTER",
    "name": "flesh moose",
    "description": "The Eastern moose, the largest living species of deer.  While they aren't aggressive unless angered, the mating season can make the bulls quite ill-tempered.\nInfested by flesh, this once living creature no longer act as an animal, but a bloodthirsty fiend.",
    "default_faction": "secro_flesh",
    "bodytype": "horse",
    "species": [ "SFLESH", "ABERRATION" ],
    "volume": "386000 ml",
    "weight": 386000,
    "hp": 150,
    "speed": 200,
    "emit_fields": [ "emit_sflesh_fleshling_maybe", "emit_flesh_biome_immunity" ],
    "material": [ "flesh" ],
    "symbol": "M",
    "color": "light_red",
    "aggression": 100,
    "morale": 100,
    "melee_skill": 6,
    "melee_dice": 3,
    "melee_dice_sides": 4,
    "melee_cut": 0,
    "melee_damage": [ { "amount": 2, "damage_type": "bash" } ],
    "dodge": 1,
    "armor_bash": 7,
    "armor_cut": 1,
    "vision_night": 7,
    "death_function": [ "NORMAL" ],
    "harvest": "mammal_large_leather",
    "flags": [ "SEES", "HEARS", "SMELLS", "ABSORBS", "WARM", "POISON", "NO_BREATHE", "BLEED" ]
  },
  {
    "id": "mon_sflesh_beaver",
    "type": "MONSTER",
    "name": { "str": "beaver" },
    "description": "The North American beaver, the continent's largest rodent.  Its paddle-shaped tail helps ferry it through the water, and its prominent teeth can chew through wood, which it uses to build dam-like nests in lakes and streams.\nInfested by flesh, this once living creature no longer act as an animal, but a bloodthirsty fiend.",
    "default_faction": "secro_flesh",
    "bodytype": "bear",
    "species": [ "SFLESH", "ABERRATION" ],
    "volume": "20250 ml",
    "weight": "20250 g",
    "hp": 20,
    "speed": 90,
    "emit_fields": [ "emit_sflesh_fleshling_maybe", "emit_flesh_biome_immunity" ],
    "material": [ "flesh" ],
    "symbol": "r",
    "color": "brown",
    "aggression": 100,
    "morale": 100,
    "melee_dice": 1,
    "melee_dice_sides": 6,
    "melee_cut": 6,
    "melee_damage": [ { "amount": 2, "damage_type": "cut" } ],
    "armor_bash": 3,
    "dodge": 2,
    "special_attacks": [
      {
        "type": "spell",
        "spell_data": { "id": "mon_flesh_infect_target" },
        "cooldown": 22,
        "monster_message": "<color_magenta>%1$s engulfs %3$s with their flesh!</color>"
      }
    ],
    "harvest": "mammal_small_fur",
    "death_function": [ "NORMAL" ],
    "flags": [ "SEES", "HEARS", "SMELLS", "ABSORBS", "SWIMS", "WARM" ]
  },
  {
    "id": "mon_sflesh_boar_wild_piglet",
    "type": "MONSTER",
    "name": "wild boar piglet",
    "description": "Originally not native in the US, this wild omnivore is a crossbreed between the Eurasian wild boar escaped from hunting reserves and the domesticated pig went feral in the wilderness.  Its population has skyrocketed in the US during the last few decades.\nInfested by flesh, this once living creature no longer act as an animal, but a bloodthirsty fiend.",
    "default_faction": "secro_flesh",
    "bodytype": "pig",
    "species": [ "SFLESH", "ABERRATION" ],
    "volume": "10 L",
    "weight": "10 kg",
    "hp": 6,
    "speed": 90,
    "emit_fields": [ "emit_sflesh_fleshling_maybe", "emit_flesh_biome_immunity" ],
    "material": [ "flesh" ],
    "symbol": "b",
    "color": "brown",
    "looks_like": "mon_pig_piglet",
    "aggression": 100,
    "morale": 100,
    "melee_skill": 1,
    "melee_dice": 1,
    "melee_dice_sides": 2,
    "melee_cut": 1,
    "melee_damage": [ { "amount": 1, "damage_type": "bash" }, { "amount": 1, "damage_type": "cut" } ],
    "armor_bash": 3,
    "dodge": 4,
    "harvest": "mammal_small_fur",
    "path_settings": { "max_dist": 10 },
    "death_function": [ "NORMAL" ],
    "special_attacks": [
      {
        "type": "spell",
        "spell_data": { "id": "mon_flesh_infect_target" },
        "cooldown": 22,
        "monster_message": "<color_magenta>%1$s engulfs %3$s with their flesh!</color>"
      }
    ],
    "flags": [ "SEES", "HEARS", "SMELLS", "ABSORBS", "WARM", "KEENNOSE", "BLEED" ]
  },
  {
    "id": "mon_sflesh_boar_wild",
    "type": "MONSTER",
    "name": "wild boar",
    "description": "Originally not native in the US, this wild omnivore is a crossbreed between the Eurasian wild boar escaped from hunting reserves and the domesticated pig went feral in the wilderness.  Its population has skyrocketed in the US during the last few decades.\nInfested by flesh, this once living creature no longer act as an animal, but a bloodthirsty fiend.",
    "looks_like": "mon_pig",
    "default_faction": "secro_flesh",
    "bodytype": "pig",
    "species": [ "SFLESH", "ABERRATION" ],
    "volume": "100 L",
    "weight": "100 kg",
    "hp": 75,
    "speed": 110,
    "emit_fields": [ "emit_sflesh_fleshling_maybe", "emit_flesh_biome_immunity" ],
    "material": [ "flesh" ],
    "symbol": "b",
    "color": "brown",
    "aggression": 100,
    "morale": 100,
    "melee_skill": 5,
    "melee_dice": 2,
    "melee_dice_sides": 8,
    "melee_cut": 5,
    "melee_damage": [ { "amount": 2, "damage_type": "cut" } ],
    "dodge": 2,
    "armor_bash": 5,
    "armor_cut": 1,
    "harvest": "mammal_fur",
    "path_settings": { "max_dist": 10 },
    "death_function": [ "NORMAL" ],
    "special_attacks": [
      {
        "type": "spell",
        "spell_data": { "id": "mon_flesh_infect_target" },
        "cooldown": 22,
        "monster_message": "<color_magenta>%1$s engulfs %3$s with their flesh!</color>"
      }
    ],
    "flags": [ "SEES", "HEARS", "SMELLS", "ABSORBS", "WARM", "KEENNOSE", "BLEED" ]
  },
  {
    "id": "mon_sflesh_cat_kitten",
    "type": "MONSTER",
    "copy-from": "mon_sflesh_cat",
    "name": { "str": "kitten" },
    "description": "A cuddly kitten of unknown breed, meowing and scampering amidst the death.  Currently feral.\nInfested by flesh, this once living creature no longer act as an animal, but a bloodthirsty fiend..",
    "default_faction": "secro_flesh",
    "bodytype": "dog",
    "species": [ "SFLESH", "ABERRATION" ],
    "volume": "1000 ml",
    "weight": "1 kg",
    "hp": 8,
    "emit_fields": [ "emit_sflesh_fleshling_maybe", "emit_flesh_biome_immunity" ],
    "material": [ "flesh" ],
    "symbol": "c",
    "color": "light_gray",
    "melee_cut": 2,
    "dodge": 14,
    "special_attacks": [
      [ "scratch", 10 ],
      {
        "type": "spell",
        "spell_data": { "id": "mon_flesh_infect_target" },
        "cooldown": 22,
        "monster_message": "<color_magenta>%1$s engulfs %3$s with their flesh!</color>"
      }
    ],
    "death_function": [ "NORMAL" ],
    "harvest": "mammal_tiny",
    "flags": [ "SEES", "HEARS", "GOODHEARING", "SMELLS", "ABSORBS", "WARM" ]
  },
  {
    "id": "mon_sflesh_cat",
    "type": "MONSTER",
    "name": { "str": "cat" },
    "description": "A feline predator of unknown lineage.  Harried by the elements and the rigors of survival, it is scruffy and skittish.\nInfested by flesh, this once living creature no longer act as an animal, but a bloodthirsty fiend.",
    "default_faction": "secro_flesh",
    "bodytype": "dog",
    "species": [ "SFLESH", "ABERRATION" ],
    "volume": "8600 ml",
    "weight": "8600 g",
    "hp": 20,
    "speed": 150,
    "emit_fields": [ "emit_sflesh_fleshling_maybe", "emit_flesh_biome_immunity" ],
    "material": [ "flesh" ],
    "symbol": "c",
    "color": "brown",
    "aggression": 100,
    "morale": 100,
    "melee_skill": 6,
    "melee_dice": 1,
    "melee_dice_sides": 6,
    "melee_cut": 2,
    "melee_damage": [ { "amount": 2, "damage_type": "cut" } ],
    "armor_bash": 3,
    "dodge": 8,
    "special_attacks": [
      {
        "type": "spell",
        "spell_data": { "id": "mon_flesh_infect_target" },
        "cooldown": 22,
        "monster_message": "<color_magenta>%1$s engulfs %3$s with their flesh!</color>"
      }
    ],
    "vision_night": 20,
    "death_function": [ "NORMAL" ],
    "harvest": "mammal_small_fur",
    "flags": [ "SEES", "HEARS", "GOODHEARING", "SMELLS", "ABSORBS", "WARM" ]
  },
  {
    "id": "mon_sflesh_chipmunk",
    "type": "MONSTER",
    "name": { "str": "chipmunk" },
    "description": "The eastern chipmunk, a tiny omnivorous rodent with a characteristic striped coat.  It spends much of the day patrolling its elaborate burrow and the precious stores of foraged food within.\nInfested by flesh, this once living creature no longer act as an animal, but a bloodthirsty fiend.",
    "default_faction": "secro_flesh",
    "bodytype": "pig",
    "species": [ "SFLESH", "ABERRATION" ],
    "volume": "96 ml",
    "weight": "96 g",
    "hp": 5,
    "speed": 110,
    "emit_fields": [ "emit_sflesh_fleshling_maybe", "emit_flesh_biome_immunity" ],
    "material": [ "flesh" ],
    "symbol": ".",
    "color": "brown",
    "aggression": 100,
    "morale": 100,
    "melee_skill": 1,
    "melee_dice": 1,
    "melee_dice_sides": 1,
    "melee_cut": 1,
    "melee_damage": [ { "amount": 1, "damage_type": "bash" }, { "amount": 1, "damage_type": "cut" } ],
    "special_attacks": [
      {
        "type": "spell",
        "spell_data": { "id": "mon_flesh_infect_target" },
        "cooldown": 22,
        "monster_message": "<color_magenta>%1$s engulfs %3$s with their flesh!</color>"
      }
    ],
    "armor_bash": 3,
    "dodge": 4,
    "harvest": "mammal_tiny",
    "death_function": [ "NORMAL" ],
    "flags": [ "SEES", "SMELLS", "HEARS", "WARM", "ABSORBS" ]
  },
  {
    "id": "mon_sflesh_cow_calf",
    "type": "MONSTER",
    "name": { "str": "calf", "str_pl": "calves" },
    "description": "The domestic cow, a baleful, ruminating farm animal.  It is quite muscular, and the males can have a violent streak to accompany their nasty-looking horns.\nInfested by flesh, this once living creature no longer act as an animal, but a bloodthirsty fiend.",
    "default_faction": "secro_flesh",
    "bodytype": "dog",
    "species": [ "SFLESH", "ABERRATION" ],
    "volume": "62500 ml",
    "weight": "81500 g",
    "hp": 50,
    "speed": 120,
    "emit_fields": [ "emit_sflesh_fleshling_maybe", "emit_flesh_biome_immunity" ],
    "material": [ "flesh" ],
    "symbol": "C",
    "color": "light_gray",
    "looks_like": "mon_cow",
    "aggression": 100,
    "morale": 100,
    "melee_skill": 3,
    "melee_dice": 2,
    "melee_dice_sides": 4,
    "melee_cut": 2,
    "melee_damage": [ { "amount": 1, "damage_type": "bash" }, { "amount": 1, "damage_type": "cut" } ],
    "armor_bash": 5,
    "dodge": 2,
    "path_settings": { "max_dist": 10 },
    "death_drops": { "subtype": "collection", "groups": [ [ "cow", 25 ] ] },
    "death_function": [ "NORMAL" ],
    "harvest": "mammal_large_leather",
    "special_attacks": [
      {
        "type": "spell",
        "spell_data": { "id": "mon_flesh_infect_target" },
        "cooldown": 22,
        "monster_message": "<color_magenta>%1$s engulfs %3$s with their flesh!</color>"
      }
    ],
    "flags": [ "SEES", "HEARS", "SMELLS", "ABSORBS", "WARM" ]
  },
  {
    "id": "mon_sflesh_cow",
    "type": "MONSTER",
    "name": { "str": "cow" },
    "description": "The domestic cow, a baleful, ruminating farm animal.  It is quite muscular, and the males can have a violent streak to accompany their nasty-looking horns.\nInfested by flesh, this once living creature no longer act as an animal, but a bloodthirsty fiend.",
    "default_faction": "secro_flesh",
    "bodytype": "dog",
    "species": [ "SFLESH", "ABERRATION" ],
    "volume": "680388 ml",
    "weight": "680388 g",
    "hp": 125,
    "speed": 130,
    "emit_fields": [ "emit_sflesh_fleshling_maybe", "emit_flesh_biome_immunity" ],
    "material": [ "flesh" ],
    "symbol": "C",
    "color": "light_gray",
    "aggression": 100,
    "morale": 100,
    "melee_skill": 6,
    "melee_dice": 2,
    "melee_dice_sides": 10,
    "melee_cut": 6,
    "dodge": 2,
    "melee_damage": [ { "amount": 1, "damage_type": "bash" }, { "amount": 1, "damage_type": "cut" } ],
    "armor_bash": 5,
    "path_settings": { "max_dist": 10 },
    "death_drops": { "subtype": "collection", "groups": [ [ "cow", 25 ] ] },
    "death_function": [ "NORMAL" ],
    "harvest": "mammal_large_leather",
    "special_attacks": [
      {
        "type": "spell",
        "spell_data": { "id": "mon_flesh_infect_target" },
        "cooldown": 22,
        "monster_message": "<color_magenta>%1$s engulfs %3$s with their flesh!</color>"
      }
    ],
    "flags": [ "SEES", "HEARS", "SMELLS", "ABSORBS", "WARM" ]
  },
  {
    "id": "mon_sflesh_coyote",
    "type": "MONSTER",
    "name": { "str": "coyote" },
    "description": "The Eastern coyote, also called the tweed wolf, is a territorial canine descended from the offspring of gray wolves and true coyotes.  It is intimidated by humans and other predators, but it will still fight if threatened, and the Cataclysm has made it more fearless than usual.\nInfested by flesh, this once living creature no longer act as an animal, but a bloodthirsty fiend.",
    "default_faction": "secro_flesh",
    "bodytype": "dog",
    "species": [ "SFLESH", "ABERRATION" ],
    "volume": "13250 ml",
    "weight": "13250 g",
    "hp": 28,
    "speed": 155,
    "emit_fields": [ "emit_sflesh_fleshling_maybe", "emit_flesh_biome_immunity" ],
    "material": [ "flesh" ],
    "symbol": "d",
    "color": "brown",
    "aggression": 100,
    "morale": 100,
    "melee_skill": 6,
    "melee_dice": 2,
    "melee_dice_sides": 3,
    "melee_cut": 2,
    "dodge": 3,
    "melee_damage": [ { "amount": 1, "damage_type": "bash" }, { "amount": 1, "damage_type": "cut" } ],
    "special_attacks": [
      {
        "type": "spell",
        "spell_data": { "id": "mon_flesh_infect_target" },
        "cooldown": 22,
        "monster_message": "<color_magenta>%1$s engulfs %3$s with their flesh!</color>"
      }
    ],
    "armor_bash": 4,
    "vision_night": 5,
    "path_settings": { "max_dist": 10 },
    "death_function": [ "NORMAL" ],
    "harvest": "mammal_fur",
    "flags": [ "SEES", "HEARS", "SMELLS", "ABSORBS", "WARM", "KEENNOSE", "BLEED" ]
  },
  {
    "id": "mon_sflesh_deer_fawn",
    "type": "MONSTER",
    "name": { "str": "fawn" },
    "description": "A juvenile northern woodland white-tailed deer, a quick and strong grazing animal.  Favored prey of coyotes, wolves, and giant spider mutants.\nInfested by flesh, this once living creature no longer act as an animal, but a bloodthirsty fiend.",
    "default_faction": "secro_flesh",
    "bodytype": "horse",
    "species": [ "SFLESH", "ABERRATION" ],
    "volume": "40750 ml",
    "weight": "40750 g",
    "hp": 25,
    "speed": 200,
    "emit_fields": [ "emit_sflesh_fleshling_maybe", "emit_flesh_biome_immunity" ],
    "material": [ "flesh" ],
    "symbol": "D",
    "color": "brown",
    "looks_like": "mon_deer",
    "aggression": 100,
    "morale": 100,
    "melee_skill": 3,
    "melee_dice": 3,
    "melee_dice_sides": 3,
    "melee_cut": 0,
    "melee_damage": [ { "amount": 2, "damage_type": "bash" } ],
    "armor_bash": 3,
    "dodge": 3,
    "special_attacks": [
      {
        "type": "spell",
        "spell_data": { "id": "mon_flesh_infect_target" },
        "cooldown": 22,
        "monster_message": "<color_magenta>%1$s engulfs %3$s with their flesh!</color>"
      }
    ],
    "vision_night": 12,
    "harvest": "mammal_small_leather",
    "death_function": [ "NORMAL" ],
    "flags": [ "SEES", "HEARS", "SMELLS", "ABSORBS", "WARM" ]
  },
  {
    "id": "mon_sflesh_deer",
    "type": "MONSTER",
    "name": { "str": "deer" },
    "description": "The northern woodland white-tailed deer, a quick and strong grazing animal.  Favored prey of coyotes, wolves, and giant spider mutants.\nInfested by flesh, this once living creature no longer act as an animal, but a bloodthirsty fiend.",
    "default_faction": "secro_flesh",
    "bodytype": "horse",
    "species": [ "SFLESH", "ABERRATION" ],
    "volume": "87000 ml",
    "weight": "87 kg",
    "hp": 75,
    "speed": 300,
    "emit_fields": [ "emit_sflesh_fleshling_maybe", "emit_flesh_biome_immunity" ],
    "material": [ "flesh" ],
    "symbol": "D",
    "color": "brown",
    "aggression": 100,
    "morale": 100,
    "melee_skill": 3,
    "melee_dice": 3,
    "melee_dice_sides": 3,
    "melee_cut": 0,
    "melee_damage": [ { "amount": 2, "damage_type": "bash" } ],
    "armor_bash": 3,
    "dodge": 3,
    "vision_night": 12,
    "harvest": "mammal_large_leather",
    "path_settings": { "max_dist": 10 },
    "death_function": [ "NORMAL" ],
    "special_attacks": [
      {
        "type": "spell",
        "spell_data": { "id": "mon_flesh_infect_target" },
        "cooldown": 22,
        "monster_message": "<color_magenta>%1$s engulfs %3$s with their flesh!</color>"
      }
    ],
    "flags": [ "SEES", "HEARS", "SMELLS", "ABSORBS", "WARM" ]
  },
  {
    "id": "mon_sflesh_dog",
    "type": "MONSTER",
    "name": { "str": "dog" },
    "description": "A stray dog, unknown to its breed as it is covered in thick, membranous veins.\nInfested by flesh, this once living creature no longer act as an animal, but a bloodthirsty fiend.",
    "default_faction": "secro_flesh",
    "bodytype": "dog",
    "species": [ "SFLESH", "ABERRATION" ],
    "volume": "30000 ml",
    "weight": "30 kg",
    "harvest": "mammal_small_fur",
    "hp": 38,
    "speed": 150,
    "emit_fields": [ "emit_sflesh_fleshling_maybe", "emit_flesh_biome_immunity" ],
    "material": [ "flesh" ],
    "symbol": "d",
    "color": "light_gray",
    "aggression": 100,
    "morale": 100,
    "melee_skill": 6,
    "melee_dice": 2,
    "melee_dice_sides": 3,
    "melee_cut": 3,
    "melee_damage": [ { "amount": 2, "damage_type": "cut" } ],
    "armor_bash": 3,
    "dodge": 3,
    "vision_night": 5,
    "path_settings": { "max_dist": 10 },
    "death_function": [ "NORMAL" ],
    "special_attacks": [
      {
        "type": "spell",
        "spell_data": { "id": "mon_flesh_infect_target" },
        "cooldown": 22,
        "monster_message": "<color_magenta>%1$s engulfs %3$s with their flesh!</color>"
      }
    ],
    "flags": [ "ABSORBS", "HEARS", "KEENNOSE", "SEES", "SMELLS", "SWARMS", "WARM" ]
  },
  {
    "id": "mon_sflesh_dog_pup",
    "type": "MONSTER",
    "copy-from": "mon_sflesh_dog",
    "name": { "str": "Labrador puppy", "str_pl": "Labrador puppies" },
    "description": "A puppy, nothing more like a bloody fuzball.\nInfested by flesh, this once living creature no longer act as an animal, but a bloodthirsty fiend.",
    "volume": "750 ml",
    "weight": "1 kg",
    "hp": 10,
    "speed": 98,
    "aggression": 100,
    "morale": 100,
    "melee_skill": 2,
    "melee_dice": 1,
    "melee_dice_sides": 1,
    "melee_cut": 1,
    "melee_damage": [ { "amount": 1, "damage_type": "bash" }, { "amount": 1, "damage_type": "cut" } ],
    "special_attacks": [
      {
        "type": "spell",
        "spell_data": { "id": "mon_flesh_infect_target" },
        "cooldown": 22,
        "monster_message": "<color_magenta>%1$s engulfs %3$s with their flesh!</color>"
      }
    ],
    "armor_bash": 3,
    "dodge": 1,
    "vision_night": 4,
    "harvest": "mammal_tiny"
  },
  {
    "id": "mon_sflesh_fox",
    "type": "MONSTER",
    "name": { "str": "fox", "str_pl": "foxes" },
    "description": "A fox with a bloodshot fur... literally.\nInfested by flesh, this once living creature no longer act as an animal, but a bloodthirsty fiend.",
    "default_faction": "secro_flesh",
    "bodytype": "dog",
    "species": [ "SFLESH", "ABERRATION" ],
    "volume": "4132 ml",
    "weight": "4132 g",
    "hp": 38,
    "speed": 145,
    "emit_fields": [ "emit_sflesh_fleshling_maybe", "emit_flesh_biome_immunity" ],
    "material": [ "flesh" ],
    "symbol": "d",
    "color": "red",
    "aggression": 100,
    "morale": 100,
    "melee_skill": 4,
    "melee_dice": 1,
    "melee_dice_sides": 4,
    "melee_cut": 2,
    "melee_damage": [ { "amount": 2, "damage_type": "cut" } ],
    "armor_bash": 3,
    "dodge": 6,
    "special_attacks": [
      {
        "type": "spell",
        "spell_data": { "id": "mon_flesh_infect_target" },
        "cooldown": 22,
        "monster_message": "<color_magenta>%1$s engulfs %3$s with their flesh!</color>"
      }
    ],
    "vision_night": 5,
    "harvest": "mammal_tiny",
    "death_function": [ "NORMAL" ],
    "flags": [ "SEES", "HEARS", "SMELLS", "ABSORBS", "WARM", "KEENNOSE", "BLEED" ]
  },
  {
    "id": "mon_sflesh_groundhog",
    "type": "MONSTER",
    "name": { "str": "groundhog" },
    "description": "Also known as the woodchuck, this ground squirrel has no actual talent for chucking wood.\nInfested by flesh, this once living creature no longer act as an animal, but a bloodthirsty fiend.",
    "default_faction": "secro_flesh",
    "bodytype": "pig",
    "species": [ "SFLESH", "ABERRATION" ],
    "volume": "3628 ml",
    "weight": "3628 g",
    "hp": 15,
    "speed": 140,
    "emit_fields": [ "emit_sflesh_fleshling_maybe", "emit_flesh_biome_immunity" ],
    "material": [ "flesh" ],
    "symbol": "r",
    "color": "light_gray",
    "aggression": 100,
    "morale": 100,
    "melee_dice": 1,
    "melee_dice_sides": 4,
    "melee_cut": 2,
    "melee_damage": [ { "amount": 2, "damage_type": "cut" } ],
    "special_attacks": [
      {
        "type": "spell",
        "spell_data": { "id": "mon_flesh_infect_target" },
        "cooldown": 22,
        "monster_message": "<color_magenta>%1$s engulfs %3$s with their flesh!</color>"
      }
    ],
    "armor_bash": 3,
    "dodge": 4,
    "harvest": "mammal_tiny",
    "death_function": [ "NORMAL" ],
    "flags": [ "SEES", "HEARS", "GOODHEARING", "SMELLS", "ABSORBS", "WARM" ]
  },
  {
    "id": "mon_sflesh_horse",
    "type": "MONSTER",
    "name": { "str": "horse" },
    "description": "A hooved grazing mammal with a mane of hair, a sweeping tail, and powerful-looking muscles.\nInfested by flesh, this once living creature no longer act as an animal, but a bloodthirsty fiend.",
    "default_faction": "secro_flesh",
    "bodytype": "horse",
    "species": [ "SFLESH", "ABERRATION" ],
    "volume": "550000 ml",
    "weight": "550 kg",
    "hp": 113,
    "aggression": 100,
    "morale": 100,
    "speed": 300,
    "emit_fields": [ "emit_sflesh_fleshling_maybe", "emit_flesh_biome_immunity" ],
    "material": [ "flesh" ],
    "symbol": "H",
    "color": "brown",
    "melee_skill": 6,
    "melee_dice": 2,
    "melee_dice_sides": 12,
    "melee_cut": 0,
    "melee_damage": [ { "amount": 2, "damage_type": "bash" } ],
    "armor_bash": 5,
    "dodge": 2,
    "death_function": [ "NORMAL" ],
    "harvest": "mammal_large_leather",
    "special_attacks": [
      {
        "type": "spell",
        "spell_data": { "id": "mon_flesh_infect_target" },
        "cooldown": 22,
        "monster_message": "<color_magenta>%1$s engulfs %3$s with their flesh!</color>"
      }
    ],
    "flags": [ "SEES", "HEARS", "SMELLS", "ABSORBS", "WARM" ]
  },
  {
    "id": "mon_sflesh_lemming",
    "type": "MONSTER",
    "name": { "str": "lemming" },
    "description": "The Northern bog lemming, a small, predominantly vegetarian rodent that spends its life in the murk of swamps and other wetlands.  Contrary to popular belief, these creatures are not particularly hapless or suicidal, but they can eat themselves into scarcity within a few generations.\nInfested by flesh, this once living creature no longer act as an animal, but a bloodthirsty fiend.",
    "default_faction": "secro_flesh",
    "bodytype": "pig",
    "species": [ "SFLESH", "ABERRATION" ],
    "volume": "30 ml",
    "weight": "30 g",
    "hp": 5,
    "speed": 90,
    "emit_fields": [ "emit_sflesh_fleshling_maybe", "emit_flesh_biome_immunity" ],
    "material": [ "flesh" ],
    "symbol": ".",
    "color": "light_gray",
    "aggression": 100,
    "morale": 100,
    "melee_skill": 4,
    "melee_cut": 0,
    "melee_damage": [ { "amount": 1, "damage_type": "bash" }, { "amount": 1, "damage_type": "cut" } ],
    "armor_bash": 3,
    "dodge": 2,
    "special_attacks": [
      {
        "type": "spell",
        "spell_data": { "id": "mon_flesh_infect_target" },
        "cooldown": 22,
        "monster_message": "<color_magenta>%1$s engulfs %3$s with their flesh!</color>"
      }
    ],
    "harvest": "mammal_tiny",
    "death_function": [ "NORMAL" ],
    "flags": [ "SEES", "SMELLS", "HEARS", "WARM", "SWIMS", "ABSORBS" ]
  },
  {
    "id": "mon_sflesh_mink",
    "type": "MONSTER",
    "name": { "str": "mink" },
    "description": "The American mink, a partially aquatic weasel, once factory-farmed for its fur.  It is a capable fisher, but the presence of otters in these parts makes it rely more on food from the land.\nInfested by flesh, this once living creature no longer act as an animal, but a bloodthirsty fiend.",
    "default_faction": "secro_flesh",
    "bodytype": "dog",
    "species": [ "SFLESH", "ABERRATION" ],
    "volume": "800 ml",
    "weight": "800 g",
    "hp": 38,
    "speed": 130,
    "emit_fields": [ "emit_sflesh_fleshling_maybe", "emit_flesh_biome_immunity" ],
    "material": [ "flesh" ],
    "symbol": "m",
    "color": "dark_gray",
    "aggression": 100,
    "morale": 100,
    "melee_skill": 4,
    "melee_dice": 1,
    "melee_dice_sides": 4,
    "melee_cut": 2,
    "melee_damage": [ { "amount": 2, "damage_type": "cut" } ],
    "armor_bash": 3,
    "dodge": 6,
    "special_attacks": [
      {
        "type": "spell",
        "spell_data": { "id": "mon_flesh_infect_target" },
        "cooldown": 22,
        "monster_message": "<color_magenta>%1$s engulfs %3$s with their flesh!</color>"
      }
    ],
    "harvest": "mammal_tiny",
    "death_function": [ "NORMAL" ],
    "flags": [ "SEES", "HEARS", "SMELLS", "ABSORBS", "WARM", "KEENNOSE", "BLEED" ]
  },
  {
    "id": "mon_sflesh_muskrat",
    "type": "MONSTER",
    "name": { "str": "muskrat" },
    "description": "A large omnivorous rodent with a thick furry pelt, found in wetlands across the northern hemisphere.  It marks its territory with a musky odor for which it is named.\nInfested by flesh, this once living creature no longer act as an animal, but a bloodthirsty fiend.",
    "default_faction": "secro_flesh",
    "bodytype": "pig",
    "species": [ "SFLESH", "ABERRATION" ],
    "volume": "1362 ml",
    "weight": "1362 g",
    "hp": 13,
    "speed": 100,
    "emit_fields": [ "emit_sflesh_fleshling_maybe", "emit_flesh_biome_immunity" ],
    "material": [ "flesh" ],
    "symbol": "r",
    "color": "brown",
    "aggression": 100,
    "morale": 100,
    "melee_skill": 5,
    "melee_dice": 1,
    "melee_dice_sides": 6,
    "melee_cut": 2,
    "melee_damage": [ { "amount": 2, "damage_type": "cut" } ],
    "special_attacks": [
      {
        "type": "spell",
        "spell_data": { "id": "mon_flesh_infect_target" },
        "cooldown": 22,
        "monster_message": "<color_magenta>%1$s engulfs %3$s with their flesh!</color>"
      }
    ],
    "armor_bash": 3,
    "dodge": 2,
    "harvest": "mammal_tiny",
    "death_function": [ "NORMAL" ],
    "flags": [ "SEES", "SMELLS", "HEARS", "WARM", "SWIMS", "ABSORBS" ]
  },
  {
    "id": "mon_sflesh_nakedmolerat_giant",
    "type": "MONSTER",
    "name": { "str": "gigantic naked mole-rat" },
    "description": "A huge, rumbling mutated mass of wrinkly, nearly translucent skin that has been toughened by constant tunneling.  Its hide is riddled with giant scabs, as a pair of incisors the size of an industrial excavator's buckets gnash constantly and several car-length whiskers twitch in the air.  It regularly makes high-pitched chirps as it roams around.\nInfested by flesh, this once living creature no longer act as an animal, but a bloodthirsty fiend.",
    "default_faction": "secro_flesh",
    "bodytype": "pig",
    "species": [ "SFLESH", "ABERRATION" ],
    "diff": 2,
    "volume": "200000 ml",
    "weight": "200 kg",
    "hp": 150,
    "speed": 80,
    "emit_fields": [ "emit_sflesh_fleshling_maybe", "emit_flesh_biome_immunity" ],
    "material": [ "flesh" ],
    "symbol": "M",
    "color": "pink",
    "aggression": 100,
    "morale": 100,
    "melee_skill": 8,
    "melee_dice": 4,
    "melee_dice_sides": 6,
    "melee_cut": 10,
    "dodge": 1,
    "melee_damage": [ { "amount": 2, "damage_type": "cut" } ],
    "armor_bash": 8,
    "armor_cut": 2,
    "vision_day": 0,
    "vision_night": 0,
    "harvest": "mutant_mammal_large_leather",
    "special_attacks": [
      [ "SHRIEK_ALERT", 10 ],
      [ "SHRIEK_STUN", 1 ],
      { "type": "bite", "cooldown": 6 },
      [ "impale", 10 ],
      {
        "type": "spell",
        "spell_data": { "id": "mon_flesh_infect_target" },
        "cooldown": 22,
        "monster_message": "<color_magenta>%1$s engulfs %3$s with their flesh!</color>"
      }
    ],
    "death_function": [ "NORMAL" ],
    "regenerates": 10,
    "regen_morale": true,
    "flags": [ "ATTACKMON", "BLEED", "BORES", "CAN_DIG", "HEARS", "KEENNOSE", "SMELLS", "WARM" ]
  },
  {
    "id": "mon_sflesh_opossum",
    "type": "MONSTER",
    "name": { "str": "opossum" },
    "description": "The Virginia opossum, a small omnivorous marsupial native to North America.  About the size of a cat, it is hardy and adaptive, and a fairly common sight in urban areas.\nInfested by flesh, this once living creature no longer act as an animal, but a bloodthirsty fiend.",
    "default_faction": "secro_flesh",
    "bodytype": "pig",
    "species": [ "SFLESH", "ABERRATION" ],
    "volume": "3000 ml",
    "weight": "3 kg",
    "hp": 15,
    "speed": 110,
    "emit_fields": [ "emit_sflesh_fleshling_maybe", "emit_flesh_biome_immunity" ],
    "material": [ "flesh" ],
    "symbol": "p",
    "color": "white",
    "aggression": 100,
    "morale": 100,
    "melee_dice": 1,
    "melee_dice_sides": 4,
    "melee_cut": 1,
    "melee_damage": [ { "amount": 1, "damage_type": "bash" }, { "amount": 1, "damage_type": "cut" } ],
    "special_attacks": [
      {
        "type": "spell",
        "spell_data": { "id": "mon_flesh_infect_target" },
        "cooldown": 22,
        "monster_message": "<color_magenta>%1$s engulfs %3$s with their flesh!</color>"
      }
    ],
    "armor_bash": 3,
    "dodge": 2,
    "vision_night": 5,
    "harvest": "mammal_tiny",
    "death_function": [ "NORMAL" ],
    "flags": [ "SEES", "HEARS", "SMELLS", "ABSORBS", "WARM", "KEENNOSE", "BLEED" ]
  },
  {
    "id": "mon_sflesh_otter",
    "type": "MONSTER",
    "name": { "str": "otter" },
    "description": "The North American river otter is a shy water dwelling relative of the weasel, living in large families along the banks of streams.  It is an excellent fisher and a resourceful survivor, using the abandoned dens of beavers and other animals to raise its own young.\nInfested by flesh, this once living creature no longer act as an animal, but a bloodthirsty fiend.",
    "default_faction": "secro_flesh",
    "bodytype": "pig",
    "species": [ "SFLESH", "ABERRATION" ],
    "volume": "9000 ml",
    "weight": "9 kg",
    "hp": 15,
    "speed": 110,
    "emit_fields": [ "emit_sflesh_fleshling_maybe", "emit_flesh_biome_immunity" ],
    "material": [ "flesh" ],
    "symbol": "m",
    "color": "brown",
    "aggression": 100,
    "morale": 100,
    "melee_dice": 1,
    "melee_dice_sides": 4,
    "melee_cut": 2,
    "melee_damage": [ { "amount": 2, "damage_type": "cut" } ],
    "special_attacks": [
      {
        "type": "spell",
        "spell_data": { "id": "mon_flesh_infect_target" },
        "cooldown": 22,
        "monster_message": "<color_magenta>%1$s engulfs %3$s with their flesh!</color>"
      }
    ],
    "armor_bash": 3,
    "dodge": 4,
    "harvest": "mammal_small_fur",
    "death_function": [ "NORMAL" ],
    "flags": [ "SEES", "HEARS", "SMELLS", "ABSORBS", "SWIMS", "WARM" ]
  },
  {
    "id": "mon_sflesh_pig_piglet",
    "type": "MONSTER",
    "name": { "str": "piglet" },
    "description": "A domesticated omnivore descended from the wild boar, intelligent and inquisitive.  Left to its own devices, it has gone feral.  Unlike the fully grown version it can be tamed.\nInfested by flesh, this once living creature no longer act as an animal, but a bloodthirsty fiend.",
    "default_faction": "secro_flesh",
    "bodytype": "pig",
    "species": [ "SFLESH", "ABERRATION" ],
    "volume": "10000 ml",
    "weight": "10 kg",
    "hp": 6,
    "speed": 80,
    "emit_fields": [ "emit_sflesh_fleshling_maybe", "emit_flesh_biome_immunity" ],
    "material": [ "flesh" ],
    "symbol": "p",
    "color": "pink",
    "looks_like": "mon_pig",
    "aggression": 100,
    "morale": 100,
    "melee_skill": 1,
    "melee_dice": 1,
    "melee_dice_sides": 2,
    "melee_cut": 1,
    "melee_damage": [ { "amount": 1, "damage_type": "bash" }, { "amount": 1, "damage_type": "cut" } ],
    "armor_bash": 3,
    "dodge": 4,
    "harvest": "mammal_small_leather",
    "path_settings": { "max_dist": 10 },
    "death_function": [ "NORMAL" ],
    "special_attacks": [
      {
        "type": "spell",
        "spell_data": { "id": "mon_flesh_infect_target" },
        "cooldown": 22,
        "monster_message": "<color_magenta>%1$s engulfs %3$s with their flesh!</color>"
      }
    ],
    "flags": [ "SEES", "HEARS", "SMELLS", "ABSORBS", "WARM", "KEENNOSE", "BLEED" ]
  },
  {
    "id": "mon_sflesh_pig",
    "type": "MONSTER",
    "name": { "str": "pig" },
    "description": "A domesticated omnivore descended from the wild boar, intelligent and inquisitive.  Left to its own devices, it has gone feral.\nInfested by flesh, this once living creature no longer act as an animal, but a bloodthirsty fiend.",
    "default_faction": "secro_flesh",
    "bodytype": "pig",
    "species": [ "SFLESH", "ABERRATION" ],
    "volume": "200000 ml",
    "weight": "200 kg",
    "hp": 63,
    "speed": 100,
    "emit_fields": [ "emit_sflesh_fleshling_maybe", "emit_flesh_biome_immunity" ],
    "material": [ "flesh" ],
    "symbol": "p",
    "color": "pink",
    "aggression": 100,
    "morale": 100,
    "melee_skill": 4,
    "melee_dice": 1,
    "melee_dice_sides": 8,
    "melee_cut": 4,
    "melee_damage": [ { "amount": 2, "damage_type": "cut" } ],
    "armor_bash": 3,
    "dodge": 2,
    "harvest": "mammal_large_leather",
    "path_settings": { "max_dist": 10 },
    "death_function": [ "NORMAL" ],
    "special_attacks": [
      {
        "type": "spell",
        "spell_data": { "id": "mon_flesh_infect_target" },
        "cooldown": 22,
        "monster_message": "<color_magenta>%1$s engulfs %3$s with their flesh!</color>"
      }
    ],
    "flags": [ "SEES", "HEARS", "SMELLS", "ABSORBS", "WARM", "KEENNOSE", "BLEED" ]
  },
  {
    "id": "mon_sflesh_rabbit",
    "type": "MONSTER",
    "name": { "str": "rabbit" },
    "description": "A small mammal with a cute wiggling nose, cotton tail, and made of delicious flesh.\nInfested by flesh, this once living creature no longer act as an animal, but a bloodthirsty fiend.",
    "default_faction": "secro_flesh",
    "bodytype": "pig",
    "species": [ "SFLESH", "ABERRATION" ],
    "volume": "1600 ml",
    "weight": "1600 g",
    "hp": 10,
    "speed": 160,
    "emit_fields": [ "emit_sflesh_fleshling_maybe", "emit_flesh_biome_immunity" ],
    "material": [ "flesh" ],
    "symbol": "r",
    "color": "brown",
    "aggression": 100,
    "morale": 100,
    "melee_cut": 0,
    "melee_damage": [ { "amount": 1, "damage_type": "bash" }, { "amount": 1, "damage_type": "cut" } ],
    "armor_bash": 3,
    "dodge": 6,
    "special_attacks": [
      {
        "type": "spell",
        "spell_data": { "id": "mon_flesh_infect_target" },
        "cooldown": 22,
        "monster_message": "<color_magenta>%1$s engulfs %3$s with their flesh!</color>"
      }
    ],
    "harvest": "mammal_small_fur",
    "death_function": [ "NORMAL" ],
    "flags": [ "SEES", "HEARS", "SMELLS", "ABSORBS", "WARM" ]
  },
  {
    "id": "mon_sflesh_raccoon",
    "type": "MONSTER",
    "name": { "str": "raccoon" },
    "description": "A small mammal native to North America, distinctive for its dexterous paws and facial markings.  It is resourceful and agile enough to open sealed containers with its paws.\nInfested by flesh, this once living creature no longer act as an animal, but a bloodthirsty fiend.",
    "default_faction": "secro_flesh",
    "bodytype": "pig",
    "species": [ "SFLESH", "ABERRATION" ],
    "volume": "6000 ml",
    "weight": "6 kg",
    "hp": 18,
    "speed": 100,
    "emit_fields": [ "emit_sflesh_fleshling_maybe", "emit_flesh_biome_immunity" ],
    "material": [ "flesh" ],
    "symbol": "r",
    "color": "light_gray",
    "aggression": 100,
    "morale": 100,
    "melee_skill": 1,
    "melee_dice": 1,
    "melee_dice_sides": 4,
    "melee_cut": 1,
    "melee_damage": [ { "amount": 1, "damage_type": "bash" }, { "amount": 1, "damage_type": "cut" } ],
    "armor_bash": 3,
    "dodge": 3,
    "special_attacks": [
      {
        "type": "spell",
        "spell_data": { "id": "mon_flesh_infect_target" },
        "cooldown": 22,
        "monster_message": "<color_magenta>%1$s engulfs %3$s with their flesh!</color>"
      }
    ],
    "harvest": "mammal_tiny",
    "vision_night": 5,
    "death_function": [ "NORMAL" ],
    "flags": [ "SEES", "HEARS", "SMELLS", "ABSORBS", "WARM", "KEENNOSE", "BLEED" ]
  },
  {
    "id": "mon_sflesh_sheep_lamb",
    "type": "MONSTER",
    "name": { "str": "lamb" },
    "description": "A timid, hooved grazing mammal, and one of the first animals ever domesticated.  Its body is covered in a thick layer of wool, and the males have long, spiraling horns.\nInfested by flesh, this once living creature no longer act as an animal, but a bloodthirsty fiend.",
    "default_faction": "secro_flesh",
    "bodytype": "dog",
    "species": [ "SFLESH", "ABERRATION" ],
    "volume": "40750 ml",
    "weight": "40750 g",
    "hp": 25,
    "aggression": 100,
    "morale": 100,
    "speed": 90,
    "emit_fields": [ "emit_sflesh_fleshling_maybe", "emit_flesh_biome_immunity" ],
    "material": [ "flesh" ],
    "symbol": "s",
    "color": "white",
    "looks_like": "mon_sheep",
    "melee_skill": 1,
    "melee_dice": 1,
    "melee_dice_sides": 2,
    "melee_cut": 1,
    "melee_damage": [ { "amount": 1, "damage_type": "bash" }, { "amount": 1, "damage_type": "cut" } ],
    "armor_bash": 3,
    "special_attacks": [
      {
        "type": "spell",
        "spell_data": { "id": "mon_flesh_infect_target" },
        "cooldown": 22,
        "monster_message": "<color_magenta>%1$s engulfs %3$s with their flesh!</color>"
      }
    ],
    "dodge": 2,
    "harvest": "mammal_small_wool",
    "death_function": [ "NORMAL" ],
    "flags": [ "SEES", "HEARS", "SMELLS", "ABSORBS", "WARM" ]
  },
  {
    "id": "mon_sflesh_sheep",
    "type": "MONSTER",
    "name": { "str": "sheep", "str_pl": "sheep" },
    "description": "A timid, hooved grazing mammal, and one of the first animals ever domesticated.  Its body is covered in a thick layer of wool, and the males have long, spiralling horns.\nInfested by flesh, this once living creature no longer act as an animal, but a bloodthirsty fiend.",
    "default_faction": "secro_flesh",
    "bodytype": "dog",
    "species": [ "SFLESH", "ABERRATION" ],
    "volume": "81500 ml",
    "weight": "81500 g",
    "aggression": 100,
    "morale": 100,
    "hp": 113,
    "speed": 90,
    "emit_fields": [ "emit_sflesh_fleshling_maybe", "emit_flesh_biome_immunity" ],
    "material": [ "flesh" ],
    "symbol": "s",
    "color": "white",
    "melee_skill": 3,
    "melee_dice": 1,
    "melee_dice_sides": 6,
    "melee_cut": 2,
    "melee_damage": [ { "amount": 2, "damage_type": "cut" } ],
    "armor_bash": 3,
    "dodge": 2,
    "harvest": "mammal_large_wool",
    "death_function": [ "NORMAL" ],
    "special_attacks": [
      {
        "type": "spell",
        "spell_data": { "id": "mon_flesh_infect_target" },
        "cooldown": 22,
        "monster_message": "<color_magenta>%1$s engulfs %3$s with their flesh!</color>"
      }
    ],
    "flags": [ "SEES", "HEARS", "SMELLS", "ABSORBS", "WARM" ]
  },
  {
    "id": "mon_sflesh_squirrel",
    "type": "MONSTER",
    "name": { "str": "squirrel" },
    "description": "A small granivorous rodent with a long bushy tail, often seen darting amid the branches of trees.  A skittish varmint with an expression of unwavering austerity, it is the mortal enemy of cat and dog alike.\nInfested by flesh, this once living creature no longer act as an animal, but a bloodthirsty fiend.",
    "default_faction": "secro_flesh",
    "bodytype": "pig",
    "species": [ "SFLESH", "ABERRATION" ],
    "volume": "624 ml",
    "weight": "624 g",
    "hp": 8,
    "speed": 140,
    "emit_fields": [ "emit_sflesh_fleshling_maybe", "emit_flesh_biome_immunity" ],
    "material": [ "flesh" ],
    "symbol": "r",
    "color": "light_gray",
    "aggression": 100,
    "morale": 100,
    "melee_dice": 1,
    "melee_dice_sides": 1,
    "melee_cut": 0,
    "melee_damage": [ { "amount": 2, "damage_type": "bash" } ],
    "armor_bash": 3,
    "dodge": 4,
    "special_attacks": [
      {
        "type": "spell",
        "spell_data": { "id": "mon_flesh_infect_target" },
        "cooldown": 22,
        "monster_message": "<color_magenta>%1$s engulfs %3$s with their flesh!</color>"
      }
    ],
    "harvest": "mammal_tiny",
    "death_function": [ "NORMAL" ],
    "flags": [ "SEES", "HEARS", "SMELLS", "ABSORBS", "WARM" ]
  },
  {
    "id": "mon_sflesh_weasel",
    "type": "MONSTER",
    "name": { "str": "weasel" },
    "description": "The long-tailed weasel, a small but ubiquitous predator whose range extends across the continent.  It forms its den in small burrows, preferring to occupy the nesting holes of its prey.\nInfested by flesh, this once living creature no longer act as an animal, but a bloodthirsty fiend.",
    "bodytype": "pig",
    "default_faction": "secro_flesh",
    "species": [ "SFLESH", "ABERRATION" ],
    "volume": "150 ml",
    "weight": "151 g",
    "hp": 25,
    "speed": 110,
    "emit_fields": [ "emit_sflesh_fleshling_maybe", "emit_flesh_biome_immunity" ],
    "material": [ "flesh" ],
    "symbol": "m",
    "color": "brown",
    "aggression": 100,
    "morale": 100,
    "melee_dice": 1,
    "melee_dice_sides": 4,
    "melee_cut": 2,
    "melee_damage": [ { "amount": 2, "damage_type": "cut" } ],
    "armor_bash": 3,
    "dodge": 4,
    "special_attacks": [
      {
        "type": "spell",
        "spell_data": { "id": "mon_flesh_infect_target" },
        "cooldown": 22,
        "monster_message": "<color_magenta>%1$s engulfs %3$s with their flesh!</color>"
      }
    ],
    "vision_night": 5,
    "harvest": "mammal_tiny",
    "death_function": [ "NORMAL" ],
    "flags": [ "SEES", "HEARS", "SMELLS", "ABSORBS", "SWIMS", "WARM" ]
  },
  {
    "id": "mon_sflesh_wolf",
    "type": "MONSTER",
    "name": { "str": "wolf", "str_pl": "wolves" },
    "description": "A cunning pack predator, once extinct in the New England area, the wolf was successfully reintroduced and their numbers reached record highs in the decade before the Cataclysm.  Lucky you.\nInfested by flesh, this once living creature no longer act as an animal, but a bloodthirsty fiend.",
    "default_faction": "secro_flesh",
    "bodytype": "dog",
    "species": [ "SFLESH", "ABERRATION" ],
    "volume": "26625 ml",
    "weight": "26625 g",
    "hp": 50,
    "speed": 165,
    "emit_fields": [ "emit_sflesh_fleshling_maybe", "emit_flesh_biome_immunity" ],
    "material": [ "flesh" ],
    "symbol": "w",
    "color": "light_gray",
    "aggression": 100,
    "morale": 100,
    "melee_skill": 7,
    "melee_dice": 2,
    "melee_dice_sides": 3,
    "melee_cut": 4,
    "melee_damage": [ { "amount": 2, "damage_type": "cut" } ],
    "armor_bash": 4,
    "dodge": 4,
    "vision_night": 5,
    "harvest": "mammal_fur",
    "path_settings": { "max_dist": 10 },
    "death_function": [ "NORMAL" ],
    "special_attacks": [
      {
        "type": "spell",
        "spell_data": { "id": "mon_flesh_infect_target" },
        "cooldown": 22,
        "monster_message": "<color_magenta>%1$s engulfs %3$s with their flesh!</color>"
      }
    ],
    "flags": [ "SEES", "HEARS", "SMELLS", "ABSORBS", "WARM", "KEENNOSE", "BLEED" ]
  }
]
