[
  {
    "note": "Aggro-type zed. Shares similarities to the titan, but this type can go charging into its target in one turn and gain combat bonuses for doing so.",
    "id": "mon_zombie_charger",
    "type": "MONSTER",
    "name": "charger zombie",
    "description": "A rugged corpse with one of its arms mutated into an overgrown bulging muscle, while the opposite to its other arm.",
    "default_faction": "zombie",
    "species": [ "ZOMBIE", "SECROZED_1", "HUMAN" ],
    "volume": "92500 ml",
    "weight": 120000,
    "harvest": "zombie",
    "hp": 185,
    "speed": 85,
    "diff": 5,
    "material": [ "flesh" ],
    "symbol": "➡",
    "color": "light_green",
    "aggression": 100,
    "morale": 100,
    "attack_cost": 400,
    "attack_effs": [ { "id": "stunned", "duration": 1, "chance": 5 } ],
    "melee_skill": 4,
    "melee_dice": 2,
    "melee_dice_sides": 4,
    "melee_cut": 0,
    "armor_bash": 16,
    "armor_cut": 2,
    "special_attacks": [
      {
        "type": "spell",
        "spell_data": { "id": "mon_zombie_charger_charge_target_random" },
        "cooldown": 110,
        "monster_message": "<color_red>%1$s charges at %3$s!</color>"
      }
    ],
    "upgrades": { "half_life": 12, "into_group": "GROUP_CHARGER_UPGRADE" },
    "death_drops": "default_zombie_death_drops",
    "death_function": [ "NORMAL" ],
    "flags": [
      "SEES",
      "SMELLS",
      "HEARS",
      "WARM",
      "STUN_IMMUNE",
      "BASHES",
      "GROUP_BASH",
      "POISON",
      "NO_BREATHE",
      "REVIVES",
      "PUSH_MON",
      "FILTHY"
    ]
  },
  {
    "id": "mon_zombie_charger_spike",
    "type": "MONSTER",
    "name": "spiky charger zombie",
    "description": "A once stout zombie, now has been covered by protruding bone spikes under its skin, yet its thick, mutated arm is overwhelmed by the larger ones.",
    "default_faction": "zombie",
    "species": [ "ZOMBIE", "SECROZED_1", "HUMAN" ],
    "volume": "132500 ml",
    "weight": 173000,
    "harvest": "zombie",
    "hp": 235,
    "speed": 70,
    "diff": 20,
    "material": [ "flesh" ],
    "symbol": "➡",
    "color": "light_red",
    "aggression": 100,
    "morale": 100,
    "attack_cost": 350,
    "melee_skill": 6,
    "melee_dice": 2,
    "melee_dice_sides": 4,
    "melee_cut": 2,
    "armor_bash": 18,
    "armor_cut": 4,
    "armor_stab": 2,
    "special_attacks": [
      {
        "type": "spell",
        "spell_data": { "id": "mon_zombie_charger_spike_charge_target_random" },
        "cooldown": 125,
        "monster_message": "<color_red>%1$s charges at %3$s!</color>"
      }
    ],
    "death_drops": "default_zombie_death_drops",
    "death_function": [ "NORMAL" ],
    "flags": [
      "SEES",
      "SMELLS",
      "HEARS",
      "WARM",
      "STUN_IMMUNE",
      "BASHES",
      "BLEED",
      "GROUP_BASH",
      "POISON",
      "NO_BREATHE",
      "REVIVES",
      "PUSH_MON",
      "FILTHY"
    ]
  },
  {
    "id": "mon_zombie_charger_plate",
    "type": "MONSTER",
    "name": "plated charger zombie",
    "description": "A large corpse with its skin calcified into a layer, like a shell whose purpose is to protect the underlying extremeties. It has caused its movement to become stiff, and the grinding of its skin is barely heard.",
    "default_faction": "zombie",
    "species": [ "ZOMBIE", "SECROZED_1", "HUMAN" ],
    "volume": "140000 ml",
    "weight": 182000,
    "harvest": "zombie",
    "hp": 310,
    "speed": 55,
    "diff": 20,
    "material": [ "flesh" ],
    "attack_effs": [ { "id": "stunned", "duration": 1, "chance": 10 }, { "id": "downed", "duration": 1, "chance": 50 } ],
    "symbol": "➡",
    "color": "green",
    "aggression": 100,
    "morale": 100,
    "attack_cost": 500,
    "melee_skill": 6,
    "melee_dice": 4,
    "melee_dice_sides": 6,
    "melee_cut": 0,
    "armor_bash": 28,
    "armor_cut": 8,
    "armor_stab": 6,
    "special_attacks": [
      {
        "type": "spell",
        "spell_data": { "id": "mon_zombie_charger_plate_charge_target_random" },
        "cooldown": 125,
        "monster_message": "<color_red>%1$s charges at %3$s!</color>"
      }
    ],
    "death_drops": "default_zombie_death_drops",
    "death_function": [ "NORMAL" ],
    "flags": [
      "SEES",
      "SMELLS",
      "HEARS",
      "WARM",
      "STUN_IMMUNE",
      "BASHES",
      "GROUP_BASH",
      "POISON",
      "NO_BREATHE",
      "REVIVES",
      "PUSH_MON",
      "FILTHY"
    ]
  },
  {
    "id": "mon_zombie_charger_vanguard",
    "type": "MONSTER",
    "name": "vanguard",
    "description": "A corpse, heavily altered into a huge mass of distorted flesh, yet still retains the humanoid form. Rotten wounds lay open in its entire body, as its predominant arm has overgrown excessively from prolonged mutation.",
    "default_faction": "zombie",
    "species": [ "ZOMBIE", "SECROZED_3", "HUMAN" ],
    "volume": "875000 ml",
    "weight": 346500,
    "harvest": "zombie",
    "hp": 580,
    "speed": 50,
    "diff": 15,
    "material": [ "flesh" ],
    "symbol": "➪",
    "color": "magenta_red",
    "aggression": 100,
    "morale": 100,
    "attack_cost": 750,
    "attack_effs": [ { "id": "stunned", "duration": 1, "chance": 25 }, { "id": "downed", "duration": 1 } ],
    "melee_skill": 8,
    "melee_dice": 8,
    "melee_dice_sides": 6,
    "melee_cut": 0,
    "armor_bash": 40,
    "armor_cut": 10,
    "armor_stab": 5,
    "special_attacks": [
      {
        "type": "spell",
        "spell_data": { "id": "mon_zombie_charger_vanguard_charge_target_random" },
        "cooldown": 125,
        "monster_message": "<color_red>%1$s charges at %3$s!</color>"
      }
    ],
    "death_drops": "default_zombie_death_drops",
    "death_function": [ "NORMAL" ],
    "flags": [
      "SEES",
      "SMELLS",
      "HEARS",
      "WARM",
      "STUN_IMMUNE",
      "BASHES",
      "GROUP_BASH",
      "POISON",
      "NO_BREATHE",
      "REVIVES",
      "PUSH_MON",
      "PUSH_VEH",
      "FILTHY"
    ]
  }
]
