[
  {
    "aggression": 100,
    "armor_acid": 1,
    "armor_bash": 3,
    "armor_cut": 2,
    "armor_fire": 1,
    "attack_cost": 125,
    "color": "light_green",
    "death_drops": "default_zombie_death_drops",
    "death_function": [ "NORMAL" ],
    "default_faction": "zombie",
    "description": "A human body, distinct to its big, thick and morbidly deformed jaws, dribbling in black ooze.",
    "flags": [ "SEES", "HEARS", "SMELLS", "WARM", "BASHES", "POISON", "NO_BREATHE", "REVIVES", "FILTHY", "BONES" ],
    "harvest": "zombie",
    "hp": 70,
    "diff": 1,
    "id": "mon_zombie_mouth",
    "material": [ "flesh" ],
    "melee_cut": 3,
    "melee_dice": 1,
    "melee_dice_sides": 3,
    "melee_skill": 4,
    "morale": 100,
    "name": "mouthswell zombie",
    "special_attacks": [
      {
        "cooldown": 10,
        "damage_max_instance": [ { "amount": 8, "armor_multiplier": 0.7, "damage_type": "stab" } ],
        "type": "bite"
      }
    ],
    "species": [ "ZOMBIE", "SECROZED_1", "HUMAN" ],
    "speed": 100,
    "symbol": "<",
    "type": "MONSTER",
    "upgrades": { "half_life": 12, "into_group": "GROUP_MOUTH_UPGRADE" },
    "volume": "62500 ml",
    "weight": 81500
  },
  {
    "aggression": 100,
    "armor_acid": 1,
    "armor_bash": 7,
    "armor_cut": 3,
    "armor_fire": 1,
    "attack_cost": 150,
    "color": "light_green",
    "death_drops": "default_zombie_death_drops",
    "death_function": [ "NORMAL" ],
    "default_faction": "zombie",
    "description": "Unique to its gaping mouth on its ruptured belly, this corpse poses a great threat.",
    "flags": [ "SEES", "HEARS", "SMELLS", "WARM", "BASHES", "POISON", "NO_BREATHE", "REVIVES", "FILTHY", "BONES" ],
    "grab_strength": 2,
    "harvest": "zombie",
    "hp": 125,
    "diff": 5,
    "id": "mon_zombie_bellymouth",
    "material": [ "flesh" ],
    "melee_cut": 3,
    "melee_dice": 3,
    "melee_dice_sides": 4,
    "melee_skill": 4,
    "morale": 100,
    "name": "bellymouth zombie",
    "special_attacks": [
      {
        "cooldown": 3,
        "damage_max_instance": [
          { "amount": 4, "armor_multiplier": 0.4, "damage_type": "cut" },
          { "amount": 6, "armor_multiplier": 0.6, "damage_type": "stab" }
        ],
        "min_mul": 0.3,
        "type": "bite"
      }
    ],
    "species": [ "ZOMBIE", "SECROZED_1", "HUMAN" ],
    "speed": 90,
    "symbol": "⪕",
    "type": "MONSTER",
    "upgrades": { "half_life": 16, "into_group": "GROUP_MOUTH_UPGRADEX" },
    "volume": "62500 ml",
    "weight": 81500
  },
  {
    "aggression": 100,
    "armor_acid": 1,
    "armor_bash": 5,
    "armor_cut": 3,
    "armor_fire": 1,
    "attack_cost": 150,
    "color": "green",
    "death_drops": "default_zombie_death_drops",
    "death_function": [ "NORMAL" ],
    "default_faction": "zombie",
    "description": "Gruesome sharp teeth circulate its entire mouthface, \nbig enough to accomodate much space, \ntill the eyes sink without a trace.",
    "dodge": 1,
    "flags": [ "HEARS", "SMELLS", "WARM", "BASHES", "POISON", "NO_BREATHE", "REVIVES", "FILTHY", "BONES" ],
    "harvest": "zombie",
    "hp": 110,
    "diff": 5,
    "id": "mon_zombie_omouth",
    "material": [ "flesh" ],
    "melee_cut": 3,
    "melee_dice": 3,
    "melee_dice_sides": 3,
    "melee_skill": 4,
    "morale": 100,
    "name": "roundelmouth zombie",
    "special_attacks": [
      {
        "cooldown": 15,
        "damage_max_instance": [
          { "amount": 7, "armor_multiplier": 0.6, "damage_type": "bash" },
          { "amount": 7, "armor_multiplier": 0.6, "damage_type": "stab" }
        ],
        "effects": [ { "bp": "TORSO", "duration": 1000, "id": "grabbed" } ],
        "type": "bite"
      }
    ],
    "species": [ "ZOMBIE", "SECROZED_1", "HUMAN" ],
    "speed": 95,
    "symbol": "⪦",
    "type": "MONSTER",
    "upgrades": { "half_life": 16, "into_group": "GROUP_MOUTH_UPGRADEX" },
    "volume": "62500 ml",
    "weight": 81500
  },
  {
    "note": "Perfectly strong biter!",
    "aggression": 100,
    "armor_acid": 2,
    "armor_bash": 8,
    "armor_cut": 12,
    "armor_fire": 2,
    "attack_cost": 200,
    "color": "red_green",
    "death_drops": "default_zombie_death_drops",
    "death_function": [ "NORMAL" ],
    "default_faction": "zombie",
    "description": "A large, ravenous zed, prevailing an elongated mouth viciously altered similar to lamprey's. With its rough, thick skin developed to endure extreme physical impacts, it focuses on gnawing at its hapless target.",
    "dodge": 1,
    "flags": [ "HEARS", "KEENNOSE", "SMELLS", "WARM", "BASHES", "POISON", "NO_BREATHE", "REVIVES", "FILTHY", "BONES" ],
    "grab_strength": 4,
    "harvest": "zombie",
    "hp": 405,
    "diff": 15,
    "id": "mon_zombie_suctionmouth",
    "material": [ "flesh" ],
    "melee_cut": 3,
    "melee_dice": 3,
    "melee_dice_sides": 5,
    "melee_skill": 6,
    "morale": 100,
    "name": "sucker",
    "special_attacks": [
      {
        "cooldown": 30,
        "damage_max_instance": [
          { "amount": 20, "armor_multiplier": 0.2, "damage_type": "bash" },
          { "amount": 20, "armor_multiplier": 0.4, "damage_type": "cut" },
          { "amount": 20, "armor_multiplier": 0.6, "damage_type": "stab" }
        ],
        "effects": [ { "bp": "TORSO", "duration": 1000, "id": "grabbed" } ],
        "type": "bite"
      }
    ],
    "species": [ "ZOMBIE", "SECROZED_3", "HUMAN" ],
    "speed": 80,
    "symbol": "⪃",
    "type": "MONSTER",
    "volume": "92500 ml",
    "weight": 120000
  }
]
