[
  {
    "id": "mon_zombie_tendrils",
    "type": "MONSTER",
    "name": "tendril zombie",
    "description": "A human body with two twitching tentacles and stem-like outgrowths slit through the worn and tattered clothing.",
    "default_faction": "zombie",
    "species": [ "ZOMBIE", "SECROZED_1", "HUMAN" ],
    "volume": "62500 ml",
    "weight": 81500,
    "hp": 75,
    "diff": 1,
    "speed": 115,
    "material": [ "flesh" ],
    "symbol": "⨍",
    "color": "light_green",
    "aggression": 100,
    "morale": 100,
    "melee_skill": 4,
    "melee_dice": 2,
    "harvest": "zombie",
    "melee_dice_sides": 4,
    "melee_cut": 1,
    "grab_strength": 2,
    "dodge": 1,
    "melee_damage": [ { "damage_type": "bash", "amount": 2 } ],
    "vision_night": 5,
    "armor_bash": 3,
    "armor_cut": 1,
    "armor_acid": 1,
    "armor_fire": 1,
    "special_attacks": [
      { "type": "bite", "cooldown": 7, "armor_penetration": 10 },
      [ "tendrilgrip", 30 ],
      [ "tendrilslam", 30 ],
      [ "tendrilswing", 5 ]
    ],
    "death_drops": "default_zombie_death_drops",
    "death_function": [ "NORMAL" ],
    "upgrades": { "half_life": 12, "into_group": "GROUP_TENDRILS_UPGRADE" },
    "flags": [
      "SEES",
      "HEARS",
      "SMELLS",
      "STUMBLES",
      "WARM",
      "BASHES",
      "GROUP_BASH",
      "POISON",
      "NO_BREATHE",
      "FILTHY",
      "REVIVES",
      "BONES",
      "PUSH_MON"
    ]
  },
  {
    "id": "mon_zombie_thicktendrils",
    "type": "MONSTER",
    "name": "thick tendril zombie",
    "description": "An enlarged tentacle pairs touches the ground, seemingly for its weight is a nuisance to the corpse.",
    "default_faction": "zombie",
    "species": [ "ZOMBIE", "SECROZED_1", "HUMAN" ],
    "volume": "62500 ml",
    "weight": 81500,
    "hp": 130,
    "speed": 85,
    "diff": 5,
    "material": [ "flesh" ],
    "symbol": "⨎",
    "color": "green",
    "harvest": "zombie",
    "aggression": 100,
    "morale": 100,
    "melee_skill": 4,
    "melee_dice": 3,
    "melee_dice_sides": 5,
    "melee_cut": 1,
    "grab_strength": 3,
    "melee_damage": [ { "damage_type": "bash", "amount": 4 }, { "damage_type": "stab", "amount": 1 } ],
    "armor_bash": 8,
    "armor_cut": 4,
    "armor_acid": 3,
    "armor_fire": 2,
    "special_attacks": [
      { "type": "bite", "cooldown": 10, "armor_penetration": 16 },
      [ "tendrilswing", 12 ],
      [ "tendrilgrip", 20 ],
      [ "tendrilslam", 29 ]
    ],
    "death_drops": "default_zombie_death_drops",
    "death_function": [ "NORMAL" ],
    "upgrades": { "half_life": 16, "into_group": "GROUP_TENDRILS_UPGRADEX" },
    "flags": [
      "SEES",
      "HEARS",
      "SMELLS",
      "STUMBLES",
      "WARM",
      "BASHES",
      "GROUP_BASH",
      "POISON",
      "NO_BREATHE",
      "REVIVES",
      "FILTHY",
      "BONES",
      "PUSH_MON"
    ]
  },
  {
    "id": "mon_zombie_tendricles",
    "type": "MONSTER",
    "name": "tendricle zombie",
    "description": "Raging long tentacles cover this corpse's rotten skin, with its shorter tendril pairs tipped with sharp bone.",
    "default_faction": "zombie",
    "species": [ "ZOMBIE", "SECROZED_1", "HUMAN" ],
    "volume": "62500 ml",
    "weight": 81500,
    "hp": 105,
    "speed": 105,
    "diff": 5,
    "material": [ "flesh" ],
    "symbol": "⨏",
    "color": "light_gray",
    "aggression": 100,
    "morale": 100,
    "harvest": "zombie",
    "melee_skill": 6,
    "melee_dice": 2,
    "melee_dice_sides": 4,
    "melee_cut": 2,
    "dodge": 1,
    "grab_strength": 4,
    "melee_damage": [ { "damage_type": "bash", "amount": 1 }, { "damage_type": "stab", "amount": 3 } ],
    "armor_bash": 6,
    "armor_cut": 3,
    "armor_acid": 1,
    "armor_fire": 1,
    "special_attacks": [
      { "type": "bite", "cooldown": 6, "armor_penetration": 10 },
      [ "tendrilswing", 4 ],
      [ "tendrilslam", 22 ],
      [ "tendrilgrip", 15 ],
      [ "tendrilstab", 32 ],
      [ "GRAB_DRAG", 10 ]
    ],
    "death_drops": "default_zombie_death_drops",
    "death_function": [ "NORMAL" ],
    "upgrades": { "half_life": 16, "into_group": "GROUP_TENDRILS_UPGRADEX" },
    "flags": [
      "SEES",
      "HEARS",
      "SMELLS",
      "STUMBLES",
      "WARM",
      "BASHES",
      "GROUP_BASH",
      "POISON",
      "NO_BREATHE",
      "REVIVES",
      "BONES",
      "FILTHY",
      "PUSH_MON"
    ]
  },
  {
    "id": "mon_zombie_tentawraith",
    "type": "MONSTER",
    "name": "wraith",
    "description": "Dreadful outgrowths of savage tentacles accompanies this corpse's crimson body, thrashing anything in its path as it moves aimlessly. Within a closer look, one of its arm pulsates that burdens the body, dragging the heavily mutated portion into the ground.",
    "default_faction": "zombie",
    "species": [ "ZOMBIE", "SECROZED_3", "HUMAN" ],
    "volume": "92500 ml",
    "weight": 120000,
    "hp": 465,
    "speed": 90,
    "diff": 15,
    "material": [ "flesh" ],
    "symbol": "⨘",
    "color": "red",
    "aggression": 100,
    "morale": 100,
    "melee_skill": 8,
    "melee_dice": 4,
    "harvest": "zombie",
    "melee_dice_sides": 6,
    "melee_cut": 4,
    "dodge": 2,
    "grab_strength": 6,
    "melee_damage": [ { "damage_type": "bash", "amount": 4 }, { "damage_type": "cut", "amount": 3 } ],
    "vision_night": 5,
    "armor_bash": 11,
    "armor_cut": 9,
    "armor_acid": 4,
    "armor_fire": 2,
    "special_attacks": [
      {
        "type": "spell",
        "spell_data": { "id": "mon_zombie_tentawraith_outburst" },
        "cooldown": 52,
        "monster_message": "<color_yellow>%1$s strikes the ground then ruptures a vast amount of thick tentacles under %3$s!</color>\n<color_red>Tendrils burst out of the ground!</color>"
      },
      { "type": "bite", "cooldown": 7, "armor_penetration": 12 },
      [ "STRETCH_ATTACK", 40 ],
      [ "tendrilgrip", 11 ],
      [ "tendrilslam", 22 ],
      [ "tendrilstab", 22 ],
      [ "tendrilswing", 3 ]
    ],
    "death_drops": "default_zombie_death_drops",
    "flags": [
      "SEES",
      "HEARS",
      "SMELLS",
      "STUMBLES",
      "WARM",
      "BASHES",
      "GROUP_BASH",
      "POISON",
      "NO_BREATHE",
      "REVIVES",
      "BONES",
      "FILTHY",
      "PUSH_MON",
      "ATTACKMON"
    ]
  },
  {
    "id": "mon_zombie_tentawraith_tent",
    "type": "MONSTER",
    "name": "tentacle",
    "description": "A fleshy tentacle, writhing violently in its surroundings. Immobile and short-lived, it stretches to strike from afar.",
    "default_faction": "zombie",
    "species": [ "ZOMBIE" ],
    "volume": "30000 ml",
    "weight": 40750,
    "hp": 35,
    "speed": 110,
    "diff": 1,
    "material": [ "flesh" ],
    "symbol": "?",
    "color": "red",
    "aggression": 100,
    "morale": 100,
    "melee_skill": 4,
    "melee_dice": 0,
    "harvest": "zombie",
    "melee_dice_sides": 4,
    "melee_cut": 4,
    "dodge": 1,
    "melee_damage": [ { "damage_type": "bash", "amount": 2 }, { "damage_type": "stab", "amount": 5 } ],
    "vision_night": 10,
    "armor_bash": 6,
    "armor_cut": 4,
    "armor_acid": 4,
    "armor_fire": 2,
    "special_attacks": [
      [ "STRETCH_ATTACK", 12 ],
      {
        "type": "spell",
        "spell_data": { "id": "mon_zombie_tentawraith_tent_pmis" },
        "cooldown": 23,
        "monster_message": "<color_yellow>%1$s sweeps its tendril at %3$s!</color>"
      }
    ],
    "death_function": [ "MELT" ],
    "flags": [ "IMMOBILE", "SEES", "HEARS", "SMELLS", "WARM", "POISON", "NO_BREATHE" ]
  }
]
